name,state,county,white,black,american_indian,eskimo,aleut,japanese,chinese,filipino,korean,asian_indian,vietnamese,hawaiian,guamanian,samoan,other
"ACCOMACK COUNTY",51,001,19753,11401,42,1,0,8,5,16,0,3,0,6,3,3,27
"ALBEMARLE COUNTY",51,003,48917,6183,38,2,1,57,170,30,119,92,29,0,3,4,138
"ALEXANDRIA CITY",51,510,74726,23006,262,1,6,197,560,409,651,473,535,18,34,11,2328
"ALLEGHANY COUNTY",51,005,13923,356,12,0,0,2,4,6,0,8,1,0,3,0,18
"AMELIA COUNTY",51,007,5144,3215,4,0,0,5,1,0,0,15,1,0,0,0,20
"AMHERST COUNTY",51,009,22925,5963,157,0,0,7,9,14,4,10,1,2,1,0,29
"APPOMATTOX COUNTY",51,011,9167,2778,9,1,0,3,1,0,0,1,0,1,3,0,7
"ARLINGTON COUNTY",51,013,126121,14028,368,12,4,457,1033,788,1004,1231,2027,31,17,43,5435
"AUGUSTA COUNTY",51,015,51478,2031,34,1,0,14,21,9,12,17,55,2,1,0,57
"BATH COUNTY",51,017,5284,553,1,0,0,0,0,6,1,2,0,1,0,0,12
"BEDFORD CITY",51,515,4810,1159,2,0,0,0,1,0,4,0,0,0,0,0,15
"BEDFORD COUNTY",51,019,30867,3971,10,0,0,7,16,14,4,15,0,1,0,0,22
"BLAND COUNTY",51,021,6131,198,9,1,0,1,0,0,0,0,0,0,0,0,9
"BOTETOURT COUNTY",51,023,22093,1124,13,0,0,3,0,1,5,10,0,2,0,0,19
"BRISTOL CITY",51,520,17803,1122,22,0,0,4,14,4,12,14,2,3,4,0,38
"BRUNSWICK COUNTY",51,025,6631,8972,4,0,0,2,0,0,0,6,0,1,0,0,16
"BUCHANAN COUNTY",51,027,37839,21,14,1,0,1,0,14,2,24,2,0,0,0,71
"BUCKINGHAM COUNTY",51,029,6749,4979,2,0,0,2,0,9,5,0,0,0,0,0,5
"BUENA VISTA CITY",51,530,6439,265,1,0,0,2,0,0,2,1,1,0,0,0,6
"CAMPBELL COUNTY",51,031,38313,6861,27,1,1,9,47,10,15,67,17,2,0,0,54
"CAROLINE COUNTY",51,033,9917,7693,190,0,1,2,5,3,11,5,3,7,3,0,64
"CARROLL COUNTY",51,035,27126,94,9,0,1,6,0,3,0,3,0,0,0,0,28
"CHARLES CITY COUNTY",51,036,1397,4726,552,0,0,2,0,0,0,0,0,1,0,0,14
"CHARLOTTE COUNTY",51,037,7516,4737,5,0,0,2,0,0,1,2,0,1,0,0,2
"CHARLOTTESVILLE CITY",51,540,32131,7229,19,1,6,45,80,47,14,94,95,2,2,0,151
"CHESAPEAKE CITY",51,550,81351,31600,244,2,2,59,91,610,39,43,66,25,22,3,329
"CHESTERFIELD COUNTY",51,041,125841,13910,249,2,0,64,197,148,266,264,134,14,2,5,276
"CLARKE COUNTY",51,043,8787,1144,6,0,0,2,0,13,2,4,0,1,0,0,6
"CLIFTON FORGE CITY",51,560,4224,797,9,0,0,0,0,6,1,2,0,0,0,0,7
"COLONIAL HEIGHTS CITY",51,570,16169,52,19,0,0,31,46,15,46,65,13,4,0,1,48
"COVINGTON CITY",51,580,7824,1209,6,0,0,0,1,4,2,8,5,0,0,0,4
"CRAIG COUNTY",51,045,3938,8,0,0,0,0,0,0,0,0,0,0,0,0,2
"CULPEPER COUNTY",51,047,17834,4653,48,0,0,4,13,4,3,14,11,2,0,0,34
"CUMBERLAND COUNTY",51,049,4466,3393,4,0,0,0,0,2,1,0,0,2,0,0,13
"DANVILLE CITY",51,590,31846,13573,37,0,0,16,27,55,9,18,2,5,0,0,54
"DICKENSON COUNTY",51,051,19673,94,3,1,0,6,0,2,2,3,3,0,1,0,18
"DINWIDDIE COUNTY",51,053,12867,9653,15,0,1,13,6,8,4,13,2,1,1,0,18
"EMPORIA CITY",51,595,2874,1953,2,0,0,0,0,3,2,0,0,0,0,0,6
"ESSEX COUNTY",51,057,5224,3543,35,0,0,1,1,33,3,2,0,2,1,0,19
"FAIRFAX CITY",51,600,18099,585,43,5,1,35,83,43,145,81,88,2,1,1,178
"FAIRFAX COUNTY",51,059,529325,34994,1195,20,20,1710,3479,2918,6660,3456,4240,139,86,37,8622
"FALLS CHURCH CITY",51,610,8846,223,10,0,0,25,62,53,43,32,63,3,1,0,154
"FAUQUIER COUNTY",51,061,29994,5635,43,0,0,21,20,15,24,14,12,5,3,8,95
"FLOYD COUNTY",51,063,11152,384,6,0,0,2,0,1,3,2,0,0,0,0,13
"FLUVANNA COUNTY",51,065,7204,3013,12,0,0,2,0,3,1,1,0,0,0,0,8
"FRANKLIN CITY",51,620,3246,4045,3,2,0,1,0,8,0,0,0,0,0,0,3
"FRANKLIN COUNTY",51,067,31350,4324,19,0,0,4,5,2,6,2,4,0,1,0,23
"FREDERICK COUNTY",51,069,33559,484,18,0,0,7,18,4,9,25,0,3,0,1,22
"FREDERICKSBURG CITY",51,630,12089,3104,28,1,1,6,9,3,13,11,14,1,0,0,42
"GALAX CITY",51,640,6197,307,11,0,0,3,0,0,1,1,0,0,0,0,4
"GILES COUNTY",51,071,17400,354,5,0,0,0,0,18,2,6,11,3,0,0,11
"GLOUCESTER COUNTY",51,073,16888,3088,17,0,1,3,17,8,2,3,5,3,1,0,71
"GOOCHLAND COUNTY",51,075,7455,4275,6,0,0,3,7,4,0,1,0,0,0,0,10
"GRAYSON COUNTY",51,077,16002,550,10,0,0,5,0,0,3,2,0,0,0,0,7
"GREENE COUNTY",51,079,7023,576,5,0,0,5,0,3,1,1,0,0,0,0,11
"GREENSVILLE COUNTY",51,081,4697,6175,3,0,0,0,0,3,0,13,1,5,0,0,6
"HALIFAX COUNTY",51,083,18220,12268,50,0,1,10,0,7,0,6,0,1,0,0,36
"HAMPTON CITY",51,650,78338,42072,238,1,2,175,156,263,274,118,167,52,14,4,743
"HANOVER COUNTY",51,085,43615,6558,60,2,1,16,18,14,3,22,20,1,0,0,68
"HARRISONBURG CITY",51,660,18622,874,13,0,0,16,23,17,10,20,38,3,2,0,33
"HENRICO COUNTY",51,087,151187,27096,426,8,2,70,341,141,212,249,433,17,3,2,548
"HENRY COUNTY",51,089,44068,13478,25,0,0,5,5,3,8,10,0,1,0,0,51
"HIGHLAND COUNTY",51,091,2919,6,3,0,0,0,0,1,0,2,0,0,3,0,3
"HOPEWELL CITY",51,670,18427,4661,31,0,0,16,6,23,72,11,17,2,14,1,116
"ISLE OF WIGHT COUNTY",51,093,12653,8875,28,0,0,5,1,1,2,2,0,3,0,0,33
"JAMES CITY COUNTY",51,095,16035,6439,45,3,1,14,15,39,73,14,9,1,5,0,70
"KING AND QUEEN COUNTY",51,097,3152,2764,44,0,0,1,0,0,1,3,0,0,0,0,3
"KING GEORGE COUNTY",51,099,8044,2385,11,2,0,7,5,27,16,3,10,0,0,1,32
"KING WILLIAM COUNTY",51,101,5866,3219,210,0,0,0,7,5,1,0,13,0,0,0,13
"LANCASTER COUNTY",51,103,6740,3360,9,0,0,1,0,4,0,6,0,3,0,0,6
"LEE COUNTY",51,105,25804,89,44,0,0,0,0,0,5,9,2,1,0,0,2
"LEXINGTON CITY",51,678,6322,896,4,0,0,3,8,5,7,6,8,2,0,0,31
"LOUDOUN COUNTY",51,107,51529,5018,90,4,0,47,109,52,64,97,55,6,0,0,356
"LOUISA COUNTY",51,109,11959,5801,16,0,0,2,1,2,0,5,0,0,0,0,39
"LUNENBURG COUNTY",51,111,7329,4764,6,2,0,2,0,0,0,1,2,2,0,0,16
"LYNCHBURG CITY",51,680,50354,15807,43,2,2,22,72,44,44,83,90,1,0,1,178
"MADISON COUNTY",51,113,8368,1831,7,0,0,1,0,1,3,1,0,0,0,1,19
"MANASSAS CITY",51,683,13736,1403,21,1,0,11,30,7,29,42,52,3,0,0,103
"MANASSAS PARK CITY",51,685,6138,286,17,0,0,5,0,5,5,6,5,1,0,0,56
"MARTINSVILLE CITY",51,690,12351,5728,1,0,0,3,18,4,3,1,24,1,0,0,15
"MATHEWS COUNTY",51,115,6551,1432,1,0,0,4,0,0,1,0,0,0,0,0,6
"MECKLENBURG COUNTY",51,117,17522,11867,6,0,0,3,3,10,0,6,3,3,0,0,21
"MIDDLESEX COUNTY",51,119,5455,2244,4,0,0,1,0,1,0,1,0,0,0,0,13
"MONTGOMERY COUNTY",51,121,60540,1897,69,2,2,49,287,36,91,152,92,2,0,2,295
"NELSON COUNTY",51,125,9261,2916,7,1,0,0,2,0,2,0,0,2,0,0,13
"NEW KENT COUNTY",51,127,6379,2287,83,0,0,1,2,0,0,1,0,1,0,0,27
"NEWPORT NEWS CITY",51,700,95941,45584,312,10,1,265,164,308,716,108,216,50,56,23,1149
"NORFOLK CITY",51,710,162300,93987,850,27,8,309,418,5714,138,163,206,95,69,37,2658
"NORTHAMPTON COUNTY",51,131,7267,7289,9,0,0,4,0,6,2,0,3,1,0,0,44
"NORTHUMBERLAND COUNTY",51,133,6506,3306,6,0,0,2,0,1,0,1,0,2,0,0,4
"NORTON CITY",51,720,4469,249,1,0,0,0,0,20,0,5,0,0,0,0,13
"NOTTOWAY COUNTY",51,135,8900,5725,6,0,0,3,0,3,4,6,2,4,0,0,13
"ORANGE COUNTY",51,137,14775,3235,11,2,0,8,1,1,9,4,4,1,0,0,12
"PAGE COUNTY",51,139,18833,499,9,1,0,2,23,5,2,6,2,2,0,0,17
"PATRICK COUNTY",51,141,16238,1344,4,2,0,1,2,19,10,5,0,5,0,0,17
"PETERSBURG CITY",51,730,15437,25080,45,0,0,41,34,53,90,44,38,6,2,1,184
"PITTSYLVANIA COUNTY",51,143,46052,19988,25,0,0,12,0,17,6,13,1,4,0,0,29
"POQUOSON CITY",51,735,8623,25,8,0,0,12,15,1,9,14,0,1,1,0,17
"PORTSMOUTH CITY",51,740,56190,47185,172,1,0,51,88,455,29,35,35,18,4,3,311
"POWHATAN COUNTY",51,145,9709,3320,9,0,0,2,0,2,5,1,0,1,0,0,13
"PRINCE EDWARD COUNTY",51,147,10194,6169,9,0,0,5,12,11,3,7,2,4,0,0,40
"PRINCE GEORGE COUNTY",51,149,16965,7481,74,1,1,64,37,81,195,23,28,15,31,10,727
"PRINCE WILLIAM COUNTY",51,153,128947,11918,353,4,1,326,312,556,378,168,230,71,32,7,1400
"PULASKI COUNTY",51,155,33211,1867,52,1,0,12,21,2,16,7,4,2,0,0,34
"RADFORD CITY",51,750,12250,860,8,1,1,5,16,10,5,19,2,0,0,1,47
"RAPPAHANNOCK COUNTY",51,157,5388,689,0,0,0,0,2,2,3,1,1,0,0,0,7
"RICHMOND CITY",51,760,104743,112357,352,3,2,75,264,81,146,139,226,34,2,9,781
"RICHMOND COUNTY",51,159,4720,2218,2,0,0,0,0,2,0,0,0,1,0,0,9
"ROANOKE CITY",51,770,77494,22040,73,0,0,24,44,90,33,41,62,14,2,2,301
"ROANOKE COUNTY",51,161,70877,1685,35,1,0,16,27,62,46,82,16,0,0,1,97
"ROCKBRIDGE COUNTY",51,163,17294,581,10,0,0,0,4,0,2,9,1,0,0,0,10
"ROCKINGHAM COUNTY",51,165,55976,788,33,0,0,30,23,10,15,7,54,2,3,0,97
"RUSSELL COUNTY",51,167,31412,300,28,0,0,1,1,0,2,5,1,0,4,0,7
"SALEM CITY",51,775,22770,1063,24,0,0,3,20,8,24,14,4,1,0,0,27
"SCOTT COUNTY",51,169,24887,157,14,0,0,1,0,1,1,2,0,0,0,0,5
"SHENANDOAH COUNTY",51,171,27103,374,32,0,1,13,4,2,6,1,1,0,0,0,22
"SMYTH COUNTY",51,173,32669,594,22,0,0,5,0,29,0,13,11,0,0,0,23
"SOUTH BOSTON CITY",51,780,4479,2562,5,0,0,7,0,14,9,6,3,0,0,0,8
"SOUTHAMPTON COUNTY",51,175,9667,8999,18,0,0,3,5,10,0,2,0,2,2,0,23
"SPOTSYLVANIA COUNTY",51,177,29013,5082,64,1,1,24,9,75,67,7,9,2,2,3,76
"STAFFORD COUNTY",51,179,37115,2905,91,0,0,47,20,32,60,5,26,12,6,0,151
"STAUNTON CITY",51,790,19295,2461,26,0,0,3,8,13,8,12,2,1,1,0,27
"SUFFOLK CITY",51,800,24735,22682,57,0,0,8,21,28,12,30,1,7,1,1,38
"SURRY COUNTY",51,181,2264,3779,1,0,0,0,0,0,0,0,0,1,0,0,1
"SUSSEX COUNTY",51,183,4233,6635,1,0,0,1,0,0,0,3,0,1,0,0,0
"TAZEWELL COUNTY",51,185,48990,1304,39,0,0,10,13,56,10,36,2,0,0,0,51
"VIRGINIA BEACH CITY",51,810,226788,26291,606,14,13,334,412,4878,271,239,234,87,72,43,1917
"WARREN COUNTY",51,187,19887,1189,21,2,0,6,16,7,2,6,2,17,0,0,45
"WASHINGTON COUNTY",51,191,45555,798,19,0,0,7,13,8,9,12,15,1,4,0,46
"WAYNESBORO CITY",51,820,13964,1294,12,0,0,3,14,4,3,7,4,2,0,0,22
"WESTMORELAND COUNTY",51,193,8646,5335,14,0,0,8,4,6,8,5,0,5,0,0,10
"WILLIAMSBURG CITY",51,830,8624,1031,10,2,0,28,44,20,16,21,4,2,0,0,68
"WINCHESTER CITY",51,840,18262,1795,13,0,0,9,17,3,30,9,29,2,0,0,48
"WISE COUNTY",51,195,42836,857,38,0,0,6,3,19,7,62,0,2,0,0,33
"WYTHE COUNTY",51,197,24541,910,11,0,0,3,10,7,8,1,14,1,0,0,16
"YORK COUNTY",51,199,28636,6118,48,0,1,52,61,85,50,20,22,14,6,0,350
