name,state,county,under_1,1_2,3_4,5,6,7_9,10_13,14,15,16,17,18,19,20,21,22_24,25_29,30_34,35_44,45_54,55_59,60_61,62_64,65_74,75_84,85_over
"ACCOMACK COUNTY",51,001,418,809,819,416,397,1311,1949,541,580,571,543,492,475,463,462,1367,2185,1889,3156,3458,1917,741,1099,3100,1602,508
"ALBEMARLE COUNTY",51,003,780,1334,1256,607,625,2009,3117,916,955,952,993,2227,2250,1541,1404,4155,5865,4602,6575,5072,2345,754,1039,2796,1254,360
"ALEXANDRIA CITY",51,510,1389,2154,1943,940,879,2956,4033,1079,1118,1191,1256,1176,1313,1511,1709,8075,14975,12867,13159,10136,5540,1944,2409,5743,2763,959
"ALLEGHANY COUNTY",51,005,189,388,386,216,181,729,1070,267,307,321,265,250,224,205,190,613,1060,1130,1916,1498,740,287,383,1006,432,80
"AMELIA COUNTY",51,007,105,238,238,129,112,399,557,147,175,199,167,143,154,168,119,382,588,619,1044,865,414,151,242,644,330,76
"AMHERST COUNTY",51,009,420,729,692,412,376,1324,1910,476,552,534,521,632,664,584,544,1495,2447,2395,3706,3062,1377,524,718,1927,885,216
"APPOMATTOX COUNTY",51,011,171,333,327,185,164,642,742,226,272,248,239,186,180,177,203,564,821,852,1524,1241,616,259,321,919,466,93
"ARLINGTON COUNTY",51,013,1783,2760,2346,1153,1125,3923,5593,1388,1502,1660,1736,1720,2150,2558,2781,12018,20757,17276,19269,14636,8751,3307,4725,11511,4895,1276
"AUGUSTA COUNTY",51,015,711,1375,1301,714,757,2507,3508,892,1019,1116,1072,984,925,871,787,2602,4320,4343,7118,5872,2735,950,1393,3771,1630,459
"BATH COUNTY",51,017,63,146,128,63,70,261,380,94,101,103,106,108,85,87,85,301,443,457,769,664,287,96,170,491,258,44
"BEDFORD CITY",51,515,75,135,142,70,46,192,283,84,86,93,101,78,82,86,86,288,434,350,575,598,329,153,214,728,466,217
"BEDFORD COUNTY",51,019,528,933,913,524,470,1689,2325,574,676,662,677,523,544,476,447,1574,2891,2964,4498,3668,1731,694,956,2599,1102,289
"BLAND COUNTY",51,021,74,152,163,76,91,287,400,107,96,105,114,94,89,99,88,365,625,555,739,683,309,121,156,479,230,52
"BOTETOURT COUNTY",51,023,284,615,534,320,342,1139,1557,423,449,468,445,371,314,341,331,954,1697,2061,3148,2728,1253,470,587,1536,730,173
"BRISTOL CITY",51,520,226,425,388,219,203,786,1137,309,311,340,363,354,400,399,357,915,1311,1326,2067,2119,1233,408,617,1714,906,209
"BRUNSWICK COUNTY",51,025,236,409,400,229,224,750,1030,276,320,287,357,327,394,360,290,755,1134,986,1488,1678,870,354,514,1315,503,146
"BUCHANAN COUNTY",51,027,650,1389,1343,634,703,2268,2971,757,836,820,837,769,723,763,702,2168,3267,3096,4707,3437,1386,541,656,1730,687,149
"BUCKINGHAM COUNTY",51,029,192,287,277,165,165,570,895,227,280,246,258,231,185,195,177,536,830,814,1224,1157,610,249,352,1045,466,118
"BUENA VISTA CITY",51,530,86,168,170,104,103,304,467,128,121,141,112,171,169,141,105,276,488,514,808,738,351,127,195,482,201,47
"CAMPBELL COUNTY",51,031,673,1203,1314,706,677,2397,3224,855,906,904,916,793,738,773,704,2279,3609,3771,6149,4896,2210,793,980,2555,1105,294
"CAROLINE COUNTY",51,033,303,524,512,264,243,945,1331,367,377,378,340,342,303,325,321,948,1405,1336,2094,1790,901,335,440,1145,517,118
"CARROLL COUNTY",51,035,327,651,676,402,356,1235,1811,472,490,497,520,433,384,357,367,1215,2166,1933,3234,3186,1456,581,795,2279,1194,253
"CHARLES CITY COUNTY",51,036,101,209,174,94,91,312,508,117,164,177,154,172,138,118,150,345,570,523,769,718,298,99,129,372,137,53
"CHARLOTTE COUNTY",51,037,161,336,317,164,163,628,913,243,230,236,268,222,209,193,178,525,818,729,1293,1371,726,287,377,1012,535,132
"CHARLOTTESVILLE CITY",51,540,493,851,785,369,351,1153,1688,454,457,511,524,551,1438,2082,2278,3988,4383,3002,3495,3227,1747,625,917,2669,1385,493
"CHESAPEAKE CITY",51,550,1835,3718,3636,1793,1723,6029,8312,2162,2389,2445,2517,2089,2032,2044,2047,6126,9632,9534,14946,11625,5602,1890,2272,5299,2166,623
"CHESTERFIELD COUNTY",51,041,2165,4257,4262,2329,2181,8145,11003,2626,2811,2874,2801,2611,2612,2415,2141,6582,12763,15280,21527,14138,5525,1732,2078,4366,1680,468
"CLARKE COUNTY",51,043,136,218,239,121,108,440,716,177,176,192,165,120,151,109,118,403,807,820,1208,1152,508,245,287,813,414,122
"CLIFTON FORGE CITY",51,560,62,133,111,56,67,175,268,90,90,85,84,86,75,66,74,206,325,287,490,542,302,111,172,556,387,146
"COLONIAL HEIGHTS CITY",51,570,175,340,358,212,197,808,1057,289,339,350,312,316,292,254,261,740,1024,1349,2198,2152,1132,396,465,921,449,123
"COVINGTON CITY",51,580,120,190,183,100,92,363,562,144,141,175,151,148,160,141,128,448,651,606,891,943,565,219,337,1069,436,100
"CRAIG COUNTY",51,045,44,94,102,39,62,187,219,84,68,78,64,65,63,52,56,182,324,309,479,440,218,82,128,311,157,41
"CULPEPER COUNTY",51,047,338,651,617,328,319,1078,1576,440,449,451,413,343,351,341,359,1053,1737,1777,2694,2282,1093,453,586,1715,879,297
"CUMBERLAND COUNTY",51,049,109,199,214,109,132,406,639,189,188,168,194,122,125,110,125,305,486,553,913,740,419,147,217,654,355,63
"DANVILLE CITY",51,590,523,1074,1036,510,561,1839,2492,711,741,768,783,746,774,807,793,2394,3436,3180,4591,5211,3001,1118,1525,4215,2239,574
"DICKENSON COUNTY",51,051,331,660,657,333,343,1123,1435,364,424,448,397,351,317,316,335,1075,1643,1470,2306,1907,873,334,504,1205,527,128
"DINWIDDIE COUNTY",51,053,263,497,493,287,261,991,1616,466,562,560,523,486,422,366,432,1140,1678,1704,2916,2300,1225,406,542,1552,724,190
"EMPORIA CITY",51,595,68,115,118,53,66,205,280,76,76,107,79,73,59,69,68,227,329,273,461,483,312,153,188,515,288,99
"ESSEX COUNTY",51,057,126,224,218,95,79,418,609,170,189,167,186,150,139,124,127,374,687,636,959,915,430,181,278,845,390,148
"FAIRFAX CITY",51,600,232,484,413,233,209,768,1128,329,365,404,408,375,393,400,427,1340,1928,1699,2587,2329,1144,340,375,668,275,137
"FAIRFAX COUNTY",51,059,8159,15169,14998,7958,8197,29152,43786,11150,12113,12410,12342,9556,8333,8591,8728,30327,52996,59195,98037,70151,29513,9117,9934,18082,6808,2099
"FALLS CHURCH CITY",51,610,107,178,164,87,77,286,385,112,125,153,134,116,114,103,128,494,924,983,1285,1028,660,247,309,880,356,80
"FAUQUIER COUNTY",51,061,529,1005,993,467,508,1755,2574,703,700,774,768,688,568,604,557,1671,2809,2887,5038,3876,1667,539,873,2063,975,298
"FLOYD COUNTY",51,063,143,302,286,160,126,481,719,192,212,199,198,188,166,169,153,543,866,824,1430,1134,651,266,352,1102,528,173
"FLUVANNA COUNTY",51,065,167,310,258,116,122,471,730,206,239,236,192,179,181,151,171,476,842,780,1185,1035,514,204,261,772,355,91
"FRANKLIN CITY",51,620,99,197,210,97,101,333,496,118,164,146,158,144,123,139,123,367,559,491,712,742,444,157,252,621,236,79
"FRANKLIN COUNTY",51,067,456,887,941,473,448,1590,2313,651,658,671,705,871,1011,826,637,1658,2790,2796,4426,3699,1791,679,880,2428,1149,306
"FREDERICK COUNTY",51,069,525,1034,924,474,496,1774,2512,656,781,711,711,589,496,522,466,1630,2787,2994,4667,3662,1665,542,745,1827,744,216
"FREDERICKSBURG CITY",51,630,166,302,292,160,143,514,730,192,187,199,204,523,651,595,593,1011,1255,1006,1386,1402,809,301,456,1384,714,147
"GALAX CITY",51,640,73,127,150,77,72,262,358,78,106,99,95,95,81,83,94,341,465,438,709,788,422,140,212,690,361,108
"GILES COUNTY",51,071,223,442,453,234,238,855,1214,333,354,349,342,319,233,247,257,765,1285,1348,2077,1951,1128,431,589,1421,590,132
"GLOUCESTER COUNTY",51,073,282,558,489,266,270,932,1297,337,382,381,377,328,315,291,283,948,1540,1589,2679,2110,1096,411,562,1492,664,228
"GOOCHLAND COUNTY",51,075,135,275,277,148,146,525,742,213,226,253,231,204,200,210,168,584,1025,955,1542,1374,580,182,269,814,377,106
"GRAYSON COUNTY",51,077,170,385,423,207,239,757,982,277,331,290,352,290,230,266,240,715,1208,1174,1955,1866,924,374,554,1428,744,198
"GREENE COUNTY",51,079,145,235,244,112,96,361,522,134,164,166,139,117,121,97,90,390,730,767,989,707,319,135,159,438,201,47
"GREENSVILLE COUNTY",51,081,179,331,337,182,164,605,932,205,251,228,237,171,182,192,159,531,792,762,1116,1122,585,193,270,813,305,59
"HALIFAX COUNTY",51,083,425,837,800,388,408,1458,2061,557,617,672,632,535,461,488,453,1479,2267,2164,3477,3179,1700,704,917,2511,1116,293
"HAMPTON CITY",51,650,1890,3599,3458,1774,1617,5760,7899,2178,2378,2511,2575,2840,2964,2999,3019,8054,10784,9298,15083,12582,6101,2118,2611,5606,2276,643
"HANOVER COUNTY",51,085,630,1230,1298,670,643,2370,3554,935,1117,1033,1052,1021,1020,909,815,2090,3532,4272,7156,5787,2711,883,1159,2929,1246,336
"HARRISONBURG CITY",51,660,191,324,284,157,159,541,691,169,196,241,227,1005,1615,1672,1476,1680,1408,1094,1545,1401,774,292,405,1205,679,240
"HENRICO COUNTY",51,087,2361,4420,4310,2359,2275,7965,11003,2783,3040,3125,3239,2774,2687,2786,2914,10920,17311,16147,21797,19922,10482,3618,4600,11154,5151,1592
"HENRY COUNTY",51,089,807,1514,1460,831,786,2852,4090,1128,1185,1230,1178,1082,996,985,912,2892,4473,4404,7935,6733,2953,1027,1306,3413,1217,265
"HIGHLAND COUNTY",51,091,56,93,63,46,21,98,150,33,28,51,48,42,45,48,52,161,242,218,317,302,155,76,128,296,135,33
"HOPEWELL CITY",51,670,390,705,677,335,304,1064,1551,396,432,441,443,405,417,425,439,1375,1932,1759,2668,2415,1239,459,572,1629,705,220
"ISLE OF WIGHT COUNTY",51,093,328,601,597,295,280,1049,1434,423,452,501,465,432,360,374,337,1049,1768,1652,2648,2301,1095,426,579,1430,591,136
"JAMES CITY COUNTY",51,095,309,564,601,314,277,1081,1485,431,438,448,479,388,357,374,418,1259,1865,1914,2882,2539,1160,444,607,1348,570,211
"KING AND QUEEN COUNTY",51,097,91,170,173,84,80,247,367,101,113,103,101,102,96,80,86,294,481,398,632,653,360,139,190,542,218,67
"KING GEORGE COUNTY",51,099,185,333,314,181,149,572,827,211,224,222,226,173,159,146,120,477,858,875,1419,1055,513,162,267,565,244,66
"KING WILLIAM COUNTY",51,101,136,255,261,153,119,435,662,182,191,199,204,155,142,132,121,397,789,733,1128,966,476,187,241,712,281,77
"LANCASTER COUNTY",51,103,103,227,210,96,90,379,517,148,151,192,179,150,131,150,142,365,613,563,980,1108,689,335,442,1294,674,201
"LEE COUNTY",51,105,376,750,809,435,420,1385,1802,468,478,464,466,411,398,406,375,1190,1943,1860,2837,2438,1330,524,772,2269,1097,253
"LEXINGTON CITY",51,678,60,107,95,62,48,170,261,71,77,89,96,384,684,606,460,625,419,331,523,609,342,125,154,513,299,82
"LOUDOUN COUNTY",51,107,851,1687,1723,907,897,3333,4678,1150,1199,1204,1208,886,822,746,745,2318,4810,6033,9247,5484,1990,705,930,2378,1207,289
"LOUISA COUNTY",51,109,258,501,474,221,250,829,1182,315,429,361,423,310,322,279,285,799,1320,1244,2143,1798,980,354,512,1451,627,158
"LUNENBURG COUNTY",51,111,157,299,328,177,178,509,801,257,256,256,250,208,202,156,165,535,844,784,1276,1333,746,319,417,1032,500,139
"LYNCHBURG CITY",51,680,877,1677,1545,773,756,2753,3689,969,1041,1056,1095,1594,1964,1694,1593,4047,5391,4617,6697,6799,3626,1316,1850,5482,2935,907
"MADISON COUNTY",51,113,148,266,271,134,144,439,702,175,203,205,213,196,165,150,140,441,700,839,1156,1061,539,192,302,870,426,155
"MANASSAS CITY",51,683,331,660,556,264,266,824,1088,252,272,264,271,237,237,269,244,920,1770,1722,2012,1257,506,141,164,501,290,120
"MANASSAS PARK CITY",51,685,146,305,279,128,113,410,523,151,152,149,139,126,104,119,119,469,693,584,770,583,187,50,60,118,37,10
"MARTINSVILLE CITY",51,690,211,406,429,208,219,695,1090,298,328,350,356,305,244,247,249,879,1296,1229,1880,2144,1197,441,629,1803,753,263
"MATHEWS COUNTY",51,115,82,146,148,87,84,282,442,115,132,144,141,127,107,85,114,301,446,472,864,881,482,220,337,1033,551,172
"MECKLENBURG COUNTY",51,117,373,841,780,433,407,1268,1861,516,544,593,538,463,453,432,470,1370,2243,1938,3092,3301,1819,688,952,2622,1135,312
"MIDDLESEX COUNTY",51,119,95,173,142,83,66,255,409,136,170,149,152,104,105,85,93,294,489,443,760,899,511,240,325,930,462,149
"MONTGOMERY COUNTY",51,121,646,1230,1226,639,700,2318,3085,756,798,816,759,2890,4136,4113,4001,6572,5728,4262,6008,4654,2013,743,1055,2746,1239,383
"NELSON COUNTY",51,125,174,292,284,157,161,539,776,207,249,251,218,226,216,177,156,508,872,873,1367,1347,684,261,384,1160,514,151
"NEW KENT COUNTY",51,127,118,277,228,137,146,415,632,153,182,170,167,127,119,127,131,441,813,817,1135,879,459,145,202,538,171,52
"NEWPORT NEWS CITY",51,700,2572,4653,4254,2062,2041,6814,8720,2342,2495,2572,2698,2901,3102,3224,3340,10550,14404,11969,16215,13838,7037,2527,3201,7298,3082,992
"NORFOLK CITY",51,710,5035,8248,7321,3528,3198,10250,12848,3439,3723,3788,4235,6421,9809,11149,11485,25887,27050,18514,22117,21178,12597,4618,6066,15409,7255,1811
"NORTHAMPTON COUNTY",51,131,251,400,364,178,183,623,878,246,261,260,308,262,263,218,258,725,1045,769,1303,1682,919,345,503,1454,732,195
"NORTHUMBERLAND COUNTY",51,133,114,210,188,112,98,329,492,144,167,181,157,145,148,153,127,383,588,535,900,1121,755,315,483,1247,593,143
"NORTON CITY",51,720,68,133,145,63,55,240,338,77,83,85,92,99,89,92,56,236,367,346,516,467,277,102,127,365,172,67
"NOTTOWAY COUNTY",51,135,213,385,360,167,198,630,918,242,290,260,280,225,207,202,231,664,999,822,1535,1628,863,363,526,1442,777,239
"ORANGE COUNTY",51,137,231,497,446,241,250,816,1236,303,367,337,372,306,285,263,262,799,1342,1296,2090,1896,1019,444,555,1552,661,197
"PAGE COUNTY",51,139,289,517,518,251,259,864,1247,318,382,355,364,323,320,322,260,828,1482,1439,2345,2105,1114,407,575,1558,752,207
"PATRICK COUNTY",51,141,203,439,432,237,265,875,1173,325,316,336,321,264,256,243,221,774,1220,1336,2293,1944,900,371,564,1392,735,212
"PETERSBURG CITY",51,730,623,1187,1077,519,478,1721,2646,806,795,784,796,741,762,725,796,2464,3523,2773,4108,4356,2469,914,1246,2988,1358,400
"PITTSYLVANIA COUNTY",51,143,913,1816,1694,928,929,3140,4365,1238,1450,1340,1360,1224,1174,1175,1068,3329,5357,4950,7852,7013,3600,1390,1704,4661,1974,503
"POQUOSON CITY",51,735,120,209,221,123,131,479,712,188,221,249,203,159,128,126,120,309,511,776,1526,1011,329,133,150,394,167,31
"PORTSMOUTH CITY",51,740,1923,3374,3255,1644,1477,4694,6277,1690,1833,1913,1944,1834,1975,2124,2131,6349,9346,7319,10025,10320,6498,2325,3065,7193,3226,823
"POWHATAN COUNTY",51,145,154,289,354,165,157,628,897,260,288,348,376,200,205,178,234,641,1358,1390,1891,1154,537,225,255,540,266,72
"PRINCE EDWARD COUNTY",51,147,215,399,386,205,206,639,896,254,259,248,270,655,950,796,685,937,1021,926,1478,1412,760,316,435,1312,605,191
"PRINCE GEORGE COUNTY",51,149,360,761,819,360,411,1349,1748,437,480,451,658,964,977,788,760,1879,2623,2488,3238,1953,737,219,326,635,242,70
"PRINCE WILLIAM COUNTY",51,153,2745,5445,5276,2691,2704,9146,12249,3035,3144,3107,2963,2516,2400,2432,2370,7668,13564,16407,23873,11974,3451,901,1117,2327,938,260
"PULASKI COUNTY",51,155,452,903,905,493,555,1911,2524,581,617,623,620,565,508,544,530,1667,2806,3004,4237,3643,1908,684,979,2563,1117,290
"RADFORD CITY",51,750,90,198,210,104,119,456,610,145,152,157,150,758,1082,970,899,1123,812,749,1097,1078,525,239,296,757,365,84
"RAPPAHANNOCK COUNTY",51,157,75,153,133,72,66,268,383,116,117,114,118,90,96,66,82,270,494,478,781,649,362,113,190,514,234,59
"RICHMOND CITY",51,760,3183,5379,4696,2383,2273,7625,10943,2882,3130,3278,3253,4166,4778,4928,5198,15782,24017,16718,20003,20655,12035,4792,6279,18604,9494,2740
"RICHMOND COUNTY",51,159,91,165,178,80,80,259,424,131,130,133,158,124,116,116,99,308,489,442,791,784,432,155,216,662,313,76
"ROANOKE CITY",51,770,1331,2556,2478,1169,1243,4231,5468,1376,1477,1500,1586,1578,1529,1627,1604,5679,9221,7625,9477,10337,6089,2270,3091,8984,5251,1443
"ROANOKE COUNTY",51,161,693,1548,1747,932,967,3657,5050,1255,1328,1445,1357,1187,1156,1109,1069,3273,5667,6640,10474,8614,3835,1203,1711,4150,2173,705
"ROCKBRIDGE COUNTY",51,163,241,428,429,212,217,768,1118,309,354,416,400,293,246,326,313,820,1375,1309,2207,2107,1075,376,530,1341,558,143
"ROCKINGHAM COUNTY",51,165,842,1577,1532,720,772,2431,3475,887,995,1079,1063,1238,1392,1325,1327,3398,4892,4432,6677,5863,2810,985,1439,3552,1769,566
"RUSSELL COUNTY",51,167,482,942,934,489,481,1689,2143,582,585,590,620,553,536,507,588,1693,2852,2510,3722,3224,1537,549,740,2088,916,209
"SALEM CITY",51,775,251,471,502,215,279,915,1336,351,369,397,415,472,597,572,513,1268,1948,1781,2746,2749,1510,513,674,1842,954,318
"SCOTT COUNTY",51,169,320,632,614,359,353,1140,1706,408,446,429,479,415,371,417,373,1109,1778,1785,3134,2684,1409,562,783,2103,1010,249
"SHENANDOAH COUNTY",51,171,392,651,596,327,314,1214,1667,490,530,503,525,419,409,405,365,1275,2116,1981,3210,3045,1625,573,840,2506,1219,362
"SMYTH COUNTY",51,173,408,822,868,450,476,1562,2098,561,551,640,685,564,582,544,516,1532,2467,2354,4029,3888,1839,720,982,2695,1202,331
"SOUTH BOSTON CITY",51,780,101,166,183,95,99,330,451,120,116,141,112,100,80,90,92,303,516,509,740,760,456,183,229,656,348,117
"SOUTHAMPTON COUNTY",51,175,253,464,458,235,233,780,1127,335,360,415,474,431,415,406,406,1133,1475,1218,2101,1900,1095,408,569,1337,594,109
"SPOTSYLVANIA COUNTY",51,177,614,1263,1235,608,620,2171,2754,702,677,729,661,520,505,422,468,1572,3194,3420,4619,2973,1260,491,697,1518,570,172
"STAFFORD COUNTY",51,179,660,1271,1295,665,698,2293,3143,876,870,800,824,696,735,693,666,2146,3295,3973,6009,3936,1585,495,617,1476,561,192
"STAUNTON CITY",51,790,241,453,467,237,208,800,1059,308,326,358,387,424,521,469,432,1090,1641,1609,2471,2543,1328,503,692,1992,972,326
"SUFFOLK CITY",51,800,662,1365,1349,692,661,2351,3190,852,977,964,1009,918,792,802,703,2247,3490,3344,5438,5165,2744,1026,1413,3541,1503,423
"SURRY COUNTY",51,181,87,170,162,75,78,291,424,124,127,151,133,125,105,108,94,301,456,390,640,544,335,137,186,528,216,59
"SUSSEX COUNTY",51,183,130,260,244,129,145,528,866,227,258,229,263,202,169,190,170,507,841,727,1120,1195,592,236,307,902,346,91
"TAZEWELL COUNTY",51,185,795,1577,1586,841,859,2687,3396,825,916,927,900,851,820,862,822,2655,4300,3970,5853,5137,2590,931,1303,3354,1430,324
"VIRGINIA BEACH CITY",51,810,4441,7969,7906,3940,4030,13888,18630,4635,4900,5060,5130,5356,5988,6162,5912,17376,26319,25365,35872,24789,9989,2992,3637,7683,3260,970
"WARREN COUNTY",51,187,298,552,509,278,314,978,1346,361,397,417,409,361,327,295,283,989,1667,1574,2622,2291,1198,475,679,1786,641,153
"WASHINGTON COUNTY",51,191,612,1184,1217,668,654,2228,3101,802,912,878,869,816,893,864,822,2163,3556,3589,5872,4919,2313,901,1239,3373,1656,386
"WAYNESBORO CITY",51,820,193,381,374,176,187,636,947,210,283,299,295,293,214,215,226,819,1159,1067,1803,1798,940,383,525,1286,490,130
"WESTMORELAND COUNTY",51,193,164,356,348,178,160,607,924,254,272,285,278,230,220,206,169,597,919,824,1457,1469,912,382,541,1522,610,157
"WILLIAMSBURG CITY",51,830,58,82,78,37,46,130,183,52,71,55,101,723,1116,1043,988,1165,794,380,526,537,366,130,184,608,320,97
"WINCHESTER CITY",51,840,297,467,463,225,206,704,1051,294,313,318,328,366,413,433,443,1206,1627,1423,2070,2245,1177,464,631,1791,978,284
"WISE COUNTY",51,195,780,1391,1413,686,749,2316,2966,765,798,811,793,831,809,825,845,2390,3873,3257,4758,4177,2209,801,1065,2886,1335,334
"WYTHE COUNTY",51,197,330,670,703,356,357,1227,1734,504,444,452,434,424,397,374,373,1190,2020,1841,3036,2752,1389,515,748,2012,952,288
"YORK COUNTY",51,199,422,895,999,518,550,2031,2865,773,788,794,780,814,758,689,607,1656,2524,3214,5631,3691,1490,503,558,1310,487,116
