name,state,county,under_1,1_2,3_4,5,6,7_9,10_11,12_13,14,15,16,17,18,19,20,21,22_24,25_29,30_34,35_39,40_44,45_49,50_54,55_59,60_61,62_64,65_69,70_74,75_79,80_84,85_over
"Accomack County",51,001,357,878,807,420,424,1220,879,867,418,432,393,426,396,351,358,359,1161,2205,2303,2305,2015,1741,1604,1664,753,1116,1887,1452,1118,768,626
"Albemarle County",51,003,832,1958,1865,918,907,2683,1651,1539,725,741,703,754,1618,2431,1594,1406,3361,6255,6231,5960,5113,3814,3094,2725,1118,1446,2350,1640,1191,822,595
"Alexandria city",51,510,1348,2685,2174,1020,919,2639,1635,1552,685,797,794,884,892,1029,1205,1395,8045,16596,13469,10901,9477,6871,4898,4076,1520,2271,3611,2844,2111,1460,1380
"Alleghany County",51,005,111,315,341,171,171,540,352,393,174,209,175,235,200,187,151,145,445,848,979,1007,1089,943,788,711,262,436,643,474,350,199,132
"Amelia County",51,007,117,250,250,133,136,378,257,243,125,139,130,138,106,143,104,97,309,667,740,640,632,568,484,428,152,265,362,299,249,149,97
"Amherst County",51,009,283,761,754,370,341,1124,745,707,347,385,413,477,471,555,504,456,1181,2084,2343,2345,2163,1871,1550,1427,557,835,1174,945,724,390,296
"Appomattox County",51,011,120,347,323,160,161,521,346,347,174,183,194,188,181,198,125,152,459,845,990,821,917,823,681,622,236,373,555,470,384,228,174
"Arlington County",51,013,1878,4178,3370,1555,1444,4083,2469,2280,1039,1090,1210,1282,1402,1811,2278,2301,12456,24181,19969,16477,14509,10636,7683,6192,2315,3439,5969,5158,3946,2598,1738
"Augusta County",51,015,646,1424,1449,764,731,2331,1630,1467,703,765,774,781,689,740,666,704,2027,4404,4778,4719,4397,3687,3008,2657,1074,1480,2181,1623,1284,707,387
"Bath County",51,017,47,117,95,48,56,186,120,113,48,46,69,72,77,73,53,55,204,342,328,294,358,336,334,299,117,166,230,192,166,100,58
"Bedford County",51,019,516,1249,1242,629,597,1793,1274,1181,598,611,562,647,572,565,530,525,1517,3551,4122,3961,3687,3150,2444,2413,886,1261,1944,1471,1084,615,459
"Bedford city",51,515,59,162,150,85,64,215,137,123,75,61,70,63,57,82,66,57,217,443,460,400,320,278,289,299,123,210,364,339,341,222,242
"Bland County",51,021,47,149,138,85,74,244,151,198,79,87,99,93,79,98,80,78,235,504,565,574,531,419,363,323,132,201,286,223,183,109,87
"Botetourt County",51,023,236,588,615,325,303,935,712,641,332,364,378,377,349,341,299,271,838,1726,2083,2160,2214,1797,1496,1316,511,738,1058,856,549,373,211
"Bristol city",51,520,219,467,420,209,180,679,470,436,189,224,237,243,273,372,304,238,732,1315,1346,1281,1138,1060,930,948,397,664,1083,837,668,465,402
"Brunswick County",51,025,182,388,413,202,219,622,472,433,204,245,200,255,269,362,325,300,718,1147,1243,1249,1031,830,752,788,355,492,764,627,511,247,142
"Buchanan County",51,027,303,705,719,398,428,1475,1096,1145,569,567,606,598,545,552,501,412,1247,2560,2836,2577,2457,1965,1762,1355,525,708,976,718,544,326,158
"Buckingham County",51,029,154,363,368,172,166,484,328,296,173,176,178,177,168,175,155,167,512,1092,1114,1005,988,703,680,581,243,377,608,478,395,233,164
"Buena Vista city",51,530,55,150,118,80,53,229,171,168,78,82,104,100,144,188,150,105,249,415,430,441,467,382,331,349,120,212,306,266,230,132,101
"Campbell County",51,031,609,1301,1263,643,635,1858,1273,1219,684,718,691,692,725,737,670,776,2105,3960,3982,3595,3650,3135,2666,2451,837,1222,2009,1474,1028,579,385
"Caroline County",51,033,258,585,588,303,274,824,588,538,258,272,245,282,269,282,269,256,832,1653,1634,1480,1335,1239,937,862,360,522,815,568,406,284,199
"Carroll County",51,035,291,593,571,308,284,940,668,676,347,422,366,415,335,364,357,339,1043,1908,1940,2029,1919,1715,1485,1523,600,911,1336,1082,880,530,417
"Charles City County",51,036,69,156,167,77,76,285,178,172,75,73,89,90,92,85,76,90,240,509,524,530,485,422,321,357,142,192,269,163,128,93,57
"Charlotte County",51,037,131,369,301,132,148,429,323,335,165,165,187,208,159,195,187,140,446,795,794,766,706,661,606,699,271,354,699,530,392,224,171
"Charlottesville city",51,540,461,1056,926,456,410,1222,755,709,316,306,321,315,333,1310,2044,2184,3584,4476,3495,2758,2187,1657,1370,1353,576,858,1422,1189,1011,708,573
"Chesapeake city",51,550,2196,5325,5064,2534,2499,7562,4900,4706,2253,2233,2145,2212,2098,2137,2089,1905,6319,13855,15023,13713,11781,8759,6940,5714,2100,3070,4963,3287,2264,1339,991
"Chesterfield County",51,041,2769,6994,7071,3622,3470,10779,6966,6565,3113,3301,3104,3181,3283,2985,2823,2344,7285,16962,20796,21464,20058,14107,9521,7460,2732,3704,5215,3456,2169,1163,812
"Clarke County",51,043,139,301,337,159,142,510,320,285,125,142,149,152,160,140,144,116,471,929,1032,993,965,778,663,647,241,365,521,425,336,216,198
"Clifton Forge city",51,560,50,103,113,60,52,180,113,131,41,57,52,42,57,62,50,47,157,298,337,269,295,238,228,214,110,179,303,248,229,186,178
"Colonial Heights city",51,570,138,386,376,184,176,593,384,381,218,221,216,230,228,244,220,206,598,1073,1169,1117,1316,1025,934,927,403,611,959,683,384,255,209
"Covington city",51,580,76,160,170,84,74,224,161,165,68,72,71,89,86,101,94,88,319,538,471,419,453,412,324,349,144,237,427,390,371,237,117
"Craig County",51,045,62,115,105,53,56,173,102,124,52,44,68,53,65,57,53,47,159,334,366,355,332,295,235,242,98,113,208,160,110,84,52
"Culpeper County",51,047,364,925,890,432,435,1261,813,815,328,380,351,381,367,361,344,381,1185,2393,2483,2239,2014,1621,1272,1170,410,696,1025,917,666,506,366
"Cumberland County",51,049,123,217,210,113,103,318,261,214,110,109,140,132,97,117,103,78,304,549,588,514,539,487,445,380,157,204,397,283,246,167,120
"Danville city",51,590,603,1509,1325,726,632,1964,1287,1290,604,638,712,727,750,828,718,721,1987,3639,4004,3846,3462,2830,2590,2684,1183,1896,3214,2555,1901,1259,972
"Dickenson County",51,051,192,429,416,232,216,859,594,620,306,297,321,320,289,252,252,222,614,1244,1436,1446,1273,1058,921,843,335,486,704,559,427,269,188
"Dinwiddie County",51,053,243,578,581,276,275,824,591,575,242,319,284,305,283,305,304,262,878,1712,1734,1561,1555,1420,1224,1094,368,576,974,714,477,249,177
"Emporia city",51,595,82,174,147,63,61,210,160,133,70,71,65,72,51,65,70,52,201,358,392,348,286,268,231,278,110,171,341,284,228,150,114
"Essex County",51,057,98,184,232,111,118,348,254,267,115,104,96,113,109,107,108,78,311,633,638,626,596,501,481,407,199,304,440,380,335,218,178
"Fairfax County",51,059,10425,24800,22667,11426,10998,33274,21647,21108,10357,10784,11045,11537,10499,10342,10571,10269,38585,79235,79367,78172,79947,62818,44891,33722,11446,15108,21890,14311,8348,5197,3798
"Fairfax city",51,600,215,461,430,221,212,636,386,386,200,203,201,208,231,311,420,397,1245,2151,1790,1521,1472,1219,1012,1020,401,538,864,523,302,221,225
"Falls Church city",51,610,108,233,210,94,114,304,225,189,101,84,105,96,73,70,88,77,390,788,897,918,1000,670,495,443,130,237,406,391,332,207,103
"Fauquier County",51,061,677,1648,1558,819,737,2255,1450,1359,643,637,615,668,610,661,613,527,1862,4163,4560,4315,3971,3438,2506,2104,796,1045,1540,1173,840,520,431
"Floyd County",51,063,133,272,270,145,143,450,331,354,160,171,154,164,144,153,156,153,414,822,879,966,919,787,697,572,249,354,603,500,436,240,214
"Fluvanna County",51,065,176,412,361,171,163,537,365,340,163,146,152,151,158,139,137,146,489,1040,1111,997,885,718,614,573,259,408,617,419,293,175,114
"Franklin County",51,067,410,1053,1002,515,414,1528,1009,1008,503,526,500,548,690,870,777,630,1635,2996,3092,3112,2936,2575,2112,2011,766,1163,1708,1353,1044,611,452
"Franklin city",51,620,111,233,238,142,121,366,246,204,131,112,86,115,85,111,101,98,263,562,618,579,529,415,363,380,159,243,384,326,260,177,106
"Frederick County",51,069,644,1438,1393,663,666,2202,1374,1319,587,632,641,638,649,576,563,525,1797,3982,4338,3882,3611,3003,2406,2057,725,1103,1614,1157,755,434,349
"Fredericksburg city",51,630,278,563,423,218,210,532,317,314,158,168,166,195,507,852,859,774,1433,1990,1403,1146,1034,814,679,698,280,422,757,672,523,344,298
"Galax city",51,640,95,183,174,90,62,236,157,138,59,67,79,87,88,78,92,80,259,440,486,452,410,379,339,358,172,242,387,319,255,206,201
"Giles County",51,071,153,409,384,189,188,578,388,430,199,227,229,242,237,241,211,220,645,1157,1148,1159,1264,1127,847,845,348,563,927,752,531,331,197
"Gloucester County",51,073,355,951,968,530,455,1434,915,909,424,410,441,432,387,384,302,318,977,2490,2855,2602,2399,1909,1445,1214,526,744,1123,836,654,400,342
"Goochland County",51,075,168,421,325,163,162,517,317,288,156,149,178,162,190,168,172,144,495,1184,1481,1333,1180,992,801,773,283,394,543,370,314,197,143
"Grayson County",51,077,184,376,377,168,178,573,368,402,211,240,274,317,220,223,191,197,620,1142,1160,1215,1159,1002,951,915,377,542,846,728,517,365,240
"Greene County",51,079,150,367,364,150,150,476,316,299,133,140,116,128,120,127,106,114,411,986,983,880,872,612,501,429,139,256,349,268,184,103,68
"Greensville County",51,081,107,264,248,114,118,387,268,270,161,157,152,165,138,134,111,130,312,541,661,636,635,518,469,461,186,290,438,312,235,149,86
"Halifax County",51,083,297,727,673,384,400,1203,822,843,436,432,426,436,404,397,389,338,1036,1851,2223,2113,2136,1763,1614,1441,571,898,1523,1263,969,588,437
"Hampton city",51,650,1797,4489,4213,2003,1902,5714,3497,3286,1622,1642,1584,1669,2333,2812,2780,2701,7332,13530,12756,10438,8854,7090,6264,5735,1973,2976,4950,3456,2217,1280,898
"Hanover County",51,085,749,1857,1765,957,885,2704,1754,1709,811,915,871,830,969,992,973,918,2269,4759,5553,5511,5301,4436,3383,2972,1093,1661,2498,1707,1290,726,488
"Harrisonburg city",51,660,259,612,615,287,277,791,528,476,215,232,232,265,1427,2390,2458,2288,2848,2455,1874,1643,1497,1140,921,844,358,581,890,782,661,473,388
"Henrico County",51,087,2723,6347,5931,2922,2921,8377,5376,5056,2431,2670,2535,2749,2478,2763,2865,2837,10443,21280,21061,19042,16969,12795,9782,9121,3769,5654,9188,6780,5000,3273,2743
"Henry County",51,089,657,1518,1477,760,675,2098,1509,1474,717,791,740,855,810,864,763,763,2533,4743,4536,4186,4178,3992,3375,2993,1178,1721,2499,1826,1340,812,559
"Highland County",51,091,23,59,65,25,46,80,90,67,22,34,28,23,33,20,22,29,50,166,213,195,208,161,156,164,44,102,140,157,97,69,47
"Hopewell city",51,670,329,795,760,352,310,1020,633,631,296,310,306,303,343,341,352,364,1053,2097,1929,1639,1521,1267,1056,1028,428,631,987,753,598,395,274
"Isle of Wight County",51,093,310,785,811,386,409,1082,719,651,345,337,313,367,332,309,309,285,912,2157,2315,2109,1809,1607,1314,1169,443,660,983,776,518,307,224
"James City County",51,095,403,1028,1035,541,480,1437,954,914,419,433,406,443,415,450,435,430,1457,3008,3196,3045,2660,2163,1720,1699,683,990,1490,1100,674,455,296
"King George County",51,099,214,458,471,230,221,620,423,412,185,205,185,176,163,173,199,163,617,1381,1193,1024,1040,842,629,549,205,287,455,326,221,145,115
"King William County",51,101,163,325,323,178,163,503,306,343,135,167,165,145,150,117,131,128,399,854,921,952,795,711,526,490,173,270,457,330,285,181,127
"King and Queen County",51,097,91,196,172,100,95,225,193,178,85,86,76,89,78,74,84,78,265,485,468,475,401,386,311,313,144,191,323,273,216,83,55
"Lancaster County",51,103,100,225,223,145,138,416,237,268,106,110,114,147,122,101,102,71,252,537,683,679,617,588,572,702,313,510,901,707,580,328,302
"Lee County",51,105,272,625,624,307,299,1027,813,754,395,415,400,421,389,344,297,289,860,1637,1935,1792,1721,1464,1286,1154,438,705,1185,975,796,494,383
"Lexington city",51,678,33,89,79,42,47,133,98,93,44,54,42,58,395,733,629,618,542,274,278,300,280,273,227,262,114,188,304,236,212,149,133
"Loudoun County",51,107,1387,3313,2913,1442,1364,3814,2365,2195,1102,1083,1158,1142,1074,1028,1074,958,3686,8890,9446,8342,7540,6098,4102,3092,1003,1295,1737,1319,960,660,547
"Louisa County",51,109,261,573,544,303,288,878,593,578,253,256,299,297,237,272,253,223,757,1659,1697,1603,1483,1196,1061,992,404,573,937,743,534,323,255
"Lunenburg County",51,111,128,294,331,161,167,504,361,336,175,174,184,144,151,140,102,101,369,690,807,900,787,660,570,577,262,386,711,539,364,208,136
"Lynchburg city",51,680,751,1907,1841,850,786,2437,1680,1455,747,751,790,816,1460,2168,1900,1664,3214,4745,4875,4444,4140,3141,2819,2748,1122,1940,3102,2542,2224,1598,1392
"Madison County",51,113,131,338,337,176,173,544,359,340,158,170,161,132,151,135,145,134,413,892,972,912,871,713,634,580,263,342,549,417,374,236,197
"Manassas Park city",51,685,128,253,271,144,133,375,212,193,92,97,93,101,89,95,90,106,392,965,765,516,383,306,260,232,81,113,121,55,39,25,9
"Manassas city",51,683,511,1152,1069,500,512,1347,827,746,334,311,330,337,360,409,413,454,1657,3572,3060,2563,2231,1562,1022,695,263,336,466,319,232,209,158
"Martinsville city",51,690,172,440,420,222,184,586,381,426,193,202,215,181,181,192,175,200,585,1157,1210,1188,1029,882,835,861,366,549,968,847,667,417,231
"Mathews County",51,115,61,165,177,93,96,294,189,190,99,121,100,104,92,89,76,91,255,446,537,520,603,545,455,513,201,345,528,498,394,241,230
"Mecklenburg County",51,117,317,714,735,347,354,1130,818,822,374,424,421,383,370,350,348,345,1040,2066,2221,2132,1981,1606,1520,1599,668,1128,1663,1371,1030,567,397
"Middlesex County",51,119,92,198,203,94,116,299,204,206,92,76,99,90,82,79,76,75,237,592,565,546,550,587,442,526,229,398,609,478,376,241,196
"Montgomery County",51,121,689,1749,1554,805,741,2220,1298,1348,651,657,732,797,3152,4493,4281,4159,6828,6638,5491,4898,4261,3396,2695,2344,841,1233,1891,1489,1134,798,650
"Nelson County",51,125,149,309,362,171,163,557,378,342,144,162,175,172,146,173,131,141,408,866,1009,1035,987,796,642,663,244,436,669,515,371,269,193
"New Kent County",51,127,116,330,291,163,148,439,277,260,142,154,156,151,132,141,134,117,324,847,981,1041,976,702,579,474,184,268,351,247,163,101,56
"Newport News city",51,700,2884,6783,6220,2855,2772,7771,4683,4440,1940,2084,2112,2122,2284,2780,2910,2821,10065,19587,17096,12953,10642,8135,6439,6047,2400,3416,5713,4296,2916,1687,1192
"Norfolk city",51,710,4094,9365,8116,3788,3522,9983,6145,5351,2493,2361,2318,2451,4633,8756,10451,10413,22672,28928,23175,17776,13000,9341,7778,7912,3406,5543,9497,7206,5220,3222,2313
"Northampton County",51,131,159,364,370,185,196,581,435,364,163,159,195,144,147,173,121,115,375,818,1011,899,727,627,591,735,302,516,810,673,483,358,265
"Northumberland County",51,133,108,225,227,122,106,395,259,250,110,107,96,101,116,83,92,77,280,594,670,604,596,599,548,722,307,511,914,724,518,262,201
"Norton city",51,720,45,117,103,60,62,190,137,124,64,62,64,82,67,77,59,58,172,279,374,345,285,217,203,173,103,129,200,147,131,85,33
"Nottoway County",51,135,158,376,336,170,196,565,431,383,181,186,181,190,190,168,172,192,591,1164,1279,1163,945,840,736,690,287,508,852,693,570,317,283
"Orange County",51,137,230,559,599,296,306,922,608,576,286,283,270,275,241,268,250,259,731,1573,1730,1650,1508,1262,1121,1088,464,675,1173,906,636,367,309
"Page County",51,139,226,592,555,302,280,888,559,561,273,287,302,291,279,319,280,252,834,1681,1688,1617,1548,1388,1128,1111,465,713,1084,876,629,392,290
"Patrick County",51,141,170,374,405,207,227,633,394,477,224,238,263,261,255,249,208,218,666,1221,1315,1205,1285,1220,1060,943,375,549,814,775,566,354,322
"Petersburg city",51,730,515,1186,1160,577,494,1474,1005,911,391,410,424,447,485,559,630,636,2071,3442,3177,2830,2425,1983,1740,1736,768,1169,1978,1499,1112,632,520
"Pittsylvania County",51,143,610,1438,1374,743,755,2330,1600,1517,730,833,801,808,790,729,678,664,2084,4139,4761,4473,4195,3580,3038,2705,1114,1721,2563,2005,1501,773,603
"Poquoson city",51,735,110,268,292,154,147,506,388,385,161,196,206,215,151,177,129,153,313,729,776,949,1159,919,668,518,161,250,278,224,201,121,101
"Portsmouth city",51,740,1591,3780,3339,1647,1571,4651,3081,2793,1356,1381,1286,1381,1392,1611,1668,1659,5113,9533,9115,7576,6114,4812,4204,4054,1801,2999,5174,3880,2714,1548,1083
"Powhatan County",51,145,163,419,367,207,182,547,342,414,197,160,249,276,206,188,220,209,616,1547,1577,1474,1343,1117,768,631,245,314,525,350,276,112,87
"Prince Edward County",51,147,171,388,408,182,200,611,436,388,188,222,186,216,677,1001,1005,807,841,1022,1041,1083,905,712,693,705,292,450,745,593,546,304,302
"Prince George County",51,149,341,914,855,456,423,1261,808,744,394,335,386,380,563,700,558,486,1495,2569,2757,2488,2027,1675,1233,1030,369,466,672,466,299,145,99
"Prince William County",51,153,3617,8481,7946,3887,3753,11470,7057,6689,3145,3264,3239,3315,2945,3049,3160,3289,11136,23127,22987,20600,19206,14028,9337,6139,1937,2349,2721,1650,1091,665,407
"Pulaski County",51,155,327,806,887,402,375,1197,809,900,437,468,514,568,564,552,516,499,1453,2528,2604,2655,2798,2199,1883,1739,692,1039,1598,1365,1045,623,454
"Radford city",51,750,101,224,237,121,110,301,250,224,97,100,113,144,1166,1784,1575,1467,1660,860,723,687,684,577,450,445,210,275,439,384,292,156,84
"Rappahannock County",51,157,73,195,185,71,81,257,180,157,78,84,78,81,79,82,49,63,248,492,503,602,534,492,424,343,142,189,285,242,170,107,56
"Richmond County",51,159,70,184,185,103,96,296,223,179,99,76,85,91,82,78,92,89,256,525,528,512,470,389,387,383,132,258,405,339,261,198,202
"Richmond city",51,760,2545,6034,5386,2557,2297,7046,4447,3853,1839,2004,1950,2044,3107,4021,4223,4058,11746,20263,18776,16263,12738,9445,7995,8229,3475,5534,9322,7613,6369,4442,3435
"Roanoke County",51,161,746,1755,1809,998,943,3037,1972,2080,1087,1124,1125,1151,1146,1220,1083,1036,2629,5334,6251,6925,7152,5573,4439,4073,1543,2395,3587,2606,1941,1364,1208
"Roanoke city",51,770,1288,2881,2666,1285,1143,3440,2171,2071,1040,974,1050,1165,1197,1321,1253,1285,4464,8709,8453,7617,6591,4843,3977,4119,1896,3052,4996,4116,3108,2239,1987
"Rockbridge County",51,163,169,491,460,245,257,698,485,405,215,226,254,296,252,213,227,280,755,1311,1472,1387,1338,1137,1095,1099,429,612,959,696,501,241,145
"Rockingham County",51,165,673,1635,1615,779,767,2444,1625,1541,739,703,776,752,823,924,896,895,2347,4444,4865,4674,4183,3477,2928,2723,1080,1553,2423,1916,1434,1029,819
"Russell County",51,167,286,662,664,346,375,1235,909,872,420,451,474,483,449,436,377,363,1071,2141,2526,2403,2139,1814,1536,1433,518,776,1178,896,715,407,312
"Salem city",51,775,208,501,525,263,232,811,534,537,285,237,256,278,469,567,550,465,912,1661,1815,1806,1728,1383,1225,1274,502,788,1284,1016,750,479,415
"Scott County",51,169,190,493,534,260,238,812,592,643,301,360,364,338,342,320,330,315,887,1595,1662,1615,1726,1540,1360,1236,518,755,1233,985,799,488,373
"Shenandoah County",51,171,311,830,791,388,376,1252,839,764,332,369,366,388,390,412,422,387,1231,2312,2500,2378,2265,1941,1770,1669,645,1028,1678,1315,1035,725,527
"Smyth County",51,173,335,793,754,372,344,1220,835,859,416,457,532,526,497,524,443,447,1290,2379,2451,2389,2272,1964,1865,1790,688,1036,1578,1275,959,609,471
"South Boston city",51,780,89,189,170,91,85,265,176,202,77,96,101,104,100,99,90,80,257,458,434,527,471,393,318,315,150,250,404,356,268,183,199
"Southampton County",51,175,186,459,435,219,222,689,461,476,217,229,234,276,265,283,268,305,817,1630,1448,1279,1108,986,908,860,295,491,891,650,484,290,189
"Spotsylvania County",51,177,901,2070,2079,1049,923,3017,1959,1905,887,855,903,880,811,768,677,652,2229,5137,5665,5448,4747,3433,2463,1928,720,1088,1573,1146,729,446,315
"Stafford County",51,179,913,2194,2047,1054,1005,3102,2026,2045,937,925,944,951,820,942,954,834,3302,5690,5508,5586,5360,4116,2665,2049,676,964,1413,874,628,406,306
"Staunton city",51,790,233,571,568,292,274,842,543,528,253,289,326,309,349,457,399,354,1000,1949,1995,1897,1728,1406,1208,1266,518,760,1251,1066,827,580,423
"Suffolk city",51,800,667,1727,1578,846,792,2366,1628,1560,748,738,732,761,649,718,644,594,1936,4159,4455,3924,3605,3143,2582,2329,917,1591,2345,1793,1318,771,525
"Surry County",51,181,76,202,172,72,92,282,207,170,97,88,82,81,86,82,66,72,222,470,514,498,397,346,304,274,126,161,304,244,174,122,62
"Sussex County",51,183,125,300,295,153,134,395,279,295,116,147,142,155,151,155,143,143,433,745,774,753,669,554,515,552,233,323,509,393,314,216,137
"Tazewell County",51,185,471,1079,1133,524,555,1927,1380,1521,665,790,786,828,781,714,613,534,1577,3065,3692,3856,3507,2792,2397,2232,915,1354,2162,1631,1213,754,512
"Virginia Beach city",51,810,6418,14869,13514,6592,6348,18843,11760,11055,5209,5135,5023,5121,5434,6840,7368,7454,23546,45873,42038,34880,28582,20158,14259,12463,4675,6398,9430,5865,3809,2264,1846
"Warren County",51,187,316,866,860,350,373,1071,711,673,257,318,327,334,329,349,335,364,1087,2292,2307,2061,1837,1596,1326,1161,493,730,1141,911,684,395,288
"Washington County",51,191,429,1031,1037,537,518,1680,1197,1210,610,622,676,684,690,794,707,678,1783,3202,3546,3616,3576,3085,2667,2492,929,1373,2141,1759,1251,806,561
"Waynesboro city",51,820,252,509,518,257,221,736,426,440,202,218,241,267,263,260,252,226,716,1430,1485,1255,1221,1124,982,903,357,669,1028,852,641,349,249
"Westmoreland County",51,193,176,452,427,222,204,619,374,391,196,165,183,200,180,179,156,174,565,1070,1081,1059,947,927,801,849,344,601,1001,808,565,350,214
"Williamsburg city",51,830,65,125,116,65,62,174,101,110,60,54,50,76,762,1228,1133,1235,1210,873,565,477,390,346,274,279,126,202,398,346,269,173,186
"Winchester city",51,840,297,666,563,273,269,754,533,445,236,227,232,247,249,423,422,404,1213,2135,1802,1608,1479,1116,958,960,440,651,1048,858,669,433,337
"Wise County",51,195,416,1028,962,530,521,1773,1266,1315,651,600,712,697,748,686,644,588,1501,2692,3137,3284,2830,2204,2012,1755,722,1112,1773,1286,1003,665,460
"Wythe County",51,197,265,625,609,326,317,1000,672,716,326,353,338,398,389,375,340,351,1042,1865,1933,1957,1821,1601,1331,1280,532,778,1267,1000,757,506,396
"York County",51,199,494,1167,1302,676,757,2151,1516,1567,668,695,716,673,620,573,523,516,1433,3093,3644,3842,3953,3076,2281,1832,660,826,1310,832,532,294,200
