locality,kind,members,members_source,members_note,residents,residents_source,land_sq_mi,land_source
Richmond,city,9,richmond2023 p.120; notes p.121,,226610,censusapi,59.925,censusgazetteer2020
Norfolk,city,8,richmond2023 p.120,,238005,censusapi,53.275,censusgazetteer2020
Virginia Beach,city,11,richmond2023 p.120,,459470,censusapi,244.723,censusgazetteer2020
Chesapeake,city,9,richmond2023 p.120,,249422,censusapi,338.456,censusgazetteer2020
Alexandria,city,7,richmond2023 p.120,,159467,censusapi,14.935,censusgazetteer2020
Bristol,city,5,richmond2023 p.120,,17219,censusapi,12.871,censusgazetteer2020
Buena Vista,city,7,richmond2023 p.120,,6641,censusapi,6.438,censusgazetteer2020
Charlottesville,city,5,richmond2023 p.120,,46553,censusapi,10.245,censusgazetteer2020
Colonial Heights,city,7,richmond2023 p.120,,18170,censusapi,7.519,censusgazetteer2020
Covington,city,5,richmond2023 p.120,,5737,censusapi,5.469,censusgazetteer2020
Danville,city,9,richmond2023 p.120,,42590,censusapi,42.797,censusgazetteer2020
Emporia,city,8,richmond2023 p.120,,5766,censusapi,6.904,censusgazetteer2020
Fairfax,city,7,richmond2023 p.120,,24146,censusapi,6.24,censusgazetteer2020
Falls Church,city,7,richmond2023 p.120,,14658,censusapi,2.046,censusgazetteer2020
Franklin,city,7,richmond2023 p.120,,8180,censusapi,8.277,censusgazetteer2020
Fredericksburg,city,7,richmond2023 p.120,,27982,censusapi,10.45,censusgazetteer2020
Galax,city,7,richmond2023 p.120,,6720,censusapi,8.236,censusgazetteer2020
Hampton,city,7,richmond2023 p.120,,137148,censusapi,51.461,censusgazetteer2020
Harrisonburg,city,5,richmond2023 p.121,,51814,censusapi,17.339,censusgazetteer2020
Hopewell,city,7,richmond2023 p.121,,23033,censusapi,10.354,censusgazetteer2020
Lexington,city,7,richmond2023 p.121,,7320,censusapi,2.499,censusgazetteer2020
Lynchburg,city,7,richmond2023 p.121,,79009,censusapi,48.976,censusgazetteer2020
Manassas,city,7,richmond2023 p.121,,42772,censusapi,9.843,censusgazetteer2020
Manassas Park,city,7,richmond2023 p.121,,17219,censusapi,3.034,censusgazetteer2020
Martinsville,city,5,richmond2023 p.121,,13485,censusapi,10.956,censusgazetteer2020
Newport News,city,7,richmond2023 p.121,,186247,censusapi,68.989,censusgazetteer2020
Norton,city,5,richmond2023 p.121,,3687,censusapi,7.477,censusgazetteer2020
Petersburg,city,7,richmond2023 p.121,,33458,censusapi,22.72,censusgazetteer2020
Poquoson,city,7,richmond2023 p.121,,12460,censusapi,15.357,censusgazetteer2020
Portsmouth,city,7,richmond2023 p.121,,97915,censusapi,33.301,censusgazetteer2020
Radford,city,5,richmond2023 p.121,,16070,censusapi,9.676,censusgazetteer2020
Roanoke,city,7,richmond2023 p.121,,100011,censusapi,42.521,censusgazetteer2020
Salem,city,5,richmond2023 p.121,,25346,censusapi,14.515,censusgazetteer2020
Staunton,city,7,richmond2023 p.121,,25750,censusapi,19.92,censusgazetteer2020
Suffolk,city,8,richmond2023 p.121,,94324,censusapi,399.16,censusgazetteer2020
Waynesboro,city,5,richmond2023 p.121,,22196,censusapi,14.97,censusgazetteer2020
Williamsburg,city,5,richmond2023 p.121,,15425,censusapi,8.938,censusgazetteer2020
Winchester,city,9,richmond2023 p.121,,28120,censusapi,9.193,censusgazetteer2020
Arlington,county,5,samuel2026 Attachment A,"County Manager Plan: five members, Va. Code s 15.2-702",238643,censusapi,25.997,censusgazetteer2020
Fairfax,county,10,unsourced,"nine district supervisors and a chair elected at large; the members listed on fairfaxcounty.gov/boardofsupervisors, 26 September 2026",1150309,censusapi,391.021,censusgazetteer2020
Prince William,county,8,unsourced,"seven from districts and a chair elected at large; pwcva.gov Board of County Supervisors page, 26 September 2026",482204,censusapi,335.256,censusgazetteer2020
Loudoun,county,9,unsourced,"eight district supervisors and a chair elected at large; the members listed on loudoun.gov, 26 September 2026",420959,censusapi,515.738,censusgazetteer2020
Chesterfield,county,5,unsourced,"one per magisterial district; search summary of chesterfield.gov, 26 September 2026",364548,censusapi,423.506,censusgazetteer2020
Henrico,county,5,unsourced,"one per magisterial district; henrico.gov/supervisors, 26 September 2026",334389,censusapi,233.675,censusgazetteer2020
Stafford,county,7,unsourced,"seven single-member districts; search summary of staffordcountyva.gov, 26 September 2026",156927,censusapi,269.205,censusgazetteer2020
Spotsylvania,county,7,unsourced,"one per district; search summary of spotsylvania.va.us, 26 September 2026",140032,censusapi,401.412,censusgazetteer2020
Albemarle,county,6,unsourced,"one per magisterial district; search summary of albemarle.org, which refused a direct request, 26 September 2026",112395,censusapi,720.472,censusgazetteer2020
Hanover,county,7,unsourced,"one per magisterial district; search summary of hanovercounty.gov, 26 September 2026",109979,censusapi,467.626,censusgazetteer2020
Montgomery,county,7,unsourced,"one per district; search summary of montgomerycountyva.gov, 26 September 2026",99721,censusapi,386.847,censusgazetteer2020
Roanoke,county,5,unsourced,"one per magisterial district; roanokecountyva.gov Board of Supervisors page, 26 September 2026",96929,censusapi,250.548,censusgazetteer2020
Frederick,county,7,unsourced,"six from magisterial districts and a chair elected at large; search summary of fcva.us, 26 September 2026",91419,censusapi,413.135,censusgazetteer2020
Rockingham,county,5,unsourced,"one per magisterial district; search summary of rockinghamcountyva.gov, 26 September 2026",83757,censusapi,849.789,censusgazetteer2020
