name,year,place,basis,source,quote,precision
A. B. Grunwell,1880,Washington District,"census listing, read against the sheet, which agrees; the index reads the surname as Grumwell; matched on the initials, the surname and Alexandria County; the sheet's heading gives the district, Washington District, and there is no street column; the heading is legible",census1880grunwell,"“Name A. B. Grumwell [A. B. Grunwell] · Age 46 · Birth Date Abt 1834 · Birthplace England · Home in 1880 Washington, Alexandria, Virginia, USA · Dwelling Number 6 · Race White · Gender Male · Relation to Head of House Self (Head) · Marital Status Married · Spouse's Name Jane E. Grumwell · Occupation Farmer · Household Members A. B. Grumwell 46 Self (Head), Jane E. Grumwell 35 Wife, Susan E. Grumwell 11 Daughter, Gilbert Grumwell 7 Son, Mary L. Grumwell 1 Daughter”",district
A. D. Torreyson,1900,Arlington District,"census listing; the index reads the given name as Hoke, with A Duke and Andrew Duke Torreyson as alternatives, and the sheet reads A. Duke; matched on the initials, the surname and the Arlington district; the only Torreyson household in the county in 1900; read against the sheet, which gives the name as A. Duke Torreyson where the index reads Hoke; the sheet's heading gives the district, Arlington District, and the street column is blank; the name, the age and the district heading are legible, so the reading is firm",census1900torreyson,"“Arlington District, sheet 20 B, line 89 · Torreyson, A. Duke, head, W M, Oct 1866, 33, married 12 years, born Virginia, Farmer · Blanche, wife, 34 · Emily, daughter, 10 · Maude, daughter, 5 · Francis, son, 2 · Hunter, Samuel, servant, 23”",district
A. Leslie Phillips,1967,3012 N. 27th Street,stated directly,sun1967gop p.20,"“He and his wife, Dorothy, have three children Sherryll, 24, Scot, 21, and Dean, 15 and live at 3012 N. 27th Street.”",address
Alan L. Dean,1950,"30th South Abingdon Street, house number 3078","census listing; read against the sheet, which agrees",census1950dean,"“Name Alan L Dean · Age 31 · Birth Date abt 1919 · Gender Male · Race White · Birth Place Oregon · Marital Status Married · Relation to Head of House Head · Residence Date 1950 · Home in 1950 All Places, Arlington, Virginia, USA · Street Name 30th South Abingdon Street · Apartment Number 3078 · Dwelling Number 76 · Occupation Assistant Orgation Machin · Industry Buran Business Produt · Worker Class Government · Household Members Alan L Dean 31 Head, Vera A Dean 29 Wife, Claudia V Dean 5 Daughter, Diana L Dean 1 Daughter”",address
Albert C. Eisenberg,,Ashton Heights and Lyon Park Civic Associations,stated directly,votesmart2021eisenberg,"“Member, Ashton Heights and Lyon Park Civic Associations”",neighborhood
Alfred E. Frisbie,1947,"636 25th Street, South",stated directly,tad1947frisbie p.1,"“Alfred E. Frisbie, of 636 25th Street, South, has been appointed to the Arlington County Board by Judge Walter T. McCarthy, it was announced today.”",address
Alfred E. Frisbie,1950,"South 25th Street, house number 636","census listing; read against the sheet, which agrees",census1950frisbie,"“Name Alfred E Frisbie · Age 38 · Birth Date abt 1912 · Gender Male · Race White · Birth Place New York · Marital Status Married · Relation to Head of House Head · Residence Date 1950 · Home in 1950 All Places, Arlington, Virginia, USA · Street Name South 25th Street · House Number 636 · Dwelling Number 146 · Occupation Stock Broker · Industry Stock Book Company · Household Members Alfred E Frisbie 38 Head, Minnie D Frisbie 38 Wife”",address
Alvin F. Kimel,1950,"N. Troy, house number 1760","census listing; read against the sheet, which agrees",census1950kimel,"“Name Alvin F Kimel · Age 47 · Birth Date abt 1903 · Gender Male · Race White · Marital Status Married · Relation to Head of House Head · Residence Date 1950 · Home in 1950 All Places, Arlington, Virginia, USA · Street Name N. Troy · House Number 1760 · Apartment Number 658 · Dwelling Number 147 · Occupation Owner · Industry Retail Furniture Store · Worker Class Own Business”",address
B. M. Smith,1930,"Columbia Pike, house number 439","census listing, read against the sheet, which agrees; matched on the initials, Arlington and the trade: the Evening Star's B. M. Smith is a real-estate dealer with an office at 443 Columbia Pike, and this man is the one B. M. Smith in the county's index in either year who deals in real estate, living on Columbia Pike himself; the street column is written across the lines in the left margin and reads Columbia Pike, and the house number reads 439; the occupation columns read Salesman, Real Estate",census1930smith,"“Arlington, enumeration district 14, sheet 4 B, line 77, street column Columbia Pike, house 439, dwelling 99, family 105 · Smith, Benjamin M., Head, owned, 10,000, radio, not a farm, M W 45 M 24, born Virginia, father Canada, Salesman, Real Estate · Charlotte M., Wife-H, F W 38 M 17, born District Columbia · Edward M., Son, M W 16 S, born District Columbia · Margaret E., Daughter, F W 4 S”",address
B. M. Smith,1940,"Columbia Pike, house number 2908","census listing, read against the sheet, which agrees; the household of census1930smith ten years on, the wife Charlotte and the children Edward M., Margaret E. and Benjamin; matched on the initials, Arlington and the trade: the Evening Star's B. M. Smith is a real-estate dealer with an office at 443 Columbia Pike, and this man is the one B. M. Smith in the county's index in either year who deals in real estate, living on Columbia Pike himself; the street column is written across the lines in the left margin and reads Columbia Pike, and the house number reads 2908; the occupation columns read Broker, Real Estate, own account; the residence column for 1 April 1935 reads same house",census1940smith,"“Arlington County, enumeration district 7-36, sheet 9 B, line 41, street column Columbia Pike, house 2908, household 278, owned, 10,000, not a farm · Smith, B. M., Head, M W 55 M, college 2nd year, born Virginia, same house on 1 April 1935, Broker, Real Estate, own account, 40 hours, 52 weeks · Charlotte, Wife, F W 48 M, born District of Columbia · Edward M., Son, M W 25, born District of Columbia · Margaret E., Daughter, F W 14 · Benjamin jr., Son, M W 10 · Charlotte, Daughter, F W 7”",address
Basil M. DeLashmutt,1930,"Rock Spring Rd., Jewell Station","census listing; matched on the name, Arlington and the occupation, civil engineer for Arlington County; read off the sheet, which heads his block Rock Spring Rd., Jewell Station and gives no house number on his line, where the index's 201 belongs to the first household of the neighbouring block",census1930delashmutt,"“Rock Spring Rd., Jewell Station · dwelling 195, family 197 · owned, $7,500 · Delashmutt, Basil M., head, 27, married, born Virginia, Civil Engineer, Arlington County · Mary G., wife, 24”",street
Charles W. Payne,1880,Washington District,"census listing; matched on the name, the middle initial and the Washington district, the district he sat for in 1870-71 and 1877-79; the only Charles W. Payne in the county in 1880; read against the sheet, which agrees; the sheet is the one filed for Christopher Costello; its heading gives the district, Washington District, and there is no street column; the name, the age and the district heading are legible, so the reading is firm",census1880paynecharles,"“Washington District, page 9 (stamped 454) A, line 40 · Payne, Chas. W., W M 58, married, Carpenter · Virginia, wife, 33”",district
Christian E. Dorsey,2023,Columbia Forest neighborhood,stated directly,arlingtonva2023dorsey,"“He and his wife, Rachael, live in the Columbia Forest neighborhood and have two children in Arlington Public Schools.”",neighborhood
Christopher B. Garnett,1940,"Rock Spring Road, house number 4503","census listing; read against the sheet, which agrees",census1940garnett,"“Name Christopher B Garnett · Age 64 · Estimated Birth Year abt 1876 · Gender Male · Race White · Birthplace Virginia · Marital Status Married · Relation to Head of House Head · Home in 1940 Arlington, Virginia · Street Rock Spring Road · House Number 4503 · Farm No · Inferred Residence in 1935 Arlington, Virginia · Sheet Number 8B · Number of Household in Order of Visitation 147 · Occupation Lawyer · House Owned or Rented Owned”",address
Christopher Costello,1880,Washington District,"census listing, read against the sheet, which agrees; the head of the household, aged 48; his son of the same name, aged 14, fits the Christopher J. Costello seated in 1901; matched on the name and Alexandria County; the sheet's heading gives the district, Washington District, and there is no street column; the heading is legible",census1880costello,"“Name Christopher Costello [Christopher Costolow] · Age 48 · Birth Date Abt 1832 · Birthplace Ireland · Home in 1880 Washington, Alexandria, Virginia, USA · Dwelling Number 4 · Race White · Gender Male · Relation to Head of House Self (Head) · Marital Status Married · Spouse's Name Elizabeth Costello · Occupation Farmer · Household Members Christopher Costello 48 Self (Head), Elizabeth Costello 40 Wife, Christopher Costello 14 Son, Ellen Costello 12 Daughter, John Costello 10 Son”",district
Christopher E. Zimmerman,2012,Douglas Park neighborhood of south Arlington,stated directly,connection2012,"“Zimmerman and his wife, Mary Beth, live in the Douglas Park neighborhood of south Arlington where they have raised three children, all graduates of Arlington Public Schools.”",neighborhood
Christopher E. Zimmerman,2013,Douglas Park neighborhood off Columbia Pike,stated directly,arlnow2013zimmerman,"“A resident of the Douglas Park neighborhood off Columbia Pike, Zimmerman was first elected to the County Board in 1996.”",neighborhood
Christopher E. Zimmerman,2013,Douglas Park area near Columbia Pike,stated directly,sullivan2013,"“Zimmerman, a Democrat who lives in the Douglas Park area near Columbia Pike, has been one of its biggest watchdogs and champions.”",neighborhood
Christopher J. Costello,1900,"Cherrydale, Washington District","census listing, read against the sheet, which agrees; the index reads the surname as Costalow; matched on the name, the middle initial and Alexandria County; the son of the Christopher Costello seated in 1881; the street column reads Cherrydale against his household's lines, where the index reads Sl Cherydale; the sheet's heading gives the district, Washington District; the heading is legible",census1900costello,"“Name Christopher J Costalow [Christoper Costalow] · Age 34 · Birth Date Oct 1865 · Birthplace Virginia, USA · Home in 1900 Washington, Alexandria, Virginia · Street Sl Cherydale · Sheet Number 9 · Race White · Gender Male · Relation to Head of House Head · Marital Status Married · Spouse's Name Elizabeth S Costalow · Marriage Year 1896 · Occupation Farm Laborer”",neighborhood
Corbett,1910,"Old Glebe Road, Arlington District","census listing; the roster gives the surname only for the Arlington seat of 1908-12; matched on the surname, the Arlington district and the occupation, Supervisor, County, which is the office; the household is Frederick S. Corbett's, the member of 1889-1901, thirty years on from his 1880 record; read against the sheet, which agrees on the name and household; the age digit is unclear, 5-something where the index reads 46, and 54 would fit the 1880 record's 24; the street column reads Old Glebe Road where the index reads 6 Ld Glebe Road; the sheet's heading gives the district, Arlington District (Part); the name and the district heading are legible, the age is not",census1910corbett,"“Arlington District (Part), sheet 6 B, street column Old Glebe Road, line 52 · Corbett, Fredrick S., head, M W 5?, married 33 years, born Virginia, parents New York · Ida S., wife, 53 · Edith L., daughter, 32 · Marguerite R., daughter, 22 · Wibirt, Margaret R., mother-in-law, 74 · line 64: Here ends the enumeration of my district”",street
D. N. Rust,1900,Jefferson District,"census listing; matched on the initials, the surname and the Jefferson district, the district he sat for in 1899-1901 and 1904-08; the only Rust household in the county in 1900; a son of the same name, aged 19, is in the household; read against the sheet, which agrees; the sheet's heading gives the district, Jefferson District, and the street column is blank; the name, the age and the district heading are legible, so the reading is firm",census1900rust,"“Jefferson District, sheet 17 B, line 84 · Rust, David N., head, W M, Oct 1850, 49, married 23 years, born Delaware, Dentist · Mary L., wife, 48 · Thomas L., son, 22 · Sue K., daughter, 20 · David N., son, 19 · John, son, 15 · Lucy N., daughter, 14 · James S., son, 13 · Robert N., son, 11 · Mary E., daughter, 7 · Turner, Andrew, servant, B, 15”",district
Daniel A. Dugan,1940,"N. Greenbriar St., house number 708","census listing; the index reads the name as Dan A Dugan, aged 23; matched on the name and Arlington; read off the sheet, which gives the street as N. Greenbriar St. where the index reads N Green Broad Street; the household is Dugan, head, 51, with wife Esther, 45, and son Dan A., 23, an artist; the match to the Board member rests on the name and Arlington alone, and a 23-year-old in 1940 would be 30 when the Board member was seated in 1947",census1940dugan,"“N. Greenbriar St. · 708 · dwelling 254 · rented, $45 · Dugan, [head], 51, married · Esther, wife, 45 · Dan A., son, 23, single, born District of Columbia, Artist · Mary J., daughter, 14 · Mathews, Gayle, son-in-law, 22 · Dorothy, daughter, 18”",address
David L. Krupsaw,1950,"26th Road, house number 1057","census listing; read against the sheet, which agrees",census1950krupsaw,"“Name David L Krupsaw · Age 38 · Birth Date abt 1912 · Gender Male · Race White · Birth Place Washington, District of Columbia · Marital Status Married · Relation to Head of House Head · Residence Date 1950 · Home in 1950 All Places, Arlington, Virginia, USA · Street Name 26th Road · House Number 1057 · Dwelling Number 84 · Inferred Previous Residence Place All Places, Arlington, Virginia · Occupation Manager · Industry Wholesale Manufacturing”",address
David L. Krupsaw,1955,1097 South Twenty-sixth road,stated directly,preston1955 p.B-2,“Mr. Krupsaw is married and has two children and lives at 1097 South Twenty-sixth road.”,address
David L. Krupsaw,1957,a short distance from 2710 South Hayes street,stated directly,star1957brown,"“Mr. Brown’s home is at 2710 South Hayes street, a short distance from the homes of David L. Krupsaw and Mrs. Leone Buchholz.”",street
Dorothy Grotos,1975,207 North Irving St.,stated directly,sun1975grotos p.3,"“Mrs. Grotos, who resides at 207 North Irving St. with her husband, Gunnar, and four children, two of whom are in W & L High School and two others in Long Branch Elementary School, points out that she is deeply interested in Central and South Arlington problems, and that the members of the present all ABC-Democrat Board all reside in one area of North Arlington.”",address
Dr. Kenneth M. Haggerty,,the northernmost section of the County,stated directly,pratt1995 p.35 n.10,"“The Board was composed of three Republican members, Messrs. Ned Thomas, Kenneth Haggerty and Harold Casto, and two ABC-Democrat members, Messrs. Joseph Fisher and Thomas Richards, all of whom lived in the northernmost section of the County and far from the subject property.”",side
Dr. Kenneth M. Haggerty,1950,"20th Road N, house number 4706","census listing; read against the sheet, which agrees; the index gives no race and the sheet's race column is not legible, so none is coded",census1950haggerty,"“Name Kenneth M Haggerty · Age 26 · Birth Date abt 1924 · Gender Male · Birth Place New York · Marital Status Married · Relation to Head of House Head · Residence Date 1950 · Home in 1950 All Places, Arlington, Virginia, USA · Street Name 20th Road N · House Number 4706 · Apartment Number 208 · Dwelling Number 204 · Occupation Student · Household Members Kenneth M Haggerty 26 Head, Regina M Haggerty”",address
E. Duncan,1910,"Washington Avenue, Jefferson Magisterial District","census listing; the index reads the surname as Dancan; matched on the initial, the surname and the Jefferson district, the district he sat for in 1908-12; the only Duncan household in the county whose head's given name begins with E in 1910, and the household next to William Duncan's; read against the sheet, which gives the surname as Duncan where the index reads Dancan; the street column reads Washington Avenue against this block of lines; the sheet's heading gives the district, Jefferson Magisterial District (Part); the name, the age and the district heading are legible, so the reading is firm",census1910duncan,"“Jefferson Magisterial District (Part), sheet 8 A, street column Washington Avenue, line 45 · Duncan, Edward, head, M W 38, married 5 years, born Virginia, parents Ire-Irish, Engineer, Locomotive · Lizzie, wife, 34 · [no name], son, 2 · Morton C., son, 1 1/2 · Martha, mother, 80, widowed, born Ire-Irish”",street
Edmund D. Campbell,1940,"N Glebe Road, house number 2912","census listing; read against the sheet, which agrees",census1940campbell,"“Name Edmund D Campbell · Age 41 · Estimated Birth Year abt 1899 · Gender Male · Race White · Birthplace Virginia · Marital Status Married · Relation to Head of House Head · Home in 1940 Arlington, Virginia · Street N Glebe Road · House Number 2912 · Farm No · Inferred Residence in 1935 Arlington, Virginia · Sheet Number 1A · Number of Household in Order of Visitation 3 · Occupation Lawyer · House Owned or Rented Rented”",address
Edmund D. Campbell,1947,North Glebe Road,stated directly,field1947 p.2,"“Mr. and Mrs. Edmund D. Campbell of North Glebe Road will leave on Monday for Staunton, Va., where Mr. Campbell, who is president of the Board of Trustees of Mary Baldwin College will install the new president, Dr. Frank Bell Lewis, on Tuesday.”",street
Edmund D. Campbell,1950,"N Lake, house number 2912","census listing; read against the sheet, which agrees",census1950campbell,"“Name Edmund D Campbell · Age 51 · Birth Date abt 1899 · Gender Male · Race White · Birth Place Virginia · Marital Status Married · Relation to Head of House Head · Residence Date 1950 · Home in 1950 All Places, Arlington, Virginia, USA · Street Name N Lake · House Number 2912 · Dwelling Number 18 · Occupation Lawyer · Industry Private Practice · Worker Class Private”",address
Edward Deeble,1880,Washington District,"census listing; the sheet gives initials only, E. K. S., and the index adds Edward as an alternative; matched on the initial, the surname and the Washington district, the district he sat for in 1871-72; the only Deeble household in the county in 1880; read against the sheet, which agrees; the sheet's heading gives the district, Washington District, and there is no street column; the name, the age and the district heading are legible, so the reading is firm",census1880deeble,"“Washington District, page 5 (stamped 452) A, line 13 · Deeble, E. K. S., W M 69, married, Farmer · Elizabeth, wife, 60 · Alice, daughter, 29 · Fannie, daughter, 25 · Mildred, daughter, 21”",district
Elizabeth B. Magruder,1931,Clarendon,stated directly,inskeep1931 p.A-5,"“Two of the members are from Clarendon, which, because of its dense population, is thought to deserve more representation than other portions. They are Mrs. Elizabeth Barron Magruder and Lyman M. Kelly. The northern area will be represented by Fred A. Gosnell, who lives at Livingstone Heights; the western portion by Harry A. Fellows of East Falls Church, and the southern portion by John C. Gall of Aurora Hills.”",neighborhood
Elizabeth B. Magruder,1940,"10th St North, house number 3727","census listing; read against the sheet, which agrees",census1940magruder,"“Name Elizabeth B Magruder · Age 62 · Estimated Birth Year abt 1878 · Gender Female · Race White · Birthplace Virginia · Marital Status Widowed · Relation to Head of House Head · Home in 1940 Arlington, Virginia · Street 10th St North · House Number 3727 · Farm No · Inferred Residence in 1935 Arlington, Virginia · Sheet Number 2B · Number of Household in Order of Visitation 42 · Occupation County Board Member”",address
Elizabeth B. Magruder,1950,"N. 10th St., number 3727","census listing; read against the sheet, which agrees",census1950magruder,"“Name Elizabeth B Magruder · Age 72 · Birth Date abt 1878 · Gender Female · Race White · Birth Place Virginia · Marital Status Widowed · Relation to Head of House Head · Residence Date 1950 · Home in 1950 All Places, Arlington, Virginia, USA · Street Name N. 10th St. · Apartment Number 3727 · Dwelling Number 30 · Occupation Category Keeping House”",address
Ellen Bozman,1973,4219 N. 39th St.,stated directly,cadman1973 p.2,"“Bozman, 48, 4219 N. 39th St., is also a long-time county resident.”",address
Erik Gutshall,1995,Lyon Park,stated directly,arlingtonva2020gutshall,"“The founder and president of his own business, Clarendon Home Services, Mr. Gutshall has served his community in a variety of roles since he and his wife Renee moved to Lyon Park in 1995.”",neighborhood
Ernest D. Wilt,1950,"29th St N, house number 6212","census listing; read against the sheet, which agrees",census1950wilt,"“Name Ernest D Wilt · Age 39 · Birth Date abt 1911 · Gender Male · Race White · Birth Place Virginia · Marital Status Married · Relation to Head of House Head · Residence Date 1950 · Home in 1950 All Places, Arlington, Virginia, USA · Street Name 29th St N · House Number 6212 · Dwelling Number 44 · Occupation Proprietor · Industry Wholesale Retail Appliance · Worker Class Own Business”",address
F. Freeland Chew,1940,Troy St (North),"census listing; read against the sheet, which agrees",census1940chew,"“Name F Freeland Chew [F Treeland Chew] · Respondent Yes · Age 42 · Estimated Birth Year abt 1898 · Gender Male · Race White · Birthplace District of Columbia · Marital Status Married · Relation to Head of House Head · Home in 1940 Arlington, Virginia · Street Troy St (North) · Farm No · Inferred Residence in 1935 Arlington, Virginia · Sheet Number 21B · Number of Household in Order of Visitation 693 · Occupation Clerk · House Owned or Rented Rented”",street
F. Freeland Chew,1950,"N Edison, house number 1502","census listing; read against the sheet, which agrees",census1950chew,"“Name Freeland Chew · Age 52 · Birth Date abt 1898 · Gender Male · Race White · Birth Place District of Columbia · Marital Status Married · Relation to Head of House Head · Residence Date 1950 · Home in 1950 All Places, Arlington, Virginia, USA · Street Name N Edison · House Number 1502 · Dwelling Number 18 · Occupation Reporter · Industry Senate · Worker Class Government”",address
Florence Cannon,1947,"4008 8th Street, South",stated directly,tad1947cannon p.1,"“Mrs. Cannon is a native of Danville, Pennsylvania. She has lived in Arlington since 1922, making her home at 4008 8th Street, South.”",address
Florence Cannon,1947,4008 South 8th Street,stated directly,sun1947candidates p.3,“She is the widow of Andrew Hamilton Cannon and her home is at 4008 South 8th Street.”,address
Florence Cannon,1950,"S. Eighth, house number 4008","census listing; read against the sheet, which agrees",census1950cannon,"“Name Florence Cannon · Age 61 · Birth Date abt 1889 · Gender Female · Race White · Birth Place Pennsylvania · Marital Status Widowed · Relation to Head of House Head · Residence Date 1950 · Home in 1950 All Places, Arlington, Virginia, USA · Street Name S. Eighth · House Number 4008 · Dwelling Number 195 · Occupation Methods Examiner · Industry Army Dept · Worker Class Government”",address
Francis G. Schutt,1880,Washington District,"census listing; the index reads the surname as Schult and the sheet reads Schutt; the given name is Frank with no initial; matched on the given name, the surname and the Washington district, the district he sat for in 1879-81; the only Schutt household in the county in 1880, so it fits the Francis D. Schutt of 1873-74 as well, and whether the roster's two Schutts are one man is not settled here; read against the sheet, which gives the surname as Schutt where the index reads Schult; the sheet's heading gives the district, Washington District, and there is no street column; the name, the age and the district heading are legible, so the reading is firm",census1880schutt,"“Washington District, page 16 (stamped 457) B, line 34 · Schutt, Frank, W M 46, married, Farmer · Elizabeth, wife, 41 · Frank, son, 16 · Blanch, daughter, 14 · Stella, daughter, 12 · Bettie T., daughter, 10 · Mary, daughter, 8 · Nellie, daughter, 7 · Walace, son, 5”",district
Frank Hume,1880,Jefferson Township,"census listing, read against the sheet, which agrees; matched on the name and Alexandria County; the sheet's heading gives the district, Jefferson Township, and there is no street column; the heading is legible",census1880hume,"“Name Frank Hume · Age 35 · Birth Date Abt 1845 · Birthplace Virginia · Home in 1880 Jefferson, Alexandria, Virginia, USA · Dwelling Number 97 · Race White · Gender Male · Relation to Head of House Self (Head) · Marital Status Married · Spouse's Name Emma P. Hume · Household Members Frank Hume 35 Self (Head), Emma P. Hume 30 Wife, Alice Hume 7 Daughter, Frank Hume 6 Son, Emma N. Hume 4 Daughter, Robert S. Hume 3 Son, Nanny G. Hume 1 Daughter, May Hume 1/12 Daughter”",district
"Fred A. Gosnell, Sr.",1931,Livingstone Heights,stated directly,inskeep1931 p.A-5,"“Two of the members are from Clarendon, which, because of its dense population, is thought to deserve more representation than other portions. They are Mrs. Elizabeth Barron Magruder and Lyman M. Kelly. The northern area will be represented by Fred A. Gosnell, who lives at Livingstone Heights; the western portion by Harry A. Fellows of East Falls Church, and the southern portion by John C. Gall of Aurora Hills.”",neighborhood
"Fred A. Gosnell, Sr.",1940,"N Glebe Road, house number 1239","census listing; read against the sheet, which agrees",census1940gosnell,"“Name Fred A Gosnell · Age 48 · Estimated Birth Year abt 1892 · Gender Male · Race White · Birthplace South Carolina · Marital Status Married · Relation to Head of House Head · Home in 1940 Arlington, Virginia · Street N Glebe Road · House Number 1239 · Farm No · Inferred Residence in 1935 Arlington, Virginia · Sheet Number 28B · Number of Household in Order of Visitation 564 · Occupation Stautician · House Owned or Rented Owned · Value of Home 12000”",address
Frederick S. Corbett,1880,Arlington,"census listing, read against the sheet, which agrees; matched on the name, Alexandria County and the occupation, sheriff; the sheet's heading gives the district, Arlington, and there is no street column; the heading is legible",census1880corbett,"“Name Frederick S. Corbett · Age 24 · Birth Date Abt 1856 · Birthplace Virginia · Home in 1880 Arlington, Alexandria, Virginia, USA · Dwelling Number 146 · Race White · Gender Male · Relation to Head of House Self (Head) · Marital Status Married · Spouse's Name Ida C. Corbett · Occupation Sheriff · Household Members Frederick S. Corbett 24 Self (Head), Ida C. Corbett 24 Wife, Edith S. Corbett 2 Daughter”",district
"G.N. “Jay” Fisette, Jr.",1987,Ashton Heights neighborhood,stated directly,arlingtonva2014fisette,"“Fisette and his husband, Bob Rosen, have been residents of the Ashton Heights neighborhood since 1987.”",neighborhood
"G.N. “Jay” Fisette, Jr.",1987,Ashton Heights neighborhood,stated directly,connection2012,"“Fisette and his partner, Bob Rosen, have been residents of the Ashton Heights neighborhood since 1987.”",neighborhood
"George M. Rowzee, Jr.",1950,"South 29th Street, house number 4803","census listing; read against the sheet, which agrees",census1950rowzee,"“Name George M Rowzee Jr · Age 37 · Birth Date abt 1913 · Gender Male · Race White · Birth Place District of Columbia · Marital Status Married · Relation to Head of House Head · Residence Date 1950 · Home in 1950 All Places, Arlington, Virginia, USA · Street Name South 29th Street · House Number 4803 · Dwelling Number 63 · Occupation Cashier · Industry Bank · Household Members George M Rowzee Jr 37 Head, M Elisabeth Rowzee 37 Wife”",address
George M. Yeatman,1940,"N Pershing, house number 3113","census listing; read against the sheet, which agrees",census1940yeatman,"“Name George M Yeatman · Age 54 · Estimated Birth Year abt 1886 · Gender Male · Race White · Birthplace District of Columbia · Marital Status Married · Relation to Head of House Head · Home in 1940 Arlington, Virginia · Street N Pershing · House Number 3113 · Farm No · Inferred Residence in 1935 Arlington, Virginia · Sheet Number 12A · Number of Household in Order of Visitation 224 · Occupation Manager”",address
George N. Saegmulller,1880,Washington District,"census listing; the index and the sheet spell the surname Sagmuller where the roster prints Saegmulller; matched on the given name, the middle initial, the surname and the Washington district, the district he sat for in 1899-1901; read against the sheet, which agrees; the sheet's heading gives the district, Washington District, and there is no street column; the name, the age and the district heading are legible, so the reading is firm",census1880saegmuller,"“Washington District, page 15 (stamped 457) A, line 37 · Sagmuller, Geo. N., W M 33, married, Astronomical Inst. maker · Mariah J., wife, 25 · John L., son, 5 · Fred., son, 2 · Vandenburgh, G., W M 60, father-in-law, married · Sarah, mother-in-law, 56”",district
George N. Saegmulller,1900,"Maryland Ave. S.W., house number 134, Washington City, District of Columbia","census listing; a record outside the county, in Washington City, in the year he sat for the Washington district; matched on the name, the birth, February 1847 in Germany, and the occupation, instrument maker, which agree with the 1880 record in Alexandria County, and on the sons Lee and George born in Virginia; no Saegmuller is in the county's 1900 schedule; read against the sheet, which agrees; the street column reads Maryland Ave. S.W. and the house number 134; the sheet's heading gives Washington City, District of Columbia; the name, the age and the district heading are legible, so the reading is firm",census1900saegmuller,"“District of Columbia, Washington City, sheet 16 B, street column Maryland Ave. S.W., house number 134, line 64 · Saegmuller, Geo., head, W M, Feb 1847, 53, married 26 years, born Germany · R. J., wife, 48, born Wisconsin · Lee J., son, 24, born Virginia · George Jr., son, 16, born Virginia · Richmann, Elsa, niece, 19 · Chinn, Fannie, servant, B, 15”",address
George W. Veitch,1880,Arlington,"census listing, read against the sheet, which agrees; the index gives no middle initial; matched on the name and Alexandria County; the sheet's heading gives the district, Arlington, and there is no street column; the heading is legible",census1880veitch,"“Name George Veitch · Age 44 · Birth Date Abt 1836 · Birthplace Virginia · Home in 1880 Arlington, Alexandria, Virginia, USA · Dwelling Number 135 · Race White · Gender Male · Relation to Head of House Self (Head) · Marital Status Married · Spouse's Name Margaret J. Veitch · Occupation Farmer · Household Members George Veitch 44 Self (Head), Margaret J. Veitch 38 Wife, Arthur W. Veitch 10 Son, Jesse Veitch 8 Son, George A. Veitch 7 Son, Harry C. Veitch 5 Son, Morgan E. Veitch”",district
Gilbert Vandenberg,1880,Washington District,"census listing; the index and the sheet give the initial G. only and spell the surname Vandenburgh; matched on the initial, the surname and the Washington district, the district he sat for in 1874-77; he is George N. Saegmuller's father-in-law, in the household of another member of the Board; a weak match, the initial alone standing for the given name; read against the sheet, which agrees; the sheet's heading gives the district, Washington District, and there is no street column; the name, the age and the district heading are legible, so the reading is firm",census1880vandenberg,"“Washington District, page 15 (stamped 457) A, line 41 · Vandenburgh, G., W M 60, father-in-law, married · Sarah, mother-in-law, 56 · in the household of Sagmuller, Geo. N., line 37”",district
Harold J. Casto,,the northernmost section of the County,stated directly,pratt1995 p.35 n.10,"“The Board was composed of three Republican members, Messrs. Ned Thomas, Kenneth Haggerty and Harold Casto, and two ABC-Democrat members, Messrs. Joseph Fisher and Thomas Richards, all of whom lived in the northernmost section of the County and far from the subject property.”",side
Harold J. Casto,1967,3557 N. Abingdon St.,stated directly,sun1967gop p.20,"“Living with his wife and three children at 3557 N. Abingdon St., Casto has been a member of several civic and school groups.”",address
Harry A. Fellows,1931,East Falls Church,stated directly,inskeep1931 p.A-5,"“Two of the members are from Clarendon, which, because of its dense population, is thought to deserve more representation than other portions. They are Mrs. Elizabeth Barron Magruder and Lyman M. Kelly. The northern area will be represented by Fred A. Gosnell, who lives at Livingstone Heights; the western portion by Harry A. Fellows of East Falls Church, and the southern portion by John C. Gall of Aurora Hills.”",neighborhood
Harry A. Fellows,1934,"Memorial drive, East Falls Church, Va.",stated directly,star1934fellows p.B-3,"“Mrs. Harry A. Fellows, East Falls Church, Va., entertained at a beautifully appointed family luncheon at her home on Memorial drive yesterday.”",street
Harry W. Cuppett,1947,1011 North Stafford street,stated directly,tad1947cuppett p.1,"“Harry W. Cuppett, 1011 North Stafford street, Arlington hardware dealer, has been appointed to the Arlington County Board by Circuit Court Judge Walter T. McCarthy, it was announced this morning.”",address
Harry W. Cuppett,1947,1011 North Stafford Street,stated directly,tad1947oath p.1,"“The Cuppetts, who live at 1011 North Stafford Street, have one daughter, Mrs. Hazel Cuppett Long, who, incidentally, is Arlington County deputy sheriff under Sheriff Homer Bauserman.”",address
Harry W. Cuppett,1947,1011 North Stafford Street,stated directly,sun1947candidates p.3,“He is 56 years old and his home is at 1011 North Stafford Street.”,address
Harry W. Cuppett,1950,"Stafford, house number 1011","census listing; read against the sheet, which agrees",census1950cuppett,"“Name Harry W Cuppett · Age 58 · Birth Date abt 1892 · Gender Male · Race White · Birth Place District of Columbia · Marital Status Married · Relation to Head of House Head · Residence Date 1950 · Home in 1950 All Places, Arlington, Virginia, USA · Street Name Stafford · House Number 1011 · Dwelling Number 108 · Inferred Previous Residence Place All Places, Arlington, Virginia · Occupation Owner and Manager · Industry Retail Hardware Store”",address
Henry W. Febrey,1880,Washington District,"census listing; the index reads the surname as Febery and gives no middle initial; matched on the name and Alexandria County; read against the sheet, which agrees; the enumerator writes the surname Febery, as the index reads it; the sheet's heading gives the district, Washington District, and there is no street column; the heading is legible",census1880febrey,"“Name Henry Febery [Henry Febrey] · Age 52 · Birth Date Abt 1828 · Birthplace Virginia · Home in 1880 Washington, Alexandria, Virginia, USA · Dwelling Number 8 · Race White · Gender Male · Relation to Head of House Self (Head) · Marital Status Married · Spouse's Name Margaret Febery · Occupation Farmer · Household Members Henry Febery 52 Self (Head), Margaret Febery 49 Wife, William Febery 29 Son, James Febery 27 Son, Lillie Febery 21 Daughter, Nettie Febery 20 Daughter”",district
"Herbert L. Brown, Jr.",1957,2710 South Hayes street,stated directly,star1957brown,"“Mr. Brown’s home is at 2710 South Hayes street, a short distance from the homes of David L. Krupsaw and Mrs. Leone Buchholz.”",address
Horatio Ball,1880,Arlington,"census listing, read against the sheet, which agrees; matched on the name and Alexandria County; the sheet's heading gives the district, Arlington, and there is no street column; the heading is legible",census1880ball,"“Name Horatio Ball · Age 53 · Birth Date Abt 1827 · Birthplace Virginia · Home in 1880 Arlington, Alexandria, Virginia, USA · Dwelling Number 190 · Race White · Gender Male · Relation to Head of House Self (Head) · Marital Status Married · Spouse's Name Mary Ball · Occupation Farmer · Household Members Horatio Ball 53 Self (Head), Mary Ball 41 Wife, Artimicia Ball 19 Daughter, William M. Ball 15 Son, Alonzo B. Ball 13 Son”",district
Howard R. Massey,1950,"23rd Rd, number 4300","census listing; read against the sheet, which agrees",census1950massey,"“Name Howard R Massey · Age 40 · Birth Date abt 1910 · Gender Male · Race White · Birth Place District of Columbia · Marital Status Married · Relation to Head of House Head · Residence Date 1950 · Home in 1950 All Places, Arlington, Virginia, USA · Street Name 23rd Rd · Apartment Number 4300 · Dwelling Number 83 · Occupation Assistant Cashier Assistant Manger · Industry Bank · Household Members Howard R Massey 40 Head, Amelia B Massey”",address
Howard R. Massey,1952,4300 North 23rd Street,stated directly,dailysun1952appointees p.1,“Massey lives at 4300 North 23rd Street. He is assistant cashier and assistant manager fo the DuPont Circle branch of the Riggs National Bank.”,address
J. Walter Tejada,2008,Dominion Hills area of Arlington,stated directly,markon2008,"“Tejada, who is married to a teacher, Robin Tejada, and lives in the Dominion Hills area of Arlington, said that although he intends to represent all county residents, his ultimate focus will be on ensuring ""fairness and justice for a multitude of people who feel they are under attack.""”",neighborhood
J. Walter Tejada,2015,Dominion Hills,stated directly,mccaffrey2015,"“Tejada lives in Dominion Hills with his wife, Robin Liten-Tejada, a county teacher and school administrator.”",neighborhood
Jay E. Ricks,1967,3153 N. Military Road,stated directly,sun1967gop p.20,"“The couple have three children, Douglas, 5, Stephen, 3, and Catherine, 2 and live at 3153 N. Military Road.”",address
John A. Tillema,1950,"N. Harvard St., house number 1903","census listing; read against the sheet, which agrees",census1950tillema,"“Name John A Tillema · Age 63 · Birth Date abt 1887 · Gender Male · Race White · Birth Place Iowa · Marital Status Married · Relation to Head of House Head · Residence Date 1950 · Home in 1950 All Places, Arlington, Virginia, USA · Street Name N. Harvard St. · House Number 1903 · Dwelling Number 212 · Occupation Proprietor Service Servic · Industry Auto Risety · Household Members John A Tillema 63 Head, Ruth K Tillema 48 Wife”",address
John A. Tillema,1952,1903 North Howard Street,stated directly,dailysun1952appointees p.1,"“Tillema, who lives at 1903 North Howard Street, also has never sought public office, and holds Ph. D and Master's In Law degrees from the university and also a degree of Doctor of Juridical Science from Harvard.”",address
John B. Syphax,1880,Arlington,"census listing, read against the sheet, which agrees; the record reads Mulatto, coded Black as Pinn's 1880 record is; matched on the name, Alexandria County and the occupation, justice of the peace; the sheet's heading gives the district, Arlington, and there is no street column; the heading is legible",census1880syphax,"“Name John Syphax · Age 41 · Birth Date Abt 1839 · Birthplace Virginia · Home in 1880 Arlington, Alexandria, Virginia, USA · Dwelling Number 104 · Race Mulatto · Gender Male · Relation to Head of House Son · Marital Status Single · Mother's Name Maria Syphax · Occupation Justice of the peace · Household Members Maria Syphax 76 Self (Head), Austin Syphax 49 Son, Shorter Syphax 47 Son, John Syphax 41 Son”",district
John C. Gall,1931,Aurora Hills,stated directly,inskeep1931 p.A-5,"“Two of the members are from Clarendon, which, because of its dense population, is thought to deserve more representation than other portions. They are Mrs. Elizabeth Barron Magruder and Lyman M. Kelly. The northern area will be represented by Fred A. Gosnell, who lives at Livingstone Heights; the western portion by Harry A. Fellows of East Falls Church, and the southern portion by John C. Gall of Aurora Hills.”",neighborhood
John C. Gall,1940,"No Vermont, house number 4521","census listing; read against the sheet, which agrees",census1940gall,"“Name John C Gall · Age 39 · Estimated Birth Year abt 1901 · Gender Male · Race White · Birthplace North Carolina · Marital Status Married · Relation to Head of House Head · Home in 1940 Arlington, Virginia · Street No Vermont · House Number 4521 · Farm No · Inferred Residence in 1935 Arlington, Virginia · Sheet Number 8A · Number of Household in Order of Visitation 151 · Occupation Lawyer · House Owned or Rented Owned”",address
John D. Payne,1880,Arlington,"census listing; matched on the name, the middle initial and Alexandria County; the record is in the Arlington district and he sat for Washington in 1885-87, so the match rests on the name alone; read against the sheet, which gives the occupation as works on farm where the index reads Worker; the sheet's heading gives the district, Arlington, and there is no street column; the name, the age and the district heading are legible, so the reading is firm",census1880paynejohn,"“Arlington, page 34 B, line 34 · Payne, John D., W M 25, married, works on farm · Louisa, wife, 20 · Bertha S., daughter, 8/12 · William, brother, 17 · Freddy, sister, 13”",district
John E. Vihstadt,2018,Tara-Leeway Heights,stated directly,arlingtonmagazine2018,“He has lived on Columbia Pike and now owns a home in Tara-Leeway Heights.”,neighborhood
John W. Clark,1900,Arlington District,"census listing; matched on the name, the middle initial and the Arlington district, the district he sat for in 1893-95; the only John W. Clark heading a household in the county in 1900; read against the sheet, which agrees; the sheet's heading gives the district, Arlington District, and the street column is blank; the name, the age and the district heading are legible, so the reading is firm",census1900clark,"“Arlington District, sheet 14 B, line 52 · Clark, John W., head, W M, Mar 1843, 56, married 13 years, born New York, Hotel Prop. · Julia M., wife, 38 · John H., son, 11 · Julia W., daughter, 9 · Walter P., son, 7”",district
John W. Pendleton,1880,Jefferson Township,"census listing; matched on the name, the middle initial and the Jefferson district, the district he sat for in 1883-85; the occupation, justice of the peace, is a county office; read against the sheet, which agrees; the sheet's heading gives the district, Jefferson Township, and there is no street column; the name, the age and the district heading are legible, so the reading is firm",census1880pendleton,"“Jefferson Township, page 16 (stamped 440) D, line 20 · Pendleton, John W., B M 32, married, Justice of the Peace, Brick Yard hand · Eliza J., wife, 26 · Penn, Elizabeth, adopted daughter, 11”",district
Joseph L. Fisher,,the northernmost section of the County,stated directly,pratt1995 p.35 n.10,"“The Board was composed of three Republican members, Messrs. Ned Thomas, Kenneth Haggerty and Harold Casto, and two ABC-Democrat members, Messrs. Joseph Fisher and Thomas Richards, all of whom lived in the northernmost section of the County and far from the subject property.”",side
Joseph L. Fisher,1967,2608 N. 24th St.,stated directly,sun1967gop p.20,"“His wife, Peggy, and Fisher have seven children ranging in age from 8 to 24, and the couple have sent their children through Arlington's schools. They live at 2608 N. 24th St.”",address
"Julius D. ""JD"" Spain, Sr.",2009,Butler-Holmes subdivision of the Penrose community,stated directly,arlingtonva2026spain,"“A longtime Arlington resident, Spain and his wife of 33 years have lived in the historic Butler- Holmes subdivision of the Penrose community since 2009.”",neighborhood
"Kate A. ""Katie"" Cristol",2023,off Columbia Pike,stated directly,arlingtonva2023cristol,"“She and her husband, Steve, and their son Cary, live off Columbia Pike, one of the most diverse corridors both in the County and the metropolitan region.”",neighborhood
Leo C. Lloyd,1940,"N Fillmore, house number 1414","census listing; read against the sheet, which agrees",census1940lloyd,"“Name Leo C Lloyd · Respondent Yes · Age 50 · Estimated Birth Year abt 1890 · Gender Male · Race White · Birthplace District of Columbia · Marital Status Married · Relation to Head of House Head · Home in 1940 Arlington, Virginia · Street N Fillmore · House Number 1414 · Farm No · Inferred Residence in 1935 Arlington, Virginia · Residence in 1935 Virginia · Sheet Number 14A · Number of Household in Order of Visitation 28”",address
Leo C. Lloyd,1947,4764 N. 24th Road,stated directly,tad1947lloyd p.1,"“Leo C. Lloyd, a member and former chairman of the Arlington County Board, died suddenly at 7:15 a.m. today at his home, 4764 N. 24th Road.”",address
"Leo Urbanske, Jr.",1950,"So. 15th St., house number 1110","census listing; read against the sheet, which agrees",census1950urbanske,"“Name Leo Urbanske Jr · Age 27 · Birth Date abt 1923 · Gender Male · Race White · Birth Place Washington, District of Columbia · Marital Status Married · Relation to Head of House Head · Residence Date 1950 · Home in 1950 All Places, Arlington, Virginia, USA · Street Name So. 15th St. · House Number 1110 · Apartment Number 87 · Dwelling Number 78 · Inferred Previous Residence Place All Places, Arlington, Virginia · Occupation Testman · Industry Telephone Company”",address
"Leo Urbanske, Jr.",1962,South 19th Street near what is now Crystal City,stated directly,pratt1995 p.24,"“In 1962, Mr Leo Urbanske, Jr., who resided on South 19th Street near what is now Crystal City, was elected to the County Board with the support and endorsement of the ABC organization.”",street
"Leo Urbanske, Jr.",1962,South Arlington,stated directly,pratt1995 p.24,"“He was the last citizen from South Arlington to be elected to the Board for almost 30 years until the election of Board member William T. Newman, Jr., in 1988, as mentioned above.”",side
Leone B. Buchholz,1957,a short distance from 2710 South Hayes street,stated directly,star1957brown,"“Mr. Brown’s home is at 2710 South Hayes street, a short distance from the homes of David L. Krupsaw and Mrs. Leone Buchholz.”",street
Libby T. Garvey,2012,Fairlington Civic Association,stated directly,connection2012,"“She has been vice president of the County Council of PTAs, vice president of the Fairlington Civic Association and vice chairwoman of the Advisory Council on Instruction.”",neighborhood
Libby T. Garvey,2020,Fairlington neighborhood,stated directly,arlingtonmagazine2020,"“An Arlington resident since 1977, she lives in the Fairlington neighborhood.”",neighborhood
Lucas H. Blevins,1950,"3300 R Spring, house number 3240","census listing; read against the sheet, which agrees",census1950blevins,"“Name Lucas H Blevins · Age 37 · Birth Date abt 1913 · Gender Male · Race White · Birth Place Virginia · Marital Status Married · Relation to Head of House Head · Residence Date 1950 · Home in 1950 All Places, Arlington, Virginia, USA · Street Name 3300 R Spring · House Number 3240 · Dwelling Number 62 · Occupation Dentist · Industry Own Office · Household Members Lucas H Blevins 37 Head, Jean H Blevins”",address
Lyman M. Kelley,1931,Clarendon,stated directly,inskeep1931 p.A-5,"“Two of the members are from Clarendon, which, because of its dense population, is thought to deserve more representation than other portions. They are Mrs. Elizabeth Barron Magruder and Lyman M. Kelly. The northern area will be represented by Fred A. Gosnell, who lives at Livingstone Heights; the western portion by Harry A. Fellows of East Falls Church, and the southern portion by John C. Gall of Aurora Hills.”",neighborhood
Lyman M. Kelley,1940,"North Quincy Street, house number 937","census listing; read against the sheet, which agrees",census1940kelley,"“Name Lyman Kelley · Age 38 · Estimated Birth Year abt 1902 · Gender Male · Race White · Birthplace Virginia · Marital Status Married · Relation to Head of House Head · Home in 1940 Arlington, Virginia · Street North Quincy Street · House Number 937 · Farm No · Inferred Residence in 1935 Arlington, Virginia · Sheet Number 1A · Number of Household in Order of Visitation 11 · Occupation Broker-Insurance”",address
M. Rex Byrne,1952,202 North Highland Street,stated directly,dailysun1952appointees p.1,"“Byrne lives at 202 North Highland Street, and has never been a candidate for any political office.”",address
Mary H. Hynes,,the Clarendon neighborhood,stated directly,mccaffrey2024b,"“Perhaps transportation policy was sitting latent in her civic DNA until activated years later: When Hynes, her husband Patrick and their children moved to the Clarendon neighborhood more than four decades ago, the neighborhood had just seen massive construction related to Metro’s Orange Line, and was almost ready to begin reaping the economic-development rewards of that transit access.”",neighborhood
"Matthew D. ""Matt"" de Ferranti",2026,Rock Spring neighborhood,stated directly,arlingtonva2026deferranti,"“A 2015 Leadership Arlington graduate, 2016 graduate of the Sorensen Institute for Political Leadership, and 2017 graduate of Arlington Neighborhood College, Matt grew up in neighboring McLean and lives in the Rock Spring neighborhood with his wife, Brooke, and their daughter, son, and dog.”",neighborhood
Maureen E. Coffey,2026,Clarendon-Courthouse Civic Association,stated directly,arlingtonva2026coffey,"“Locally, she has served as a board member of the Arlington County Civic Federation (CivFed) and has been an active member of the Clarendon-Courthouse Civic Association.”",neighborhood
Michael E. Brunner,1983,North Arlington,stated directly,pratt1995 p.35 n.8,"“Michael E. Brunner, a resident of North Arlington.”",side
Millard F. Birth,1900,Arlington District,"census listing; the index reads the surname as Birch, and so does the sheet, where the roster (O'Leary) prints Birth; matched on the given name, the middle initial and the Arlington district, the district he sat for in 1891-93; no Birth is in the county in 1880, 1900 or 1910, so the roster's surname is taken as a misprint of this one, a weak match until a second source spells it; read against the sheet, which gives the name as Millard F. Birch; the sheet's heading gives the district, Arlington District, and the street column is blank; the name, the age and the district heading are legible, so the reading is firm",census1900birth,"“Arlington District, sheet 19 B, line 57 · Birch, Millard F., head, W M, Nov 1853, 46, married 25 years, born Virginia · Mary, wife, 40 · Susie, daughter, 16 · Bertha, daughter, 15 · Claude H., son, 22 · Bowie T., son, 20 · Ida, daughter-in-law, 21 · Allen, grandson, 1 · Walker, John, boarder, 60”",district
Ned R. Thomas,,the northernmost section of the County,stated directly,pratt1995 p.35 n.10,"“The Board was composed of three Republican members, Messrs. Ned Thomas, Kenneth Haggerty and Harold Casto, and two ABC-Democrat members, Messrs. Joseph Fisher and Thomas Richards, all of whom lived in the northernmost section of the County and far from the subject property.”",side
Ned R. Thomas,1966,3411 Arlington Blvd.,stated directly,sun1966thomas p.4,"“The following letter has been sent to Ned R. Thomas, 3411 Arlington Blvd.”",address
Paul F. Ferguson,2023,Fairlington,campaign material,branch2023ferguson,“He lives with his wife and two children in Fairlington.”,neighborhood
Perkins W. Squier,1880,Arlington,"census listing, read against the sheet, which agrees; the index reads the surname as Squires; matched on the name and Alexandria County; the sheet's heading gives the district, Arlington, and there is no street column; the heading is legible",census1880squier,"“Name Perkins Squires · Age 29 · Birth Date Abt 1851 · Birthplace New York · Home in 1880 Arlington, Alexandria, Virginia, USA · Dwelling Number 273 · Race White · Gender Male · Relation to Head of House Self (Head) · Marital Status Single · Occupation Postmaster · Household Members Perkins Squires 29 Self (Head)”",district
R. Henry Phillips,1900,Washington District,"census listing; the index reads the middle initial as A or K and the sheet reads H; matched on the initials R. H., the surname and the Washington district, the district he sat for in 1893-95; the only Phillips heading a household in the district in 1900 whose given name begins with R; a weak match, two initials and a district standing for the name; read against the sheet, which gives the name as Robert H. Phillips where the index reads Robert A or Robert K; the middle initial is uncertain, read as H; the sheet's heading gives the district, Washington District, and the street column is blank at his line, a street label the index reads as Millery Rad beginning six lines below; the surname, the given name and the heading are legible",census1900phillips,"“Washington District, sheet 10 A, line 40, dwelling 155, family 155 · Phillips, Robert H., head · Mary I., wife · Margueritte, daughter · Barbour, Andrew, father-in-law · Gieble, Mary, servant · Achensold, Alfred, boarder”",district
Ralph Kaul,1955,1101 North Nash street,stated directly,preston1955 p.B-2,"“Mr. Kaul is president of a land development, building and financing firm bearing his name. He served for three years on the Board of Zoning Appeals, was chairman of the Citizens’ Advisory Committee on Housing and is a member of the Citizens’ Committee for School Improvement. He is married, has two children and lives at 1101 North Nash street.”",address
Rezin W. Darbey,1900,Arlington District,"census listing; the index reads the name as Rezi? W Darby; matched on the name and Alexandria County; read against the sheet, which agrees; the sheet gives the name in full as Rezin W. Darby where the index reads Rezi?; the sheet's heading gives the district, Arlington District, and the street column is blank; the heading is legible",census1900darbey,"“Name Rezi? W Darby [Rezin W Darby] · Age 50 · Birth Date Mar 1850 · Birthplace Maryland, USA · Home in 1900 Arlington, Alexandria, Virginia · House Number 3 · Sheet Number 22 · Race White · Gender Male · Relation to Head of House Head · Marital Status Married · Spouse's Name Clara M Darby · Marriage Year 1879 · Occupation Contractor Builder”",district
Richard W. Johnston,1880,Jefferson Township,"census listing; matched on the name, the middle initial and the Jefferson district, the district he sat for in 1885-87; a 23-year-old in 1880 would be 28 when seated; read against the sheet, which agrees; on the same sheet as Pendleton; the sheet's heading gives the district, Jefferson Township, and there is no street column; the name, the age and the district heading are legible, so the reading is firm",census1880johnston,"“Jefferson Township, page 16 (stamped 440) D, line 41 · Johnston, Rich'd W., W M 23, married, Farmer · Maggie L., wife, 23 · Morgan, son, 2”",district
Roach,1870,Jefferson Township,"census listing; the roster gives the surname only for the Jefferson seat taken in September 1870; matched on the surname and the Jefferson district in the year he sat; the only Roach heading a household in the district in 1870, the other adult Roach there, John, 19, being in his household, and a farmer holding $40,000 in land; a weak match, the surname alone standing for the name; read against the sheet, which gives the name as James C. Roach where the index reads Jame C; the sheet's heading gives the district, Jefferson Township, and there is no street column; the name, the age and the heading are legible, so the reading is firm",census1870roach,"“Jefferson Township, page 27 (stamped 205), enumerated 13 August 1870, post office Alexandria, line 3, dwelling 175, family 215 · Roach, James C., 32, M W, Farmer, real estate 40,000, personal estate 200 · Rebecca, 23, keeping house · Roberta, 1 · Elizabeth, 3 · John, 19, farmer · Cisson, Townley, 14, at home”",district
Robert A. Peck,1950,"N. Vernon St., house number 2530","census listing; read against the sheet, which agrees",census1950peck,"“Name Robert A Peck · Age 36 · Birth Date abt 1914 · Gender Male · Race White · Birth Place Ohio · Marital Status Married · Relation to Head of House Head · Residence Date 1950 · Home in 1950 All Places, Arlington, Virginia, USA · Street Name N. Vernon St. · House Number 2530 · Dwelling Number 150 · Inferred Previous Residence Place Arlington, Virginia · Occupation Manager Co Proprietor · Industry Automobile Retail Store”",address
Robert H. Detwiler,1952,5027 North Thirtieth street,stated directly,star1952detwiler p.1,"“Dr. Detwiler, 42, lives at 5027 North Thirtieth street. He is a pediatrician and a former president of the Arlington County Medical Society.”",address
Robert W. Cox,1950,"S. 2nd St., house number 2518","census listing; read against the sheet, which agrees",census1950cox,"“Name Robert W Cox · Age 33 · Birth Date abt 1917 · Gender Male · Race White · Birth Place Virginia · Marital Status Married · Relation to Head of House Head · Residence Date 1950 · Home in 1950 All Places, Arlington, Virginia, USA · Street Name S. 2nd St. · House Number 2518 · Dwelling Number 20 · Occupation Budget Officer · Industry U.s Federal Communications Com · Household Members Robert W Cox 33 Head, Ruth Cox 34 Wife”",address
Samuel Titus,1880,Washington District,"census listing, read against the sheet, which agrees; matched on the name and Alexandria County; the sheet's heading gives the district, Washington District, and there is no street column; the heading is legible",census1880titus,"“Name Samuel Titus · Age 65 · Birth Date Abt 1815 · Birthplace Virginia · Home in 1880 Washington, Alexandria, Virginia, USA · Dwelling Number 8 · Race White · Gender Male · Relation to Head of House Self (Head) · Marital Status Married · Spouse's Name Martha Titus · Occupation Farmer · Household Members Samuel Titus 65 Self (Head), Martha Titus 65 Wife, Indianna Titus 24 Daughter, Bell Hitchcock 23 Niece”",district
Susan R. Cunningham,2024,Donaldson Run,campaign material,cunningham2024,"“She has lived in National Landing, East Falls Church, Washington DC’s Capitol Hill, and Donaldson Run, and worked in Arlington Mill, Bluemont, Clarendon-Courthouse, Green Valley, and Long Branch Creek.”",neighborhood
Susan R. Cunningham,2026,Donaldson Run Civic Association,stated directly,arlingtonva2026cunningham,"“She has supported climate, safety net, and youth organizations, including as a board member for ChildTrends, Donaldson Run Civic Association, the Fishing School, GreenHOME, St. Mary's Episcopal Outreach, the SEED Foundation, and See Forever Foundation/Maya Angelou School.”",neighborhood
Takis P. Karantonis,2026,Columbia Heights neighborhood,stated directly,arlingtonva2026karantonis,“He lives with his family in the Columbia Heights neighborhood.”,neighborhood
Thomas W. Richards,,the northernmost section of the County,stated directly,pratt1995 p.35 n.10,"“The Board was composed of three Republican members, Messrs. Ned Thomas, Kenneth Haggerty and Harold Casto, and two ABC-Democrat members, Messrs. Joseph Fisher and Thomas Richards, all of whom lived in the northernmost section of the County and far from the subject property.”",side
Thomas W. Richards,1960,2653 North Richmond street,stated directly,barron1960 p.B-4,"“Thomas W. Richards, ABC candidate who won a seat on the Arlington County Board, reads congratulatory telegrams to his wife Ellen, and their two children, Cindy, 5, and Douglas, 7, at their home, 2653 North Richmond street.—Star Staff Photo.”",address
Tibbett Allen,1880,Jefferson Township,"census listing, read against the sheet, which agrees; matched on the name and Alexandria County; the sheet's heading gives the district, Jefferson Township, and there is no street column; the heading is legible",census1880allen,"“Name Tibbett Allen · Age 40 · Birth Date Abt 1840 · Birthplace Maryland · Home in 1880 Jefferson, Alexandria, Virginia, USA · Dwelling Number 122 · Race Black · Gender Male · Relation to Head of House Self (Head) · Marital Status Married · Spouse's Name Catharina Allen · Occupation Brickyard hand · Household Members Tibbett Allen 40 Self (Head), Catharina Allen 30 Wife, Laura V. Allen 2 Daughter, Ellen Chase 60 Mother-in-law, Chatham Gilbert 21 Brother-in-law”",district
Travis B. Pinn,1880,Jefferson Township,"census listing, read against the sheet, which agrees; the index reads the name as Travres B Pinn and the race as Mulatto, coded Black as Hjerpe's reading of the same record is; matched on the name and Alexandria County; the sheet's heading gives the district, Jefferson Township, and there is no street column; the heading is legible",census1880pinn,"“Name Travres B Pinn · Age 39 · Birth Date Abt 1841 · Birthplace Virginia · Home in 1880 Jefferson, Alexandria, Virginia, USA · Dwelling Number 37 · Race Mulatto · Gender Male · Relation to Head of House Self (Head) · Spouse's Name Susie Pinn · Occupation Farmer · Household Members Travers B. Pinn 7 Son, Centenniel Pinn 3 Daughter, Nancy Beckley 70 Mother-in-law, Travres B Pinn 39 Self (Head), Susie Pinn 33 Wife, Kowson W.t. Pinn 9 Son”",district
W. A. E. McShea,1930,"York Street, house number 100","census listing; the index gives William Mc Shea, the only W. McShea in Arlington in 1930; matched on the initial, the surname and Arlington; read off the sheet, which agrees with the index; matched on the initial, the surname and Arlington, and the head is a machinist for the U.S. Government, aged 65",census1930mcshea,"“Myer Heights · York Street · 100 · dwelling 231, family 231 · owned, $8,000 · McShea, William, head, 65, married, born District of Columbia, Machinist, U S Govt · Margaret, wife, 64”",address
W. N. Febrey County,1900,Washington District,"census listing, read against the sheet, which agrees; matched on the initials, the surname and the Washington district, the district he sat for; the one William N. Febrey household in the county's 1900, 1910, 1920 and 1930 schedules: the three records give the same marriage year, 1882, a wife born in the District of Columbia about 1860, and the daughter Annie Louise, and no second household of the name stands beside them in any of those years; the William, 29, of census1880febrey, the son of Henry W. Febrey, who sat for the same district in 1872; the sheet's heading gives the district, Washington District; the filed image's left edge cuts the street column, where the index reads Brown Avenue, so no street is read",census1900febrey,"“Washington District, sheet 3 B, lines 74-77, dwelling 44, family 44 · Febrey, William N., Head, W M, Nov 1851, 48, M 18, born Virginia, parents Virginia · Eliza F., Wife, W F, Apl 1860, 40, M 18, 2 children born, 2 living, born District Columbia, parents District Columbia · Henry W., Son, W M, July 1891, 9, S · Annie L., Daughter, W F, Feb 1895, 5, S · Graves, Lizzie, Servant, B F, July 1877, 22, S”",district
W. N. Febrey County,1910,Washington District (part of),"census listing, read against the sheet, which agrees; the index reads the name as William N Foberg, with William W Febery as an alternative, where the sheet reads Febrey, William N.; matched on the initials, the surname and the Washington district, the district he sat for; the one William N. Febrey household in the county's 1900, 1910, 1920 and 1930 schedules: the three records give the same marriage year, 1882, a wife born in the District of Columbia about 1860, and the daughter Annie Louise, and no second household of the name stands beside them in any of those years; the sheet's age of 51 does not agree with the November 1851 of census1900febrey and no birth year is read from it; the sheet's heading gives the district, Washington District (part of), and the street column is blank; the household is the last three lines of the sheet, Febrey, William N., head, 51, married 28 years, Fannie N., wife, 49, married 28 years, 3 children born and 2 living, born District Columbia, and Louise E., daughter, 13; the wife's given name and the head's age are the sheet's own, against Eliza F. and November 1851 in 1900",census1910febrey,"“Name William N Foberg [William W Foberg] [William W Febery] · Age in 1910 51 · Birth Date 1859 · Birthplace Virginia · Home in 1910 Washington, Alexandria, Virginia, USA · Sheet Number 15a · Race White · Gender Male · Relation to Head of House Head · Marital Status Married · Occupation Farmer · Industry General Farm · Enumeration District Number 0014 · Years Married 28”",district
W. N. Febrey County,1920,"Villa Road, house number 108","census listing, read against the sheet, which agrees; the index reads the name as William W Felrey, where the sheet reads Febrey, William N.; the household of census1900febrey twenty years on, the wife Eliza F. and the daughter Annie married to Ira H. Arnold, their son named Walter Febrey Arnold; the one William N. Febrey household in the county's 1900, 1910, 1920 and 1930 schedules: the three records give the same marriage year, 1882, a wife born in the District of Columbia about 1860, and the daughter Annie Louise, and no second household of the name stands beside them in any of those years; the sheet reads Febrey, William N. where the index reads William W Felrey, and Eliser F. for the wife; the heading gives Clarendon, Arlington Magisterial District, the street is written down the left margin, Villa Road, and the house number reads 108",census1920febrey,"“Clarendon, Arlington Magisterial District, sheet 32 A, lines 18-22, house 108, dwelling 226, family 227, street written down the left margin, Villa Road · Febrey, William N., Head, owned free, M W 66 M, born Virginia, parents Virginia · Eliser F., Wife, F W 55 M, born Washington [D.C.] · Arnold, Ira H., Son-in-Law, M W 28 M, born Virginia · Annie E., Wife, F W 24 M, born Virginia · Walter Febry, Son, M W 2, S, born Virginia”",address
W. P. Ames,1940,"W. Lee [abbreviation unread], Clarendon; house number as read 688","census listing; the index reads the surname as Arnes; matched on the initials, the surname and Arlington; read off the sheet, which gives the surname as Ames where the index reads Arnes; matched on the initials, the surname and Arlington, and the head is President of a lumber company; read again at full resolution on 26 September 2026: the street label, W. Lee and an abbreviation of a looped capital (H, P or B) and one or two letters, is written against lines 72 to 76 only, and a heavy wavy rule crosses the location columns between lines 76 and 77, below which the street column is blank to the foot of the sheet, so the sheet gives line 77 no street and W. Lee is the label of the household above, 3294 at line 74; the house number reads 68 and a third digit that is 5 or 8, not the index's 436; neither the street nor the number is firm, so only Clarendon is",census1940ames,"“Unincorporated place Clarendon · W. Lee [abbreviation unread] · 688 · dwelling 431 · owned · Ames, William P., head, 46, born Virginia, President, Lumber Co. · Eva V., wife, 45 · Mary F., daughter · William P., Jr., son, 20”",neighborhood
W.W. Douglas,1910,Arlington Magisterial District (Part),"census listing; matched on the initials, the surname and the Arlington district, the district he sat for in 1904-08; the only W. W. Douglas in the county in 1910, the other Douglas head there being Millard F.; read against the sheet, which agrees; the sheet's heading gives the district, Arlington Magisterial District (Part), and the street column is blank; the name, the age and the district heading are legible, so the reading is firm",census1910douglas,"“Arlington Magisterial District (Part), sheet 32 A, line 16 · Douglas, Will W., head, M W 49, married 10 years, born District of Columbia, Lawyer”",district
Walter Frankland,1975,2674 Marcey Road,stated directly,girard1975 p.2,"“The Arlington resident, who lives at 2674 Marcey Road, was initiated during the debate over the controversial transfer of O.U. Johansen, Washington-Lee High School principal last spring.”",address
Wesley W. Cooper,1950,"N. Longfellow St., house number 906","census listing; read against the sheet, which agrees",census1950cooper,"“Name Wesley W Cooper [Wesley William Cooper] · Age 37 · Birth Date abt 1913 · Gender Male · Race White · Birth Place Texas · Marital Status Married · Relation to Head of House Head · Residence Date 1950 · Home in 1950 All Places, Arlington, Virginia, USA · Street Name N. Longfellow St. · House Number 906 · Dwelling Number 200 · Occupation Attorney · Industry Law · Worker Class Own Business”",address
William A. Rowe,1880,Arlington,"census listing, read against the sheet, which agrees; the record reads Mulatto, coded Black as Pinn's 1880 record is; matched on the name and Alexandria County; the sheet's heading gives the district, Arlington, and there is no street column; the heading is legible",census1880rowe,"“Name William A. Rowe · Age 46 · Birth Date Abt 1834 · Birthplace Virginia · Home in 1880 Arlington, Alexandria, Virginia, USA · Dwelling Number 149 · Race Mulatto · Gender Male · Relation to Head of House Self (Head) · Marital Status Married · Spouse's Name Ellen B. Rowe · Occupation Farmer · Household Members George K. Rowe 12 Son, Anna E. Rowe 11 Daughter, John B. Rowe 9 Son, Robert D. Rowe 7 Son, William A. Rowe 46 Self (Head), Ellen B. Rowe 44 Wife”",district
William Duncan,1900,Jefferson District,"census listing; matched on the name and the Jefferson district, the district he sat for in 1895-99 and 1901-04; the sheet gives a middle initial, J., that the roster does not; the same household is on the 1910 sheet beside Edward Duncan's; read against the sheet, which gives the name as William J. Duncan and the age as 40; the sheet's heading gives the district, Jefferson District, and the street column is blank; the name, the age and the district heading are legible, though the sheet's own birth year and age do not agree",census1900duncan,"“Jefferson District, sheet 13 A, line 49 · Duncan, William J., head, W M, Aug 1854, 40, married 18 years, born Virginia, parents Ireland · Emelia, wife, 38, born New York · the household of James Duncan, 74, born Ireland, is the two lines above”",district
"William T. Newman, Jr.",1988,South Arlington,stated directly,pratt1995 p.24,"“He was the last citizen from South Arlington to be elected to the Board for almost 30 years until the election of Board member William T. Newman, Jr., in 1988, as mentioned above.”",side
