year,stage,tier,contest,party,date,method,counting,seats,winners,last_winner_votes,top_loser,top_loser_votes,margin_votes,votes_cast,margin_share,share_of,candidates,other_labels,contested_other,status,source,note
1870,general,before 1931,Arlington District,,May 28,,,1,H. Dwight Smith,,,,,,,,,,,not computed,oleary2010 p.9,O'Leary names the winner and no one else
1870,general,before 1931,Jefferson District,,May 28,,,1,Storm V. Boyd,,,,,,,,,,,not computed,oleary2010 p.9,O'Leary names the winner and no one else
1870,general,before 1931,Washington District,,May 28,,,1,Charles W. Payne,,,,,,,,,,,not computed,oleary2010 p.9,O'Leary names the winner and no one else
1871,general,before 1931,Arlington District,,May,,,1,H. Dwight Smith,,,,,,,,,,,not computed,oleary2010 p.9,O'Leary names the winner and no one else
1871,general,before 1931,Jefferson District,,May,,,1,William A. Rowe,,,,,,,,,,,not computed,oleary2010 p.9,O'Leary names the winner and no one else
1871,general,before 1931,Washington District,,May,,,1,Edward Deeble,,,,,,,,,,,not computed,oleary2010 p.9,O'Leary names the winner and no one else
1872,general,before 1931,Arlington District,,May 25,,,1,John B. Syphax,,,,,,,,,,,not computed,oleary2010 p.10,O'Leary names the winner and no one else
1872,general,before 1931,Jefferson District,,May 25,,,1,William A. Rowe,,,,,,,,,,,not computed,oleary2010 p.10,O'Leary names the winner and no one else
1872,general,before 1931,Washington District,,May 25,,,1,Henry W. Febrey,,,,,,,,,,,not computed,oleary2010 p.10,O'Leary names the winner and no one else
1873,general,before 1931,Arlington District,,May 24,,,1,Francis D. Schutt,,,,,,,,,,,not computed,oleary2010 p.10,O'Leary names the winner and no one else
1873,general,before 1931,Jefferson District,,May 24,,,1,William A. Rowe,,,,,,,,,,,not computed,oleary2010 p.10,O'Leary names the winner and no one else
1873,general,before 1931,Washington District,,May 24,,,1,Vacant – Samuel Titus appointed in Dec.,,,,,,,,,,,not computed,oleary2010 p.10,O'Leary names the winner and no one else
1874,general,before 1931,Arlington District,,May 23,,,1,Francis G. Schutt,,,,,,,,,,,not computed,oleary2010 p.11,O'Leary names the winner and no one else
1874,general,before 1931,Jefferson District,,May 23,,,1,William A. Rowe,,,,,,,,,,,not computed,oleary2010 p.11,O'Leary names the winner and no one else
1874,general,before 1931,Washington District,,May 23,,,1,Gilbert Vandenberg,,,,,,,,,,,not computed,oleary2010 p.11,O'Leary names the winner and no one else
1875,general,before 1931,Arlington District,,May 22,,,1,Francis G. Schutt,,,,,,,,,,,not computed,oleary2010 p.12,O'Leary names the winner and no one else
1875,general,before 1931,Jefferson District,,May 22,,,1,William A. Rowe,,,,,,,,,,,not computed,oleary2010 p.12,O'Leary names the winner and no one else
1875,general,before 1931,Washington District,,May 22,,,1,Gilbert Vandenberg,,,,,,,,,,,not computed,oleary2010 p.12,O'Leary names the winner and no one else
1877,general,before 1931,Arlington District,,May,,,1,William H. Robinson,,,,,,,,,,,not computed,oleary2010 p.13,O'Leary names the winner and no one else
1877,general,before 1931,Jefferson District,,May,,,1,William A. Rowe,,,,,,,,,,,not computed,oleary2010 p.13,O'Leary names the winner and no one else
1877,general,before 1931,Washington District,,May,,,1,Charles W. Payne,,,,,,,,,,,not computed,oleary2010 p.13,O'Leary names the winner and no one else
1879,general,before 1931,Arlington District,,May,,,1,William A. Rowe,,,,,,,,,,,not computed,oleary2010 p.14,O'Leary names the winner and no one else
1879,general,before 1931,Jefferson District,,May,,,1,Travis B. Pinn,,,,,,,,,,,not computed,oleary2010 p.14,O'Leary names the winner and no one else
1879,general,before 1931,Washington District,,May,,,1,Francis G. Schutt,,,,,,,,,,,not computed,oleary2010 p.14,O'Leary names the winner and no one else
1881,general,before 1931,Arlington District,,May,,,1,William A. Rowe,,,,,,,,,,,not computed,oleary2010 p.14,O'Leary names the winner and no one else
1881,general,before 1931,Jefferson District,,May,,,1,Travis B. Pinn,,,,,,,,,,,not computed,oleary2010 p.14,O'Leary names the winner and no one else
1881,general,before 1931,Washington District,,May,,,1,Christopher Costello,,,,,,,,,,,not computed,oleary2010 p.14,O'Leary names the winner and no one else
1883,general,before 1931,Arlington District,,May,,,1,Perkins W. Squier,,,,,,,,,,,not computed,oleary2010 p.15,O'Leary names the winner and no one else
1883,general,before 1931,Jefferson District,,May,,,1,John W. Pendleton,,,,,,,,,,,not computed,oleary2010 p.15,O'Leary names the winner and no one else
1883,general,before 1931,Washington District,,May,,,1,Christopher Costello,,,,,,,,,,,not computed,oleary2010 p.15,O'Leary names the winner and no one else
1885,general,before 1931,Arlington District,,1885-05-28,,,1,George W. Veitch,,,,,,,votes cast,2.0,,,not computed,alexandriagazette18850529p3,a candidate's count is not printed or not legible
1885,general,before 1931,Jefferson District,,1885-05-28,,,1,Richard W. Johnston,,,,,,,votes cast,2.0,,,not computed,alexandriagazette18850529p3,a candidate's count is not printed or not legible
1885,general,before 1931,Washington District,,1885-05-28,,,1,John D. Payne,,,,,,,votes cast,1.0,,,not computed,alexandriagazette18850529p3,no loser is named
1885,nomination,before 1931,Arlington District,Republican,1885-05-28,regular nomination,,1,W. A. Rowe,,,,,,,votes cast,1.0,,,not computed,alexandriagazette18850529p3,no losing candidate is named
1885,nomination,before 1931,Jefferson District,Republican,1885-05-28,regular nomination,,1,Dr. Tucker,,,,,,,votes cast,1.0,,,not computed,alexandriagazette18850529p3,no losing candidate is named
1887,general,before 1931,Arlington District,,May,,,1,Horatio Ball,,,,,,,,,,,not computed,oleary2010 p.17,O'Leary names the winner and no one else
1887,general,before 1931,Jefferson District,,May,,,1,Tibbett Allen,,,,,,,,,,,not computed,oleary2010 p.17,O'Leary names the winner and no one else
1887,general,before 1931,Washington District,,May,,,1,A. B. Grunwell,,,,,,,,,,,not computed,oleary2010 p.17,O'Leary names the winner and no one else
1889,general,before 1931,Arlington District,,1889-05-23,,,1,F. S. Corbett,,,,,,,votes cast,1.0,,,not computed,alexandriagazette18890525p3,no loser is named
1889,general,before 1931,Jefferson District,,1889-05-23,,,1,Frank Hume,,,,,,,votes cast,1.0,,,not computed,alexandriagazette18890525p3,no loser is named
1889,general,before 1931,Washington District,,1889-05-23,,,1,W. Wilson,,,,,,,votes cast,1.0,,,not computed,alexandriagazette18890525p3,no loser is named
1891,general,before 1931,Washington District,,1891-05-28,,,1,Wilson,,,,,,,votes cast,2.0,,,not computed,alexandriagazette18910529p3,a candidate's count is not printed or not legible
1891,general,before 1931,Arlington District,,May,,,1,Millard F. Birth,,,,,,,,,,,not computed,oleary2010 p.18,O'Leary names the winner and no one else
1891,general,before 1931,Jefferson District,,May,,,1,Frank Hume,,,,,,,,,,,not computed,oleary2010 p.18,O'Leary names the winner and no one else
1893,general,before 1931,Arlington District,,1893-05-25,,,1,John W. Clarke,172.0,M. F. Birch,130.0,42.0,302.0,0.1390728476821192,votes cast,2.0,,,computed,alexandriagazette18930526p3,read from the page image
1893,general,before 1931,Jefferson District,,1893-05-25,,,1,Frank Hume,,,,,,,votes cast,1.0,,,not computed,alexandriagazette18930526p3,no loser is named
1893,general,before 1931,Washington District,,1893-05-25,,,1,R. H. Phillips,151.0,J. Costello,52.0,99.0,222.0,0.44594594594594594,votes cast,3.0,,,computed,alexandriagazette18930526p3,read from the page image
1895,general,before 1931,Arlington District,,1895-05-23,,,1,Corbett,158.0,Hayes,101.0,57.0,390.0,0.14615384615384616,votes cast,4.0,,,computed,alexandriagazette18950524p3,read from the page image
1895,general,before 1931,Jefferson District,,1895-05-23,,,1,Duncan,162.0,Hume,119.0,43.0,281.0,0.15302491103202848,votes cast,2.0,,,computed,alexandriagazette18950524p3,read from the page image
1895,general,before 1931,Washington District,,1895-05-23,,,1,Grunwell,158.0,Palmer,85.0,73.0,243.0,0.3004115226337449,votes cast,2.0,,,computed,alexandriagazette18950524p3,read from the page image
1897,general,before 1931,Arlington District,,1897-05-27,,,1,Torreyson,,,,,,,votes cast,2.0,,,not computed,alexandriagazette18970529p3,"a candidate's count is not printed or not legible; There being a tie between Messrs. Corbett and Torreyson in Arlington district, these gentlemen to-day drew for the position and Mr. Torreyson won the prize."
1897,general,before 1931,Jefferson District,,1897-05-27,,,1,Duncan,,,,,,,votes cast,1.0,,,not computed,alexandriagazette18970529p3,no loser is named
1897,general,before 1931,Washington District,,1897-05-27,,,1,Saegmuller,,,,,,,votes cast,1.0,,,not computed,alexandriagazette18970529p3,no loser is named
1899,general,before 1931,Arlington District,,1899-05-25,,,1,Corbett,209.0,Werks,137.0,72.0,512.0,0.140625,votes cast,4.0,,,computed,alexandriagazette18990526p3,read from the page image
1899,general,before 1931,Jefferson District,,1899-05-25,,,1,D. N. Rust,233.0,Graham,188.0,45.0,421.0,0.10688836104513064,votes cast,2.0,,,computed,alexandriagazette18990526p3,read from the page image
1899,general,before 1931,Washington District,,1899-05-25,,,1,Saegmuller,163.0,Harrison,109.0,54.0,278.0,0.19424460431654678,votes cast,3.0,,,computed,alexandriagazette18990526p3,read from the page image
1901,general,before 1931,Arlington District,,1901-05-23,,,1,Darby,400.0,Corbett,74.0,326.0,474.0,0.6877637130801688,votes cast,2.0,,,computed,alexandriagazette19010524p3,read from the page image
1901,general,before 1931,Jefferson District,,1901-05-23,,,1,Duncan,281.0,Rust,130.0,151.0,411.0,0.36739659367396593,votes cast,2.0,,,computed,alexandriagazette19010524p3,read from the page image
1901,general,before 1931,Washington District,,1901-05-23,,,1,Costello,132.0,Saegmuller,110.0,22.0,242.0,0.09090909090909091,votes cast,2.0,,,computed,alexandriagazette19010524p3,read from the page image
1903,general,before 1931,Arlington District,,November 3,,,1,W.W. Douglas,,,,,,,,,,,not computed,oleary2010 p.23,O'Leary names the winner and no one else
1903,general,before 1931,Jefferson District,,November 3,,,1,D. N. Rust,,,,,,,,,,,not computed,oleary2010 p.23,O'Leary names the winner and no one else
1903,general,before 1931,Washington District,,November 3,,,1,W. N. Febrey County,,,,,,,,,,,not computed,oleary2010 p.23,O'Leary names the winner and no one else
1907,general,before 1931,Arlington District,,1907-11-05,,,1,Corbett,213.0,Hagan,189.0,24.0,402.0,0.05970149253731343,votes cast,2.0,,,computed,alexandriagazette1907election,read from the page image
1907,general,before 1931,Jefferson District,,1907-11-05,,,1,E. Duncan,61.0,Walter U. Varney,59.0,2.0,161.0,0.012422360248447204,votes cast,3.0,,,computed,alexandriagazette1907election,read from the page image
1907,general,before 1931,Washington District,,1907-11-05,,,1,W. N. Febrey,98.0,G. W. Donaldson,73.0,25.0,193.0,0.12953367875647667,votes cast,3.0,,,computed,alexandriagazette1907election,read from the page image
1915,general,before 1931,Arlington District,,1915-11-02,,,1,W. C. Wilbert,99.0,E. C. Hall,35.0,64.0,162.0,0.3950617283950617,votes cast,4.0,,,computed,alexandriagazette1915election,read from the page image
1915,general,before 1931,Jefferson District,,1915-11-02,,,1,Edward Duncan,181.0,Lawrence A. Hopkins,93.0,88.0,274.0,0.32116788321167883,votes cast,2.0,,,computed,alexandriagazette1915election,read from the page image
1915,general,before 1931,Washington District,,1915-11-02,,,1,Robert L. Walker,249.0,W. T. Weaver,191.0,58.0,440.0,0.1318181818181818,votes cast,2.0,,,computed,alexandriagazette1915election,read from the page image
1919,general,before 1931,Arlington District,,1919-11-04,,,1,Thomas J. DeLashmutt,411.0,F. C. Hall,191.0,220.0,746.0,0.2949061662198391,votes cast,4.0,,,computed,alexandriagazette19191105p1,read from the page image
1919,general,before 1931,Jefferson District,,1919-11-04,,,1,Edward Duncan,,,,,,,votes cast,4.0,,,not computed,alexandriagazette19191105p1,a candidate's count is not printed or not legible
1919,general,before 1931,Washington District,,1919-11-04,,,1,C. N. Ahalt,241.0,W. H. Payne,204.0,37.0,445.0,0.08314606741573034,votes cast,2.0,,,computed,alexandriagazette19191105p1,read from the page image
1931,general,1931 on,regular,,1931-11-03,,,5,Fred A. Gosnell; Harry A. Fellows; Elizabeth B. Magruder; John C. Gall; Lyman M. Kelly,,,,,9760.0,,votes cast,6.0,"Fred A. Gosnell: Republican, Harry A. Fellows: none printed, Elizabeth B. Magruder: none printed, John C. Gall: none printed, Lyman M. Kelly: none printed, William A.E. McShea: none printed",yes,not computed,arlingtonelections2021 p.6,the county's returns are incomplete: (others not mentioned)
1935,general,1931 on,regular,,1935-11-05,,,5,William A.E. McShea; George M. Yeatman; Elizabeth B. Mcgruder; William P. Ames; F. Freeland Chew,,,,,15869.0,,votes cast,5.0,"William A.E. McShea: none printed, George M. Yeatman: none printed, Elizabeth B. Mcgruder: none printed, William P. Ames: Republican, F. Freeland Chew: none printed",yes,not computed,arlingtonelections2021 p.10,the county lists five names for five seats and the Sun's report of the new Board names others
1939,general,1931 on,regular,,1939-11-07,,,5,Elizabeth B. Magruder; F. Freeland Chew; Edmund D. Campbell; Basil DeLashmutt; Leo Lloyd,4191.0,Fred Windridge,2753.0,1438.0,33689.0,0.04268455578972365,votes cast,8.0,"Elizabeth B. Magruder: Democratic, F. Freeland Chew: Democratic, Edmund D. Campbell: Democratic, Basil DeLashmutt: Democratic, Leo Lloyd: Democratic, Fred Windridge: Republican, William P. Ames: Republican, Dr. Victoria Meyers: Republican",yes,computed,arlingtonelections2021 p.12,
1940,general,1931 on,regular,,1940-11-05,,,1,Leo Lloyd,5538.0,Fred N. Windridge,4128.0,1410.0,9666.0,0.1458721291123526,votes cast,2.0,"Leo Lloyd: Democratic, Fred N. Windridge: Republican",yes,computed,arlingtonelections2021 p.12,
1941,general,1931 on,regular,,1941-11-04,,,1,Basil M. DeLashmutt,2199.0,William C. Ayres,598.0,1601.0,2797.0,0.5723989989274222,votes cast,2.0,"Basil M. DeLashmutt: none printed, William C. Ayres: none printed",unknown,computed,arlingtonelections2021 p.12,
1942,general,1931 on,regular,,1942-11-03,,,1,Edmund D. Campbell,,,,,,,votes cast,1.0,,unknown,not computed,arlingtonelections2021 p.13,the county's returns are incomplete: no vote count for campbell
1942,nomination,1931 on,regular,Democratic,,Democratic primary,,1,Edmund D. Campbell,,,,,,,votes cast,1.0,,,not computed,sun1942campbell,unopposed
1943,general,1931 on,regular,,1943-11-02,,,2,Elizabeth B. Magruder; F. Freeland Chew,3927.0,Henry Clay,3275.0,652.0,16715.0,0.0390068800478612,votes cast,5.0,"Elizabeth B. Magruder: Democratic, F. Freeland Chew: Democratic, Henry Clay: Republican, Albert A. Carretta: independent, William C. Ayres: Republican",yes,computed,arlingtonelections2021 p.13,
1944,general,1931 on,regular,,1944-11-07,,,1,Leo Lloyd,7072.0,L.C. MacPherson,6084.0,988.0,13156.0,0.07509881422924901,votes cast,2.0,"Leo Lloyd: none printed, L.C. MacPherson: none printed",unknown,computed,arlingtonelections2021 p.14,
1944,nomination,1931 on,regular,Democratic,1944-08-01,Democratic primary,plurality,1,Leo Lloyd,1212.0,E. L. Usilton,754.0,458.0,2082.0,0.21998078770413065,votes cast,3.0,,,computed,sun1944lloyd,
1944,nomination,1931 on,regular,Republican,,Republican committee,,1,L. C. MacPherson,,,,,,,votes cast,1.0,,,not computed,sun1944lloyd,no losing candidate is named
1945,general,1931 on,regular,,1945-11-06,,,1,Basil M. DeLashmutt,3424.0,Henry P. Ames,2037.0,1387.0,5461.0,0.2539827870353415,votes cast,2.0,"Basil M. DeLashmutt: Democratic, Henry P. Ames: Republican",yes,computed,arlingtonelections2021 p.14,
1946,general,1931 on,regular,,1946-11-05,,,1,Daniel A. Dugan,5790.0,Edmund D. Campbell (D),4742.0,1048.0,10532.0,0.09950626661602735,votes cast,2.0,"Daniel A. Dugan: independent, Edmund D. Campbell: Democratic",yes,computed,arlingtonelections2021 p.14,
1947,general,1931 on,regular,,1947-11-04,,,1,F. Freeland Chew,,,,,13849.0,,votes cast,10.0,"F. Freeland Chew: none printed, Henry W. Cuppett: none printed, Florence Cannon: none printed, T. Oscar Smith: none printed, Lincoln Mackey: none printed, Lawson Wimberly: none printed, Robert W. Gaines: none printed, Millard P. Divine: none printed, Jacob C. Bechtel: none printed",unknown,not computed,arlingtonelections2021 p.15,the county's returns are incomplete: no vote count for frisbie
1948,general,1931 on,regular,,1948-11-02,,,1,Alfred E. Frisbie,9181.0,I. Lee Potter,9052.0,129.0,19585.0,0.0065866734745979065,votes cast,4.0,"Alfred E. Frisbie: none printed, I. Lee Potter: none printed, Francis J. Clair: none printed, Jacob C. Bechtel: none printed",unknown,computed,arlingtonelections2021 p.18,
1948,nomination,1931 on,regular,Democratic,,,,1,Alfred E. Frisbie,,,,,,,votes cast,1.0,,,not computed,sun1948potter,no losing candidate is named
1949,general,1931 on,regular,,1949-11-08,,,1,Robert W. Cox,7316.0,Basil M. DeLashmutt,6306.0,1010.0,13856.0,0.07289260969976906,votes cast,3.0,"Robert W. Cox: none printed, Basil M. DeLashmutt: none printed, Jacob Bechtel: none printed",unknown,computed,arlingtonelections2021 p.18,
1950,general,1931 on,regular,,1950-11-07,,,1,Daniel A. Dugan,9931.0,Fred W. Bach,5497.0,4434.0,16477.0,0.2691023851429265,votes cast,3.0,"Daniel A. Dugan: independent, Fred W. Bach: Democratic, Jacob C. Bechtel: none printed",yes,computed,arlingtonelections2021 p.19,
1950,nomination,1931 on,regular,Democratic,1950-08-01,Democratic primary,plurality,1,Fred W. Bach,,,,,,,votes cast,1.0,,,not computed,arlingtonelections2021 p.19,no losing candidate is named
1951,general,1931 on,regular,,1951-11-06,,,2,Robert A. Peck; Alan L. Dean,4777.0,T. Oscar Smith,4723.0,54.0,30738.0,0.0017567831348819052,votes cast,9.0,"Robert A. Peck: Republican, Alan L. Dean: independent, T. Oscar Smith: independent, Carroll Wright: Democratic, George M. Rowzee, Jr.: Republican, R. Wade Pearson: Democratic, F. Freeland Chew: other, Fred W. Bach: other, Jacob C. Bechtel: independent",yes,computed,arlingtonelections2021 p.21,
1952,general,1931 on,regular,,1952-11-04,,,1,George M. Rowzee,11440.0,Ivan A. Booker,11376.0,64.0,31036.0,0.0020621214073978608,votes cast,4.0,"George M. Rowzee: Republican, Ivan A. Booker: independent, Wesley W. Cooper: Democratic, Jacob C. Bechtel: other",yes,computed,arlingtonelections2021 p.22,
1952,general,1931 on,special 1952-11-04,,1952-11-04,,,3,Robert H. Detwiler; Alvin F. Kimel; Leone B. Buchholz,18409.0,Martha Gammon,13918.0,4491.0,97650.0,0.04599078341013825,votes cast,6.0,"Robert H. Detwiler: independent, Alvin F. Kimel: independent, Leone B. Buchholz: independent, Martha Gammon: independent, Ruth Cox: independent, William J. DeMik: independent",yes,computed,arlingtonelections2021 p.23,
1952,nomination,1931 on,regular,Democratic,1952-07-15,Democratic primary,plurality,1,Wesley W. Cooper,,,,,,,votes cast,2.0,,,not computed,arlingtonelections2021 p.22,the source prints no counts
1953,general,1931 on,regular,,1953-11-03,,,1,Wesley W. Cooper,7551.0,Glen Bayless,6626.0,925.0,19066.0,0.048515682366516315,votes cast,3.0,"Wesley W. Cooper: Democratic, Glen Bayless: independent, Richard L. Parli: Republican",yes,computed,arlingtonelections2021 p.25,
1954,general,1931 on,regular,,1954-11-02,,,1,Leone B. Buchholz,8693.0,Ivan A. Booker,8534.0,159.0,24322.0,0.006537291341172601,votes cast,4.0,"Leone B. Buchholz: independent, Ivan A. Booker: independent, Brian Bell: Democratic, Daniel A. Dugan: independent",yes,computed,arlingtonelections2021 p.26,
1955,general,1931 on,regular,,1955-11-08,,,2,Ralph Kaul; David L. Krupsaw,10922.0,Aubrey B. Leggett,8225.0,2697.0,38295.0,0.07042694868781825,votes cast,4.0,"Ralph Kaul: none printed, David L. Krupsaw: none printed, Aubrey B. Leggett: other, Arthur Pompanio: other",yes,computed,arlingtonelections2021 p.28,
1955,nomination,1931 on,regular,ABC,1955-05-24,ABC convention,plurality,2,David L. Krupsaw; Ralph Kaul,328.0,Spencer M. Smith,289.0,39.0,1178.0,0.03310696095076401,votes cast,5.0,,,computed,dailysun1955abc,
1956,general,1931 on,regular,,1956-11-06,,,1,Lucas Henter Blevens,17963.0,Curtis E. Tuthill,17844.0,119.0,35807.0,0.003323372524925294,votes cast,2.0,"Lucas Henter Blevens: none printed, Curtis E. Tuthill: none printed",unknown,computed,arlingtonelections2021 p.30,
1957,general,1931 on,regular,,1957-11-05,,,1,"Herbert L. Brown, Jr.",14015.0,J. Maynard Magruder,11560.0,2455.0,25575.0,0.0959921798631476,votes cast,2.0,"Herbert L. Brown, Jr.: ABC, J. Maynard Magruder: other",yes,computed,arlingtonelections2021 p.31,
1958,general,1931 on,regular,,1958-11-04,,,1,"Leo Urbanske, Jr.",13570.0,Leone B. Buchholz,11892.0,1678.0,29013.0,0.05783614241891566,votes cast,4.0,"Leo Urbanske, Jr.: ABC, Leone B. Buchholz: Democratic, B.M. Miller: Republican, Russell L. Runyon: independent",yes,computed,arlingtonelections2021 p.33,
1959,general,1931 on,regular,,1959-11-03,,,2,David L. Krupsaw; Ralph Kaul,9559.0,Alvin B. Snell,5774.0,3785.0,27934.0,0.1354979594759075,votes cast,5.0,"David L. Krupsaw: ABC, Ralph Kaul: ABC, Alvin B. Snell: Republican, Russell L. Runyon: independent, Alfred E. Crowe: Democratic",yes,computed,arlingtonelections2021 p.34,
1960,general,1931 on,regular,,1960-11-08,,,1,Thomas W. Richards,19939.0,Lucas H. Blevins,19442.0,497.0,39381.0,0.012620299129021609,votes cast,2.0,"Thomas W. Richards: ABC, Lucas H. Blevins: Democratic",no,computed,arlingtonelections2021 p.36,
1960,general,1931 on,special 1960-11-08,,1960-11-08,,,1,Ernest D. Wilt,,,,,3192.0,,votes cast,1.0,Ernest D. Wilt: independent,yes,not computed,arlingtonelections2021 p.36,no named candidate stood against the winner
1961,general,1931 on,regular,,1961-11-07,,,1,Roye L. Lowry,6487.0,Kenneth B. Ludwig,6446.0,41.0,19835.0,0.002067053188807663,votes cast,4.0,"Roye L. Lowry: ABC, Kenneth B. Ludwig: Republican, William F. Wetmore, Jr.: Democratic, Julius Brenner: independent",yes,computed,arlingtonelections2021 p.37,
1962,general,1931 on,regular,,1962-11-06,,,1,"Leo Urbanske, Jr.",13720.0,Harvey R. Lampshire,8425.0,5295.0,29092.0,0.18200879967001238,votes cast,3.0,"Leo Urbanske, Jr.: ABC, Harvey R. Lampshire: Republican, Allen H. Harrison, Jr.: Democratic",yes,computed,arlingtonelections2021 p.38,
1962,nomination,1931 on,regular,Democratic,1962-07-10,Democratic primary,plurality,1,"Allen H. Harrison, Jr.",,,,,,,votes cast,1.0,,,not computed,arlingtonelections2021 p.38,no losing candidate is named
1963,general,1931 on,regular,,1963-11-05,,,2,Joseph L. Fisher; Harold J. Casto,10959.0,James J. Matthews,10596.0,363.0,43204.0,0.00840199981483196,votes cast,5.0,"Joseph L. Fisher: ABC, Harold J. Casto: Republican, James J. Matthews: Republican, Irene C. Rock: ABC, Stan Stanton: independent",yes,computed,arlingtonelections2021 p.40,
1963,nomination,1931 on,regular,Republican,1963-06,Republican mass meeting,,1,Harold J. Casto,,,,,,,votes cast,2.0,,,not computed,sawicki1963,no losing candidate is named
1964,general,1931 on,regular,,1964-11-03,,,1,Thomas W. Richards,22961.0,Kenneth M. Haggerty,17766.0,5195.0,40727.0,0.12755665774547598,votes cast,2.0,"Thomas W. Richards: ABC, Kenneth M. Haggerty: Republican",yes,computed,arlingtonelections2021 p.41,
1965,general,1931 on,regular,,1965-11-02,,,1,Kenneth M. Haggerty,12344.0,Roye L. Lowry,10912.0,1432.0,23256.0,0.06157550739594083,votes cast,2.0,"Kenneth M. Haggerty: Republican, Roye L. Lowry: ABC",yes,computed,arlingtonelections2021 p.43,
1966,general,1931 on,regular,,1966-11-08,,,1,Ned R. Thomas,18282.0,"Leo Urbanske, Jr.",17838.0,444.0,37330.0,0.011893919099919636,votes cast,3.0,"Ned R. Thomas: Republican, Leo Urbanske, Jr.: ABC, Reidar D. Claffy: independent",yes,computed,arlingtonelections2021 p.44,
1967,general,1931 on,regular,,1967-11-07,,,2,Joseph L. Fisher; Jay E. Ricks,14377.0,Harold J. Casto,13547.0,830.0,55806.0,0.01487295272909723,votes cast,4.0,"Joseph L. Fisher: independent, Jay E. Ricks: independent, Harold J. Casto: Republican, Leslie Phillips: Republican",yes,computed,arlingtonelections2021 p.46,
1968,general,1931 on,regular,,1968-11-05,,,1,Les Phillips,25026.0,Joseph Wholey,24131.0,895.0,50772.0,0.017627826360986372,votes cast,3.0,"Les Phillips: Republican, Joseph Wholey: independent, Reidar D. Claffy: independent",yes,computed,arlingtonelections2021 p.47,
1969,general,1931 on,regular,,1969-11-04,,,1,Kenneth Haggerty,19566.0,Charles Bryant Wood,12560.0,7006.0,32126.0,0.2180788146672477,votes cast,2.0,"Kenneth Haggerty: Republican, Charles Bryant Wood: independent",yes,computed,arlingtonelections2021 p.49,
1970,general,1931 on,regular,,1970-11-03,,,1,Joseph Wholey,22640.0,Harold J. Casto,18724.0,3916.0,42355.0,0.09245661669224413,votes cast,3.0,"Joseph Wholey: independent, Harold J. Casto: Republican, Julius Brenner: independent",yes,computed,arlingtonelections2021 p.50,
1971,general,1931 on,regular,,1971-11-02,,,2,Joseph L. Fisher; Everard Munsey,16385.0,Sidney O. Dewberry,13714.0,2671.0,61238.0,0.04361670857964009,votes cast,4.0,"Joseph L. Fisher: independent, Everard Munsey: independent, Sidney O. Dewberry: Republican, Franklin F. Harding: Republican",yes,computed,arlingtonelections2021 p.52,
1972,general,1931 on,regular,,1972-11-07,,,1,John W. Purdy,31552.0,A. Leslie Phillips,28764.0,2788.0,60316.0,0.046223224351747465,votes cast,2.0,"John W. Purdy: independent, A. Leslie Phillips: Republican",yes,computed,arlingtonelections2021 p.54,
1973,general,1931 on,regular,,1973-11-06,,,1,Ellen M. Bozman,17908.0,Henry O. Lampe,14026.0,3882.0,35092.0,0.11062350393252023,votes cast,3.0,"Ellen M. Bozman: independent, Henry O. Lampe: Republican, Sherman W. Pratt: independent",yes,computed,arlingtonelections2021 p.55,
1974,general,1931 on,regular,,1974-11-05,,,1,Joseph S. Wholey,24592.0,Dorothy Grotos,17530.0,7062.0,42122.0,0.1676558567969232,votes cast,2.0,"Joseph S. Wholey: independent, Dorothy Grotos: independent",yes,computed,arlingtonelections2021 p.56,
1975,general,1931 on,regular,,1975-11-04,,,2,"Dorothy Grotos; Walter L. Frankland, Jr.",13225.0,Stephen G. Krum,11408.0,1817.0,55041.0,0.03301175487363965,votes cast,6.0,"Dorothy Grotos: independent, Walter L. Frankland, Jr.: independent, Stephen G. Krum: independent, Richard A. Barton: independent, Julius Brenner: independent, George B. Gary: independent",yes,computed,arlingtonelections2021 p.57,
1976,general,1931 on,regular,,1976-11-02,,,1,John W. Purdy,30630.0,Daniel O. Graham,25802.0,4828.0,59547.0,0.08107881169496364,votes cast,4.0,"John W. Purdy: independent, Daniel O. Graham: independent, Julius Brenner: none printed, William H. Nehrke: independent",yes,computed,arlingtonelections2021 p.59,
1977,general,1931 on,regular,,1977-11-08,,,1,Ellen M. Bozman,17516.0,Sherman W. Pratt,13825.0,3691.0,33154.0,0.11132894974965313,votes cast,3.0,"Ellen M. Bozman: independent, Sherman W. Pratt: independent, Arthur G. Vogul: independent",yes,computed,arlingtonelections2021 p.61,
1978,general,1931 on,regular,,1978-11-07,,,1,Stephen H. Detwiler,21193.0,Joe N. Pelton,19135.0,2058.0,41493.0,0.04959872749620418,votes cast,3.0,"Stephen H. Detwiler: independent, Joe N. Pelton: independent, Richard E. Gardiner: independent",yes,computed,arlingtonelections2021 p.62,
1979,general,1931 on,regular,,1979-11-06,,,2,"Dorothy Grotos; Walter L. Frankland, Jr.",14931.0,Mary Margaret Wipple,13983.0,948.0,60151.0,0.01576033648650895,votes cast,5.0,"Dorothy Grotos: independent, Walter L. Frankland, Jr.: independent, Mary Margaret Wipple: independent, Charles W. Rinker, Jr.: independent, Michael M. Maddox: independent",yes,computed,arlingtonelections2021 p.63,
1980,general,1931 on,regular,,1980-11-04,,,1,John G. Milliken,25917.0,S.J. “Sim” Pace,19965.0,5952.0,45882.0,0.12972407480057538,votes cast,2.0,"John G. Milliken: Democratic, S.J. “Sim” Pace: Republican",yes,computed,arlingtonelections2021 p.64,
1981,general,1931 on,regular,,1981-11-03,,,1,Ellen M. Bozman,25573.0,Robert E. Harrington,16804.0,8769.0,42377.0,0.20692828657054535,votes cast,2.0,"Ellen M. Bozman: independent, Robert E. Harrington: Republican",yes,computed,arlingtonelections2021 p.65,
1982,general,1931 on,regular,,1982-11-02,,,1,Mary Margaret Whipple,26265.0,Stephen H. Detwiler,22307.0,3958.0,48572.0,0.08148727662027505,votes cast,2.0,"Mary Margaret Whipple: Democratic, Stephen H. Detwiler: independent",yes,computed,arlingtonelections2021 p.66,
1983,general,1931 on,regular,,1983-11-08,,,2,Michael E. “Mike” Brunner; Albert C. Eisenberg,16597.0,Richard A. “Dick” Buffum,16298.0,299.0,66166.0,0.004518937218511018,votes cast,4.0,"Michael E. “Mike” Brunner: independent, Albert C. Eisenberg: Democratic, Richard A. “Dick” Buffum: Democratic, Walter L. Frankland, Jr.: independent",yes,computed,arlingtonelections2021 p.68,
1984,general,1931 on,regular,,1984-11-06,,,1,John G. Milliken,41814.0,Peter J. Espada,17707.0,24107.0,59521.0,0.40501671678903245,votes cast,2.0,"John G. Milliken: Democratic, Peter J. Espada: independent",yes,computed,arlingtonelections2021 p.68,
1985,general,1931 on,regular,,1985-11-05,,,1,Ellen M. Bozman,25970.0,Richard J. Herbst,11134.0,14836.0,37104.0,0.3998490728762398,votes cast,2.0,"Ellen M. Bozman: independent, Richard J. Herbst: independent",yes,computed,arlingtonelections2021 p.70,
1986,general,1931 on,regular,,1986-11-04,,,1,Mary Margaret Whipple,30500.0,Donald Joseph Hunter,4596.0,25904.0,37743.0,0.6863259412341361,votes cast,3.0,"Mary Margaret Whipple: Democratic, Donald Joseph Hunter: independent, Norman R. Magill: independent",yes,computed,arlingtonelections2021 p.70,
1987,general,1931 on,regular,,1987-11-03,,,2,"Albert C. Eisenberg; William T. Newman, Jr.",18970.0,Dorothy T. Grotos,17423.0,1547.0,73549.0,0.02103359664985248,votes cast,4.0,"Albert C. Eisenberg: Democratic, William T. Newman, Jr.: Democratic, Dorothy T. Grotos: independent, Jane H. Bartlett: independent",yes,computed,arlingtonelections2021 p.71,
1988,general,1931 on,regular,,1988-11-08,,,1,John G. Milliken,46573.0,Larry F. Packett,22956.0,23617.0,69529.0,0.33967121632700026,votes cast,2.0,"John G. Milliken: Democratic, Larry F. Packett: Republican",yes,computed,arlingtonelections2021 p.72,
1989,general,1931 on,regular,,1989-11-07,,,1,Ellen M. Bozman,31780.0,"James B. ""Jim"" Robinson",17436.0,14344.0,49216.0,0.29144993498049415,votes cast,2.0,"Ellen M. Bozman: independent, James B. ""Jim"" Robinson: Republican",yes,computed,arlingtonelections2021 p.73,
1990,general,1931 on,special 1990-05-01,,1990-05-01,,,1,James B. Hunter III,10723.0,A.M. “Monte” Davis,8758.0,1965.0,19481.0,0.10086751193470561,votes cast,2.0,"James B. Hunter III: Democratic, A.M. “Monte” Davis: Republican",yes,computed,arlingtonelections2021 p.74,
1990,general,1931 on,regular,,1990-11-06,,,1,Mary Margaret Whipple,26504.0,A.M. “Monte” Davis,17601.0,8903.0,44105.0,0.20185919963722934,votes cast,2.0,"Mary Margaret Whipple: Democratic, A.M. “Monte” Davis: independent",yes,computed,arlingtonelections2021 p.74,
1991,general,1931 on,regular,,1991-11-05,,,2,"Albert C. Eisenberg; William T. Newman, Jr.",17357.0,Joseph C. “Joe” Evans,12354.0,5003.0,57804.0,0.08655110372984569,votes cast,5.0,"Albert C. Eisenberg: Democratic, William T. Newman, Jr.: Democratic, Joseph C. “Joe” Evans: independent, Evelyn W. Staples: independent, Michael D. Ward: independent",yes,computed,arlingtonelections2021 p.76,
1992,general,1931 on,regular,,1992-11-03,,,1,James B. Hunter III,56784.0,"B. H. “Ben” Winslow, Jr.",17393.0,39391.0,74177.0,0.5310406190598164,votes cast,2.0,"James B. Hunter III: Democratic, B. H. “Ben” Winslow, Jr.: independent",yes,computed,arlingtonelections2021 p.76,
1993,general,1931 on,special 1993-04-20,,1993-04-20,,,1,"B.H. “Ben” Winslow, Jr.",9349.0,Gerald N. “Jay” Fisette,9143.0,206.0,18492.0,0.011139952411853775,votes cast,2.0,"B.H. “Ben” Winslow, Jr.: independent, Gerald N. “Jay” Fisette: Democratic",yes,computed,arlingtonelections2021 p.77,
1993,general,1931 on,regular,,1993-11-02,,,1,Ellen M. Bozman,31617.0,John M. Barr,14171.0,17446.0,48800.0,0.3575,votes cast,3.0,"Ellen M. Bozman: Democratic, John M. Barr: Republican, Michael D. Ward: independent",yes,computed,arlingtonelections2021 p.78,
1994,general,1931 on,regular,,1994-11-08,,,1,Mary Margaret Whipple,41963.0,John M. Barr,21300.0,20663.0,63277.0,0.3265483509015914,votes cast,2.0,"Mary Margaret Whipple: Democratic, John M. Barr: independent",yes,computed,arlingtonelections2021 p.79,
1995,general,1931 on,regular,,1995-11-07,,,2,Albert C. Eisenberg; Paul F. Ferguson,22799.0,Henriette J. Warfield,13939.0,8860.0,73964.0,0.11978800497539344,votes cast,4.0,"Albert C. Eisenberg: Democratic, Paul F. Ferguson: Democratic, Henriette J. Warfield: Republican, Benjamin H. Winslow, Jr.: Republican",yes,computed,arlingtonelections2021 p.81,
1995,nomination,1931 on,regular,Democratic,1995-06-13,Democratic primary,plurality,2,Albert C. Eisenberg; Paul F. Ferguson,3747.0,Barbara A. Favola,2705.0,1042.0,13007.0,0.08011070961789805,votes cast,4.0,,,computed,arlingtonelections2021 p.80,
1996,general,1931 on,special 1996-01-30,,1996-01-30,,,1,Christopher E. Zimmerman,12777.0,Scott D. Stone,5344.0,7433.0,18161.0,0.4092836297560707,votes cast,2.0,"Christopher E. Zimmerman: Democratic, Scott D. Stone: Republican",yes,computed,arlingtonelections2021 p.82,
1996,general,1931 on,regular,,1996-11-05,,,1,"James B. Hunter, III",,,,,55568.0,,votes cast,1.0,"James B. Hunter, III: Democratic",no,not computed,arlingtonelections2021 p.82,no named candidate stood against the winner
1997,general,1931 on,regular,,1997-11-04,,,1,"G.N. “Jay” Fisette, Jr.",29127.0,Amy M. Jones-Baskaran,17906.0,11221.0,47064.0,0.23842002379738228,votes cast,2.0,"G.N. “Jay” Fisette, Jr.: Democratic, Amy M. Jones-Baskaran: independent",yes,computed,arlingtonelections2021 p.85,
1997,general,1931 on,special 1997-11-04,,1997-11-04,,,1,Barbara A. Favola,28005.0,"B.H. “Ben” Winslow, Jr.",16900.0,11105.0,47200.0,0.23527542372881355,votes cast,3.0,"Barbara A. Favola: Democratic, B.H. “Ben” Winslow, Jr.: Republican, Arlene W. Smith: other",yes,computed,arlingtonelections2021 p.85,
1997,nomination,1931 on,regular,Democratic,1997-06-10,Democratic primary,plurality,1,"G.N. “Jay” Fisette, Jr.",4739.0,Barbara A. Favola,3903.0,836.0,8642.0,0.0967368664660958,votes cast,2.0,,,computed,arlingtonelections2021 p.84,
1998,general,1931 on,regular,,1998-11-03,,,1,Christopher E. Zimmerman,28542.0,Michael D. Lane,17387.0,11155.0,45961.0,0.24270577228519832,votes cast,2.0,"Christopher E. Zimmerman: Democratic, Michael D. Lane: Republican",yes,computed,arlingtonelections2021 p.85,
1999,general,1931 on,special 1999-04-13,,1999-04-13,,,1,Michael D. Lane,9530.0,Charles P. Monroe,9361.0,169.0,18898.0,0.008942745264049106,votes cast,2.0,"Michael D. Lane: Republican, Charles P. Monroe: Democratic",yes,computed,arlingtonelections2021 p.86,
1999,general,1931 on,regular,,1999-11-02,,,2,Paul F. Ferguson; Charles P. Monroe,18720.0,Michael D. Lane,17765.0,955.0,69232.0,0.013794199214236191,votes cast,4.0,"Paul F. Ferguson: Democratic, Charles P. Monroe: Democratic, Michael D. Lane: Republican, Frances M. Finta: Republican",yes,computed,arlingtonelections2021 p.88,
2000,general,1931 on,regular,,2000-11-07,,,1,Barbara A. Favola,47276.0,Scott C. Tate,26789.0,20487.0,75500.0,0.2713509933774834,votes cast,3.0,"Barbara A. Favola: Democratic, Scott C. Tate: Republican, Joszet S. Hudson: independent",yes,computed,arlingtonelections2021 p.89,
2001,general,1931 on,regular,,2001-11-06,,,1,Jay Fisette,30214.0,Michael W. Clancy,19293.0,10921.0,49564.0,0.22034137680574611,votes cast,2.0,"Jay Fisette: Democratic, Michael W. Clancy: Republican",yes,computed,arlingtonelections2021 p.91,
2002,general,1931 on,regular,,2002-11-05,,,1,Christopher E. Zimmerman,33926.0,Mike W. Clancy,21444.0,12482.0,55447.0,0.22511587642252961,votes cast,2.0,"Christopher E. Zimmerman: Democratic, Mike W. Clancy: Republican",yes,computed,arlingtonelections2021 p.91,
2002,nomination,1931 on,regular,Democratic,2002-05,Democratic caucus,,1,Christopher E. Zimmerman,,,,,,,votes cast,2.0,,,not computed,connection2002,the source prints no counts
2003,general,1931 on,special 2003-03-11,,2003-03-11,,,1,J. Walter Tejada,11802.0,Mike W. Clancy,9788.0,2014.0,21619.0,0.09315879550395485,votes cast,2.0,"J. Walter Tejada: Democratic, Mike W. Clancy: Republican",yes,computed,arlingtonelections2021 p.92,
2003,general,1931 on,regular,,2003-11-04,,,2,Paul F. Ferguson; J. Walter Tejada,18839.0,Richard K. Kelsey,11769.0,7070.0,60913.0,0.1160671777781426,votes cast,4.0,"Paul F. Ferguson: Democratic, J. Walter Tejada: Democratic, Richard K. Kelsey: Republican, Sarah J. Summerville: independent",yes,computed,arlingtonelections2021 p.94,
2003,nomination,1931 on,regular,Democratic,2003-06-10,Democratic primary,plurality,2,J. Walter Tejada; Paul F. Ferguson,5866.0,James T. Hurysz,1289.0,4577.0,13160.0,0.3477963525835866,votes cast,3.0,,,computed,arlingtonelections2021 p.92,
2003,nomination,1931 on,special 2003-03-11,Democratic,,Democratic caucus,,1,J. Walter Tejada,,,,,,,votes cast,3.0,,,not computed,mccaffrey2015,the source prints no counts
2004,general,1931 on,regular,,2004-11-02,,,1,Barbara A. Favola,60233.0,F. Landey Patton IV,22633.0,37600.0,83494.0,0.4503317603660143,votes cast,2.0,"Barbara A. Favola: Democratic, F. Landey Patton IV: Republican",yes,computed,arlingtonelections2021 p.95,
2005,general,1931 on,regular,,2005-11-08,,,1,"G. N. “Jay” Fisette, Jr.",,,,,45174.0,,votes cast,1.0,"G. N. “Jay” Fisette, Jr.: Democratic",no,not computed,arlingtonelections2021 p.97,no named candidate stood against the winner
2006,general,1931 on,regular,,2006-11-07,,,1,Christopher E. Zimmerman,43047.0,Michael T. McMenamin,19119.0,23928.0,65856.0,0.36333819241982507,votes cast,3.0,"Christopher E. Zimmerman: Democratic, Michael T. McMenamin: Republican, Joshua R. Ruebner: independent",yes,computed,arlingtonelections2021 p.97,
2007,general,1931 on,regular,,2007-11-06,,,2,J. Walter Tejada; Mary H. Hynes,18203.0,Michael T. McMenamin,11426.0,6777.0,58332.0,0.1161797983953919,votes cast,5.0,"J. Walter Tejada: Democratic, Mary H. Hynes: Democratic, Michael T. McMenamin: Republican, Joseph J. Warren: Republican, Joshua F. Ruebner: other",yes,computed,arlingtonelections2021 p.100,
2008,general,1931 on,regular,,2008-11-04,,,1,Barbara A. Favola,69287.0,John G. Reeder,21451.0,47836.0,92164.0,0.5190312920446161,votes cast,2.0,"Barbara A. Favola: Democratic, John G. Reeder: other",yes,computed,arlingtonelections2021 p.101,
2009,general,1931 on,regular,,2009-11-03,,,1,"G. N. ""Jay"" Fisette, Jr.",31333.0,John G. Reeder,14970.0,16363.0,47278.0,0.34610178095520117,votes cast,2.0,"G. N. ""Jay"" Fisette, Jr.: Democratic, John G. Reeder: other",yes,computed,arlingtonelections2021 p.103,
2010,general,1931 on,regular,,2010-11-02,,,1,Christopher Zimmerman,32894.0,Mark D. Kelly,20570.0,12324.0,57308.0,0.21504850980665877,votes cast,3.0,"Christopher Zimmerman: Democratic, Mark D. Kelly: Republican, J, Kevin Chisholm: other",yes,computed,arlingtonelections2021 p.103,
2010,nomination,1931 on,regular,Republican,,Republican committee,,1,Mark D. Kelly,,,,,,,votes cast,1.0,,,not computed,arlnow2010kelly,no losing candidate is named
2011,general,1931 on,regular,,2011-11-08,,,2,Mary H. Hynes; J. Walter Tejada,23594.0,Audrey R. Clement,9728.0,13866.0,58803.0,0.23580429569919903,votes cast,3.0,"Mary H. Hynes: Democratic, J. Walter Tejada: Democratic, Audrey R. Clement: other",yes,computed,arlingtonelections2021 p.106,
2012,general,1931 on,special 2012-03-27,,2012-03-27,,,1,Libby T. Garvey,7025.0,Mark D. Kelly,6211.0,814.0,14243.0,0.05715088113459243,votes cast,3.0,"Libby T. Garvey: Democratic, Mark D. Kelly: Republican, Audrey R. Clement: other",yes,computed,arlingtonelections2021 p.106,
2012,general,1931 on,regular,,2012-11-06,,,1,Libby T. Garvey,59619.0,Matthew A. Wavro,25232.0,34387.0,98906.0,0.34767354862192384,votes cast,3.0,"Libby T. Garvey: Democratic, Matthew A. Wavro: Republican, Audrey R. Clement: other",yes,computed,arlingtonelections2021 p.107,
2012,general,1931 on,special 2012-12-31,,2012-12-31,,,1,,,,,,44.0,,votes cast,0.0,,no,not computed,arlingtonelections2021 p.106,no named candidate stood against the winner
2012,nomination,1931 on,special 2012-03-27,Democratic,2012-01-21,Democratic caucus,,1,Libby T. Garvey,1915.0,Melissa Bondi,966.0,949.0,4314.0,0.21998145572554473,votes cast,5.0,,,computed,arlnow2012garvey,
2013,general,1931 on,regular,,2013-11-05,,,1,"G. N. ""Jay"" Fisette, Jr.",38213.0,Audrey R. Clement,17916.0,20297.0,57611.0,0.35231119057124505,votes cast,2.0,"G. N. ""Jay"" Fisette, Jr.: Democratic, Audrey R. Clement: other",yes,computed,arlingtonelections2021 p.109,
2014,general,1931 on,special 2014-04-08,,2014-04-08,,,1,John E. Vihstadt,12667.0,Alan E. Howze,9109.0,3558.0,22223.0,0.1601043963461279,votes cast,4.0,"John E. Vihstadt: independent, Alan E. Howze: Democratic, Janet H. Murphy: other, Stephen W. C. Holbrook: independent",yes,computed,arlingtonelections2021 p.109,
2014,general,1931 on,regular,,2014-11-04,,,1,John E. Vihstadt,34896.0,Allen E. Howze,27485.0,7411.0,62661.0,0.11827133304607332,votes cast,2.0,"John E. Vihstadt: independent, Allen E. Howze: Democratic",yes,computed,arlingtonelections2021 p.110,
2014,nomination,1931 on,special 2014-04-08,Democratic,2014-02-01,Democratic caucus,ranked-choice,1,Alan E. Howze,,Cord Thomas,,,3585.0,0.22,votes cast (percentages),3.0,,,computed,arlnow2014howze,
2015,general,1931 on,regular,,2015-11-03,,,2,"Christian E. Dorsey; Kate A. ""Katie"" Cristol",23159.0,Michael T. McMenamin,12796.0,10363.0,67251.0,0.15409436290910172,votes cast,4.0,"Christian E. Dorsey: Democratic, Kate A. ""Katie"" Cristol: Democratic, Michael T. McMenamin: independent, Audrey R. Clement: independent",yes,computed,arlingtonelections2021 p.112,
2015,nomination,1931 on,regular,Democratic,2015-06-09,Democratic primary,plurality,2,"Kate A. ""Katie"" Cristol; Christian E. Dorsey",4420.0,Peter C. Fallon,4007.0,413.0,19954.0,0.020697604490327755,votes cast,6.0,,,computed,arlingtonelections2021 p.111,
2016,general,1931 on,regular,,2016-11-08,,,1,Libby T. Garvey,72577.0,Audrey R. Clement,27798.0,44779.0,102491.0,0.43690665521850697,votes cast,2.0,"Libby T. Garvey: Democratic, Audrey R. Clement: independent",yes,computed,arlingtonelections2021 p.114,
2016,nomination,1931 on,regular,Democratic,2016-06-14,Democratic primary,plurality,1,Libby T. Garvey,8366.0,Erik Gutshall,6882.0,1484.0,15248.0,0.09732423924449109,votes cast,2.0,,,computed,arlingtonelections2021 p.113,
2017,general,1931 on,regular,,2017-11-07,,,1,Erik Gutshall,46276.0,Audrey R. Clement,17432.0,28844.0,73741.0,0.3911528186490555,votes cast,3.0,"Erik Gutshall: Democratic, Audrey R. Clement: independent, Charles A. McCullough II: independent",yes,computed,arlingtonelections2021 p.116,
2017,nomination,1931 on,regular,Democratic,2017-05-13,Democratic caucus,ranked-choice,1,Erik Gutshall,,,,,,,votes cast,4.0,,,not computed,insidenova2017gutshall,the source prints no counts
2018,general,1931 on,regular,,2018-11-06,,,1,"Matthew D. ""Matt"" de Ferranti",53688.0,John E. Vihstadt,46223.0,7465.0,100502.0,0.07427712881335695,votes cast,2.0,"Matthew D. ""Matt"" de Ferranti: Democratic, John E. Vihstadt: independent",yes,computed,arlingtonelections2021 p.116,
2018,nomination,1931 on,regular,Democratic,2018-06-12,Democratic primary,plurality,1,"Matthew D. ""Matt"" de Ferranti",7075.0,Chanda Choun,4589.0,2486.0,11664.0,0.21313443072702332,votes cast,2.0,,,computed,arlingtonelections2021 p.116,
2019,general,1931 on,regular,,2019-11-05,,,2,"Kate A. ""Katie"" Cristol; Christian E. Dorsey",38015.0,Audrey R. Clement,13262.0,24753.0,100958.0,0.24518116444462054,votes cast,4.0,"Kate A. ""Katie"" Cristol: Democratic, Christian E. Dorsey: Democratic, Audrey R. Clement: independent, Arron O'Dell: independent",yes,computed,arlingtonelections2021 p.118,
2019,nomination,1931 on,regular,Democratic,,Democratic primary,,2,"Christian E. Dorsey; Kate A. ""Katie"" Cristol",,,,,,,votes cast,2.0,,,not computed,arlnow2019unopposed,unopposed
2020,general,1931 on,special 2020-07-07,,2020-07-07,,,1,Takis P. Karantonis,12480.0,Susan R. Cunningham,6499.0,5981.0,19980.0,0.29934934934934937,votes cast,3.0,"Takis P. Karantonis: none printed, Susan R. Cunningham: none printed, Bob Cambridge: none printed",unknown,computed,arlingtonelections2021 p.119,
2020,general,1931 on,regular,,2020-11-03,,,1,Libby T. Garvey,82007.0,Aurey R. Clement,30843.0,51164.0,114900.0,0.4452915578764143,votes cast,2.0,"Libby T. Garvey: Democratic, Aurey R. Clement: independent",yes,computed,arlingtonelections2021 p.120,
2020,nomination,1931 on,special 2020-07-07,Democratic,2020-05-07,Democratic committees' vote,ranked-choice,1,Takis P. Karantonis,,,,,,,votes cast,4.0,,,not computed,arlnow2020,the source prints no counts
2020,nomination,1931 on,regular,Democratic,,Democratic primary,,1,Libby T. Garvey,,,,,,,votes cast,1.0,,,not computed,arlnow2020cunningham,unopposed
2021,general,1931 on,regular,,2021-11-02,,,1,Takis P. Karantonis,50994.0,Audrey R. Clement,15566.0,35428.0,84847.0,0.41755159286716087,votes cast,4.0,"Takis P. Karantonis: Democratic, Audrey R. Clement: independent, Michael T. Cantwell: independent, Adam Theo: independent",yes,computed,arlingtonelections2021 p.122,
2021,nomination,1931 on,regular,Democratic,2021-06-08,Democratic primary,plurality,1,Takis P. Karantonis,15609.0,Chanda Choun,7572.0,8037.0,23181.0,0.34670635434191793,votes cast,2.0,,,computed,arlingtonelections2021 p.121,
2022,general,1931 on,regular,,2022-11-08,,,1,Matthew David De Ferranti,52746.0,Audrey Rose Clement,24459.0,28287.0,86976.0,0.32522764900662254,votes cast,3.0,"Matthew David De Ferranti: Democratic, Audrey Rose Clement: independent, Adam Theo: independent",yes,computed,vaelections contest 156359,
2023,general,1931 on,regular,,2023-11-07,,,2,Susan R. Cunningham; Maureen E. Coffey,41566.0,Audrey Rose Clement,14882.0,26684.0,117675.0,0.2267601444656894,votes cast,4.0,"Susan R. Cunningham: Democratic, Maureen E. Coffey: Democratic, Audrey Rose Clement: independent, Juan Carlos Fierro: Republican",yes,computed,vaelections contest 163432,
2023,nomination,1931 on,regular,Democratic,2023-06-20,Democratic primary,ranked-choice,2,Susan R. Cunningham; Maureen E. Coffey,,,,,,,votes cast,6.0,,,not computed,vaelections contest 160326,"ranked-choice count: the page prints first choices, which do not decide the winner"
2024,general,1931 on,regular,,2024-11-05,,,1,"Julius D. ""JD"" Spain, Sr.",65635.0,Juan Carlos Fierro,17347.0,48288.0,113209.0,0.4265385260889152,votes cast,4.0,"Julius D. ""JD"" Spain, Sr.: Democratic, Juan Carlos Fierro: Republican, Madison F. Granger: independent, Audrey R. Clement: independent",yes,computed,vaelections contest 161309,
2024,nomination,1931 on,regular,Democratic,2024-06-18,Democratic primary,ranked-choice,1,"Julius D. ""JD"" Spain, Sr.",,,,,,,votes cast,5.0,,,not computed,vaelections contest 161227,"ranked-choice count: the page prints first choices, which do not decide the winner"
2025,general,1931 on,regular,,2025-11-04,,,1,Takis P. Karantonis,59188.0,Audrey R. Clement,13768.0,45420.0,91548.0,0.4961331760387993,votes cast,5.0,"Takis P. Karantonis: Democratic, Audrey R. Clement: independent, Bob Cambridge: Republican, Carlos ""DC"" De Castro Pretelt: independent, Jeramy L. Olmack: independent",yes,computed,vaelections contest 165040,
2025,nomination,1931 on,regular,Democratic,2025-06-17,Democratic primary,ranked-choice,1,Takis P. Karantonis,16796.0,James A. Devita,9351.0,7445.0,26147.0,0.28473629861934446,votes cast,2.0,,,computed,vaelections contest 160947,
