year,seat,date,party,method,counting,name,outcome,votes,votes_kind,pct,total_votes,contested,source,basis,note
1885,Arlington District,1885-05-28,Republican,regular nomination,,W. A. Rowe,nominated,,,,,,alexandriagazette18850529p3,keyed,how the Republicans made the nomination is not reported
1885,Jefferson District,1885-05-28,Republican,regular nomination,,Dr. Tucker,nominated,,,,,,alexandriagazette18850529p3,keyed,how the Republicans made the nomination is not reported; first name not printed; Johnston's party is not given
1885,Arlington District,1885-05-28,citizens',citizens' candidate,,George W. Veitch,ran against the nominee,,,,,,alexandriagazette18850529p3,keyed,
1942,regular,,Democratic,Democratic primary,,Edmund D. Campbell,unopposed,,,,,0.0,sun1942campbell,keyed,read on the page image; the primary was 'forthcoming' and the filing deadline was 5 June 1942
1944,regular,1944-08-01,Democratic,Democratic primary,plurality,E. L. Usilton,lost,754.0,count,,2082.0,1.0,sun1944lloyd,keyed,read on the page image; the headline prints the surname 'Uilton'; the primary was held on the Tuesday before the 4 August issue
1944,regular,1944-08-01,Democratic,Democratic primary,plurality,Eugene N. Beard,lost,116.0,count,,2082.0,1.0,sun1944lloyd,keyed,read on the page image; the headline prints the surname 'Uilton'; the primary was held on the Tuesday before the 4 August issue
1944,regular,1944-08-01,Democratic,Democratic primary,plurality,Leo Lloyd,nominated,1212.0,count,,2082.0,1.0,sun1944lloyd,keyed,read on the page image; the headline prints the surname 'Uilton'; the primary was held on the Tuesday before the 4 August issue
1944,regular,,Republican,Republican committee,,L. C. MacPherson,nominated,,,,,,sun1944lloyd,keyed,read on the page image; no contest reported
1948,regular,,Democratic,,,Alfred E. Frisbie,nominated,,,,,,sun1948potter,keyed,read on the page image; the page does not say how the nomination was made or who else sought it
1950,regular,1950-08-01,Democratic,Democratic primary,plurality,Fred W. Bach,nominated,,,,,,arlingtonelections2021 p.19,derived,the county prints the primary's candidates and no counts; the county prints one name; whether anyone ran against them is not stated
1952,regular,1952-07-15,Democratic,Democratic primary,plurality,Fred W. Bach,lost,,,,,True,arlingtonelections2021 p.22,derived,the county prints the primary's candidates and no counts
1952,regular,1952-07-15,Democratic,Democratic primary,plurality,Wesley W. Cooper,nominated,,,,,True,arlingtonelections2021 p.22,derived,the county prints the primary's candidates and no counts
1955,regular,1955-05-24,ABC,ABC convention,plurality,Spencer M. Smith,lost,289.0,count,,589.0,1.0,dailysun1955abc,keyed,"total_votes is the voters; each cast two votes, and the five counts sum to 1,178; the convention met on the evening before the 25 May issue"
1955,regular,1955-05-24,ABC,ABC convention,plurality,"Leo Urbanske, Jr.",lost,132.0,count,,589.0,1.0,dailysun1955abc,keyed,"total_votes is the voters; each cast two votes, and the five counts sum to 1,178; the convention met on the evening before the 25 May issue"
1955,regular,1955-05-24,ABC,ABC convention,plurality,Karl G. Sorg,lost,99.0,count,,589.0,1.0,dailysun1955abc,keyed,"total_votes is the voters; each cast two votes, and the five counts sum to 1,178; the convention met on the evening before the 25 May issue"
1955,regular,1955-05-24,ABC,ABC convention,plurality,David L. Krupsaw,nominated,330.0,count,,589.0,1.0,dailysun1955abc,keyed,"total_votes is the voters; each cast two votes, and the five counts sum to 1,178; the convention met on the evening before the 25 May issue"
1955,regular,1955-05-24,ABC,ABC convention,plurality,Ralph Kaul,nominated,328.0,count,,589.0,1.0,dailysun1955abc,keyed,"total_votes is the voters; each cast two votes, and the five counts sum to 1,178; the convention met on the evening before the 25 May issue"
1962,regular,1962-07-10,Democratic,Democratic primary,plurality,"Allen H. Harrison, Jr.",nominated,,,,,,arlingtonelections2021 p.38,derived,the county prints the primary's candidates and no counts; the county prints one name; whether anyone ran against them is not stated
1963,regular,1963-06,Republican,Republican mass meeting,,Emerson G. Reinsch,withdrew,,,,,,sawicki1963,keyed,read on the page image; withdrew from the race and was replaced by the county committee
1963,regular,1963-07-03,Republican,Republican committee,,Harold J. Casto,nominated,,,,,,sawicki1963,keyed,read on the page image; replaces Reinsch on the ticket
1995,regular,1995-06-13,Democratic,Democratic primary,plurality,Barbara A. Favola,lost,2705.0,count,,13007.0,True,arlingtonelections2021 p.80,derived,
1995,regular,1995-06-13,Democratic,Democratic primary,plurality,Jill A. Rathbun,lost,1586.0,count,,13007.0,True,arlingtonelections2021 p.80,derived,
1995,regular,1995-06-13,Democratic,Democratic primary,plurality,Albert C. Eisenberg,nominated,4969.0,count,,13007.0,True,arlingtonelections2021 p.80,derived,
1995,regular,1995-06-13,Democratic,Democratic primary,plurality,Paul F. Ferguson,nominated,3747.0,count,,13007.0,True,arlingtonelections2021 p.80,derived,
1997,regular,1997-06-10,Democratic,Democratic primary,plurality,Barbara A. Favola,lost,3903.0,count,,8642.0,True,arlingtonelections2021 p.84,derived,
1997,regular,1997-06-10,Democratic,Democratic primary,plurality,"G.N. “Jay” Fisette, Jr.",nominated,4739.0,count,,8642.0,True,arlingtonelections2021 p.84,derived,
2002,regular,2002-05,Democratic,Democratic caucus,,Christian E. Dorsey,lost,,,,,1.0,connection2002,keyed,no count printed
2002,regular,2002-05,Democratic,Democratic caucus,,Christopher E. Zimmerman,nominated,,,,,1.0,connection2002,keyed,"the article, dated Tuesday 14 May 2002, says 'last night' and calls it 'Tuesday's caucus', and headlines it a primary; no count printed"
2003,regular,2003-06-10,Democratic,Democratic primary,plurality,James T. Hurysz,lost,1289.0,count,,13160.0,True,arlingtonelections2021 p.92,derived,
2003,regular,2003-06-10,Democratic,Democratic primary,plurality,J. Walter Tejada,nominated,6005.0,count,,13160.0,True,arlingtonelections2021 p.92,derived,
2003,regular,2003-06-10,Democratic,Democratic primary,plurality,Paul F. Ferguson,nominated,5866.0,count,,13160.0,True,arlingtonelections2021 p.92,derived,
2003,special 2003-03-11,,Democratic,Democratic caucus,,Albert C. Eisenberg,lost,,,,,1.0,mccaffrey2015,keyed,no date or count in the two paragraphs held
2003,special 2003-03-11,,Democratic,Democratic caucus,,Christian E. Dorsey,lost,,,,,1.0,mccaffrey2015,keyed,no date or count in the two paragraphs held
2003,special 2003-03-11,,Democratic,Democratic caucus,,J. Walter Tejada,nominated,,,,,1.0,mccaffrey2015,keyed,no date or count in the two paragraphs held
2012,special 2012-03-27,2012-01-21,Democratic,Democratic caucus,,Melissa Bondi,lost,966.0,count,,4314.0,1.0,arlnow2012garvey,keyed,"caucuses held on the Thursday and Saturday before the 22 January report; the report prints 4,314 votes cast and the counts sum to it; the report does not say how the votes were counted"
2012,special 2012-03-27,2012-01-21,Democratic,Democratic caucus,,Terron Sims,lost,922.0,count,,4314.0,1.0,arlnow2012garvey,keyed,"caucuses held on the Thursday and Saturday before the 22 January report; the report prints 4,314 votes cast and the counts sum to it; the report does not say how the votes were counted"
2012,special 2012-03-27,2012-01-21,Democratic,Democratic caucus,,Kim Klingler,lost,333.0,count,,4314.0,1.0,arlnow2012garvey,keyed,"caucuses held on the Thursday and Saturday before the 22 January report; the report prints 4,314 votes cast and the counts sum to it; the report does not say how the votes were counted"
2012,special 2012-03-27,2012-01-21,Democratic,Democratic caucus,,Peter C. Fallon,lost,178.0,count,,4314.0,1.0,arlnow2012garvey,keyed,"caucuses held on the Thursday and Saturday before the 22 January report; the report prints 4,314 votes cast and the counts sum to it; the report does not say how the votes were counted"
2012,special 2012-03-27,2012-01-21,Democratic,Democratic caucus,,Libby T. Garvey,nominated,1915.0,count,,4314.0,1.0,arlnow2012garvey,keyed,"caucuses held on the Thursday and Saturday before the 22 January report; the report prints 4,314 votes cast and the counts sum to it; the report does not say how the votes were counted"
2014,special 2014-04-08,2014-02-01,Democratic,Democratic caucus,ranked-choice,Cord Thomas,lost,,,30.0,3585.0,1.0,arlnow2014howze,keyed,"the same page prints the committee's release: 'Alan Howze won with 52% of 3,585 votes cast'; ranked ballots, with no run-off needed since Howze had a majority; counts not printed"
2014,special 2014-04-08,2014-02-01,Democratic,Democratic caucus,ranked-choice,Peter C. Fallon,lost,,,18.0,3585.0,1.0,arlnow2014howze,keyed,"the same page prints the committee's release: 'Alan Howze won with 52% of 3,585 votes cast'; ranked ballots, with no run-off needed since Howze had a majority; counts not printed"
2014,special 2014-04-08,2014-02-01,Democratic,Democratic caucus,ranked-choice,Alan E. Howze,nominated,,,52.0,3585.0,1.0,arlnow2014howze,keyed,"the same page prints the committee's release: 'Alan Howze won with 52% of 3,585 votes cast'; ranked ballots, with no run-off needed since Howze had a majority; counts not printed"
2015,regular,2015-06-09,Democratic,Democratic primary,plurality,Peter C. Fallon,lost,4007.0,count,,19954.0,True,arlingtonelections2021 p.111,derived,
2015,regular,2015-06-09,Democratic,Democratic primary,plurality,Andrew F. Schneider,lost,3536.0,count,,19954.0,True,arlingtonelections2021 p.111,derived,
2015,regular,2015-06-09,Democratic,Democratic primary,plurality,James S. Lander,lost,2807.0,count,,19954.0,True,arlingtonelections2021 p.111,derived,
2015,regular,2015-06-09,Democratic,Democratic primary,plurality,Bruce A. Wiljanen,lost,687.0,count,,19954.0,True,arlingtonelections2021 p.111,derived,
2015,regular,2015-06-09,Democratic,Democratic primary,plurality,"Kate A. ""Katie"" Cristol",nominated,4497.0,count,,19954.0,True,arlingtonelections2021 p.111,derived,
2015,regular,2015-06-09,Democratic,Democratic primary,plurality,Christian E. Dorsey,nominated,4420.0,count,,19954.0,True,arlingtonelections2021 p.111,derived,
2016,regular,2016-06-14,Democratic,Democratic primary,plurality,Erik Gutshall,lost,6882.0,count,,15248.0,True,arlingtonelections2021 p.113,derived,
2016,regular,2016-06-14,Democratic,Democratic primary,plurality,Libby T. Garvey,nominated,8366.0,count,,15248.0,True,arlingtonelections2021 p.113,derived,
2017,regular,2017-05-13,Democratic,Democratic caucus,ranked-choice,Kim Klingler,lost,,,,,1.0,insidenova2017gutshall,keyed,the headline is the quote held; the bib entry records the report's naming the three losers and the instant runoff; counts not read
2017,regular,2017-05-13,Democratic,Democratic caucus,ranked-choice,Peter C. Fallon,lost,,,,,1.0,insidenova2017gutshall,keyed,the headline is the quote held; the bib entry records the report's naming the three losers and the instant runoff; counts not read
2017,regular,2017-05-13,Democratic,Democratic caucus,ranked-choice,Vivek Patil,lost,,,,,1.0,insidenova2017gutshall,keyed,the headline is the quote held; the bib entry records the report's naming the three losers and the instant runoff; counts not read
2017,regular,2017-05-13,Democratic,Democratic caucus,ranked-choice,Erik Gutshall,nominated,,,,,1.0,insidenova2017gutshall,keyed,the headline is the quote held; the bib entry records the report's naming the three losers and the instant runoff; counts not read
2018,regular,2018-06-12,Democratic,Democratic primary,plurality,Chanda Choun,lost,4589.0,count,,11664.0,True,arlingtonelections2021 p.116,derived,
2018,regular,2018-06-12,Democratic,Democratic primary,plurality,"Matthew D. ""Matt"" de Ferranti",nominated,7075.0,count,,11664.0,True,arlingtonelections2021 p.116,derived,
2020,special 2020-07-07,2020-05-07,Democratic,Democratic committees' vote,ranked-choice,Barbara Kanninen,lost,,,,,1.0,arlnow2020,keyed,the release says a closed process of about 250 members of the Steering and County committees; the counts are in a table the page copy does not hold
2020,special 2020-07-07,2020-05-07,Democratic,Democratic committees' vote,ranked-choice,Chanda Choun,lost,,,,,1.0,arlnow2020,keyed,the release says a closed process of about 250 members of the Steering and County committees; the counts are in a table the page copy does not hold
2020,special 2020-07-07,2020-05-07,Democratic,Democratic committees' vote,ranked-choice,Nicole Merlene,lost,,,,,1.0,arlnow2020,keyed,the release says a closed process of about 250 members of the Steering and County committees; the counts are in a table the page copy does not hold
2020,special 2020-07-07,2020-05-07,Democratic,Democratic committees' vote,ranked-choice,Takis P. Karantonis,nominated,,,,,1.0,arlnow2020,keyed,the release says a closed process of about 250 members of the Steering and County committees; the counts are in a table the page copy does not hold
2020,regular,,Democratic,Democratic primary,,Libby T. Garvey,unopposed,,,,,0.0,arlnow2020cunningham,keyed,no primary was held for the regular seat
2021,regular,2021-06-08,Democratic,Democratic primary,plurality,Chanda Choun,lost,7572.0,count,,23181.0,True,arlingtonelections2021 p.121,derived,
2021,regular,2021-06-08,Democratic,Democratic primary,plurality,Takis P. Karantonis,nominated,15609.0,count,,23181.0,True,arlingtonelections2021 p.121,derived,
2023,regular,2023-06-20,Democratic,Democratic primary,ranked-choice,Natalie U. Roy,lost,5607.0,first-choice,,23813.0,True,vaelections contest 160326,derived,
2023,regular,2023-06-20,Democratic,Democratic primary,ranked-choice,"Julius D. Spain, Sr",lost,4749.0,first-choice,,23813.0,True,vaelections contest 160326,derived,
2023,regular,2023-06-20,Democratic,Democratic primary,ranked-choice,G. O. Weaver,lost,1238.0,first-choice,,23813.0,True,vaelections contest 160326,derived,
2023,regular,2023-06-20,Democratic,Democratic primary,ranked-choice,Jonathan Dromgoole,lost,917.0,first-choice,,23813.0,True,vaelections contest 160326,derived,
2023,regular,2023-06-20,Democratic,Democratic primary,ranked-choice,Susan R. Cunningham,nominated,5881.0,first-choice,,23813.0,True,vaelections contest 160326,derived,
2023,regular,2023-06-20,Democratic,Democratic primary,ranked-choice,Maureen E. Coffey,nominated,5421.0,first-choice,,23813.0,True,vaelections contest 160326,derived,
2024,regular,2024-06-18,Democratic,Democratic primary,ranked-choice,Natalie U. Roy,lost,5754.0,first-choice,,20279.0,True,vaelections contest 161227,derived,
2024,regular,2024-06-18,Democratic,Democratic primary,ranked-choice,Tenley D. Peterson,lost,4782.0,first-choice,,20279.0,True,vaelections contest 161227,derived,
2024,regular,2024-06-18,Democratic,Democratic primary,ranked-choice,James A. DeVita,lost,1938.0,first-choice,,20279.0,True,vaelections contest 161227,derived,
2024,regular,2024-06-18,Democratic,Democratic primary,ranked-choice,Julie E. Farnam,lost,1265.0,first-choice,,20279.0,True,vaelections contest 161227,derived,
2024,regular,2024-06-18,Democratic,Democratic primary,ranked-choice,"Julius D. ""JD"" Spain, Sr.",nominated,6540.0,first-choice,,20279.0,True,vaelections contest 161227,derived,
2025,regular,2025-06-17,Democratic,Democratic primary,ranked-choice,James A. Devita,lost,9351.0,count,,26147.0,True,vaelections contest 160947,derived,
2025,regular,2025-06-17,Democratic,Democratic primary,ranked-choice,Takis P. Karantonis,nominated,16796.0,count,,26147.0,True,vaelections contest 160947,derived,
