year,office,dem,rep,abc,other,unrecorded,total,complete,source,note
1872,president,126,464,0,0,0,590,True,alexandriagazette1872official,
1876,president,237,587,0,0,0,824,True,warrock1868,
1880,president,264,489,0,0,0,753,True,warrock1868,
1884,president,264,509,0,0,0,773,True,warrock1868,
1888,president,255,462,0,0,0,717,True,warrock1892,
1892,president,340,499,0,1,0,840,True,warrock1892,
1896,president,322,713,0,4,0,1039,True,warrock1892,
1900,president,413,421,0,2,0,836,True,warrock1900,
1904,president,157,99,0,0,0,256,True,warrock1900,
1908,president,354,165,0,0,0,519,True,warrock1900,
1912,president,346,86,0,153,0,585,True,warrock1911,
1916,president,515,412,0,0,0,927,True,warrock1911,
1920,president,835,996,0,0,0,1831,True,oleary2010 p.28,O'Leary's count; no state return found
1924,president,1209,1307,0,405,0,2921,True,vasecretary1924,
1928,president,1444,4274,0,26,0,5744,True,vasecretary1928,the Secretary's return prints 26 votes for minor tickets that the state database's locality rows leave out
1932,president,3285,2806,0,143,0,6234,True,vaelections contest 79326,
1936,president,4971,2825,0,39,0,7835,True,vaelections contest 79343,
1940,president,5440,4365,0,57,0,9862,True,vaelections contest 79369,
1944,president,7122,8317,0,60,0,15499,True,vaelections contest 79390,
1948,president,7798,10774,0,1539,0,20111,True,vaelections contest 79419,
1952,president,14032,22158,0,190,0,36380,True,vaelections contest 79455,
1956,president,16674,21868,0,1183,0,39725,True,vaelections contest 79293,
1960,president,22095,23632,0,250,0,45977,True,vaelections contest 79121,
1964,president,33567,20485,0,311,0,54363,True,vaelections contest 78861,
1968,president,26107,28163,0,7056,0,61326,True,vaelections contest 78816,
1972,president,25877,39406,0,1100,0,66383,True,vaelections contest 48591,
1976,president,32536,30972,0,1091,0,64599,True,vaelections contest 48411,
1980,president,26502,30854,0,9505,0,66861,True,vaelections contest 48204,
1984,president,37031,34848,0,363,0,72242,True,vaelections contest 47846,
1988,president,40314,34191,0,860,0,75365,True,vaelections contest 48618,
1992,president,47756,26376,0,8452,0,82584,True,vaelections contest 47275,
1996,president,45573,26106,0,3697,0,75376,True,vaelections contest 34787,
2000,president,50260,28555,0,4601,0,83416,True,vaelections contest 39517,
2004,president,63987,29635,0,674,0,94296,True,vaelections contest 41055,
2008,president,78994,29876,0,982,0,109852,True,vaelections contest 39050,
2012,president,81269,34474,0,1669,0,117412,True,vaelections contest 44930,
2016,president,92016,20186,0,7240,0,119442,True,vaelections contest 80871,
2020,president,105344,22318,0,1836,0,129498,True,vaelections contest 144567,
2024,president,100446,25223,0,2693,0,128362,True,vaelections contest 161256,
1931,county board,0,2088,0,0,7672,9760,False,arlingtonelections2021 p.6,(others not mentioned)
1935,county board,0,2890,0,0,12979,15869,True,arlingtonelections2021 p.10,
1939,county board,25597,8092,0,0,0,33689,True,arlingtonelections2021 p.12,
1940,county board,5538,4128,0,0,0,9666,True,arlingtonelections2021 p.12,
1941,county board,0,0,0,0,2797,2797,True,arlingtonelections2021 p.12,
1942,county board,0,0,0,0,0,0,False,arlingtonelections2021 p.13,no vote count for campbell
1943,county board,7947,5886,0,2882,0,16715,True,arlingtonelections2021 p.13,
1944,county board,0,0,0,0,13156,13156,True,arlingtonelections2021 p.14,
1945,county board,3424,2037,0,0,0,5461,True,arlingtonelections2021 p.14,
1946,county board,4742,0,0,5790,0,10532,True,arlingtonelections2021 p.14,
1947,county board,0,0,0,0,13849,13849,False,arlingtonelections2021 p.15,no vote count for frisbie
1948,county board,0,0,0,0,19585,19585,True,arlingtonelections2021 p.18,
1949,county board,0,0,0,0,0,0,False,arlingtonelections2021 p.18,"no vote count for bechtel, cox, delashmutt"
1950,county board,5497,0,0,9931,1049,16477,True,arlingtonelections2021 p.19,
1951,county board,7872,9077,0,13789,0,30738,True,arlingtonelections2021 p.21,
1952,county board,6542,11440,0,110704,0,128686,True,arlingtonelections2021 p.22,
1953,county board,7551,4889,0,6626,0,19066,True,arlingtonelections2021 p.25,
1954,county board,5534,0,0,18788,0,24322,True,arlingtonelections2021 p.26,
1955,county board,0,0,0,15819,22476,38295,True,arlingtonelections2021 p.28,
1956,county board,0,0,0,0,35807,35807,True,arlingtonelections2021 p.30,
1957,county board,0,0,14015,11560,0,25575,True,arlingtonelections2021 p.31,
1958,county board,11892,1999,13570,1552,0,29013,True,arlingtonelections2021 p.33,
1959,county board,1245,5774,19256,1659,0,27934,True,arlingtonelections2021 p.34,
1960,county board,19442,0,19939,3192,0,42573,True,arlingtonelections2021 p.36,
1961,county board,5709,6446,6487,1193,0,19835,True,arlingtonelections2021 p.37,
1962,county board,6947,8425,13720,0,0,29092,True,arlingtonelections2021 p.38,
1963,county board,0,21555,21644,5,0,43204,True,arlingtonelections2021 p.40,
1964,county board,0,17766,22961,0,0,40727,True,arlingtonelections2021 p.41,
1965,county board,0,12344,10912,0,0,23256,True,arlingtonelections2021 p.43,
1966,county board,0,18282,17838,1210,0,37330,True,arlingtonelections2021 p.44,
1967,county board,0,25607,0,30199,0,55806,True,arlingtonelections2021 p.46,
1968,county board,0,25026,0,25746,0,50772,True,arlingtonelections2021 p.47,
1969,county board,0,19566,0,12560,0,32126,True,arlingtonelections2021 p.49,
1970,county board,0,18724,0,23631,0,42355,True,arlingtonelections2021 p.50,
1971,county board,0,26832,0,34406,0,61238,True,arlingtonelections2021 p.52,
1972,county board,0,28764,0,31552,0,60316,True,arlingtonelections2021 p.54,
1973,county board,0,14026,0,21066,0,35092,True,arlingtonelections2021 p.55,
1974,county board,0,0,0,42122,0,42122,True,arlingtonelections2021 p.56,
1975,county board,0,0,0,55041,0,55041,True,arlingtonelections2021 p.57,
1976,county board,0,0,0,57835,1712,59547,True,arlingtonelections2021 p.59,
1977,county board,0,0,0,33154,0,33154,True,arlingtonelections2021 p.61,
1978,county board,0,0,0,41493,0,41493,True,arlingtonelections2021 p.62,
1979,county board,0,0,0,60151,0,60151,True,arlingtonelections2021 p.63,
1980,county board,25917,19965,0,0,0,45882,True,arlingtonelections2021 p.64,
1981,county board,0,16804,0,25573,0,42377,True,arlingtonelections2021 p.65,
1982,county board,26265,0,0,22307,0,48572,True,arlingtonelections2021 p.66,
1983,county board,32895,0,0,33271,0,66166,True,arlingtonelections2021 p.68,
1984,county board,41814,0,0,17707,0,59521,True,arlingtonelections2021 p.68,
1985,county board,0,0,0,37104,0,37104,True,arlingtonelections2021 p.70,
1986,county board,30500,0,0,7243,0,37743,True,arlingtonelections2021 p.70,
1987,county board,40160,0,0,33389,0,73549,True,arlingtonelections2021 p.71,
1988,county board,46573,22956,0,0,0,69529,True,arlingtonelections2021 p.72,
1989,county board,0,17436,0,31780,0,49216,True,arlingtonelections2021 p.73,
1990,county board,37227,8758,0,17601,0,63586,True,arlingtonelections2021 p.74,
1991,county board,34760,0,0,23044,0,57804,True,arlingtonelections2021 p.76,
1992,county board,56784,0,0,17393,0,74177,True,arlingtonelections2021 p.76,
1993,county board,40760,14171,0,12361,0,67292,True,arlingtonelections2021 p.77,
1994,county board,41963,0,0,21300,0,63263,True,arlingtonelections2021 p.79,
1995,county board,46292,27656,0,0,0,73948,True,arlingtonelections2021 p.81,
1996,county board,67018,5344,0,0,0,72362,True,arlingtonelections2021 p.82,
1997,county board,57132,16900,0,20144,0,94176,True,arlingtonelections2021 p.85,
1998,county board,28542,17387,0,0,0,45929,True,arlingtonelections2021 p.85,
1999,county board,49780,38305,0,0,0,88085,True,arlingtonelections2021 p.86,
2000,county board,47276,26789,0,1385,0,75450,True,arlingtonelections2021 p.89,
2001,county board,30214,19293,0,0,0,49507,True,arlingtonelections2021 p.91,
2002,county board,33926,21444,0,0,0,55370,True,arlingtonelections2021 p.91,
2003,county board,50750,21557,0,9947,0,82254,True,arlingtonelections2021 p.92,
2004,county board,60233,22633,0,0,0,82866,True,arlingtonelections2021 p.95,
2005,county board,43978,0,0,0,0,43978,True,arlingtonelections2021 p.97,
2006,county board,43047,19119,0,3274,0,65440,True,arlingtonelections2021 p.97,
2007,county board,36969,17890,0,3275,0,58134,True,arlingtonelections2021 p.100,
2008,county board,69287,0,0,21451,0,90738,True,arlingtonelections2021 p.101,
2009,county board,31333,0,0,14970,0,46303,True,arlingtonelections2021 p.103,
2010,county board,32894,20570,0,3454,0,56918,True,arlingtonelections2021 p.103,
2011,county board,48047,0,0,9728,0,57775,True,arlingtonelections2021 p.106,
2012,county board,66644,31443,0,13776,0,111863,True,arlingtonelections2021 p.106,
2013,county board,38213,0,0,17916,0,56129,True,arlingtonelections2021 p.109,
2014,county board,36594,0,0,47975,0,84569,True,arlingtonelections2021 p.109,
2015,county board,47172,0,0,19557,0,66729,True,arlingtonelections2021 p.112,
2016,county board,72577,0,0,27798,0,100375,True,arlingtonelections2021 p.114,
2017,county board,46276,0,0,26194,0,72470,True,arlingtonelections2021 p.116,
2018,county board,53688,0,0,46223,0,99911,True,arlingtonelections2021 p.116,
2019,county board,78835,0,0,20381,0,99216,True,arlingtonelections2021 p.118,
2020,county board,82007,0,0,30843,19924,132774,True,arlingtonelections2021 p.119,
2021,county board,50994,0,0,32125,0,83119,True,arlingtonelections2021 p.122,
2022,county board,52746,0,0,33121,0,85867,True,vaelections contest 156359,
2023,county board,86914,13762,0,14882,0,115558,True,vaelections contest 163432; arlnow2023clement; arlingtongop2023,"party from the Democratic primary; the general carries none; stated directly, her own announcement of the 2023 candidacy: “I’m Audrey Clement, the Independent candidate for Arlington County Board.”; named by the Arlington County Republican Committee as its 2023 candidate: “Juan Carlos Fierro, Republican for Arlington County Board”"
2024,county board,65635,17347,0,28914,0,111896,True,vaelections contest 161309; mccaffrey2024,"party from the Democratic primary; the general carries none; stated directly, of the 2024 race: “Granger, independent Audrey Clement, Republican Juan Carlos Fierro and Democrat JD Spain, Sr., are vying to succeed her.”; stated directly, of the 2024 race: “‘One-party rule is not healthy,’ said Madison Granger, an independent who is running under the banner of the nascent Forward Party.”; stated directly, of the 2024 race: “Granger, independent Audrey Clement, Republican Juan Carlos Fierro and Democrat JD Spain, Sr., are vying to succeed her.”"
2025,county board,59188,10732,0,20687,0,90607,True,vaelections contest 165040; mccaffrey2025,"party from the Democratic primary; the general carries none; stated directly, of the 2025 race: “He joins independents Audrey Clement and Jeramy Olmack in attempting to unseat current Board Chair Takis Karantonis.”; stated directly, of the 2025 race: “Election officials said they are still confirming the paperwork from one final independent, and Republican Bob Cambridge is also running against Karantonis.”; stated directly, of the 2025 race: “Carlos ‘DC’ De Castro Pretelt, a 22-year military veteran, qualified for the ballot on Monday. He joins independents Audrey Clement and Jeramy Olmack in attempting to unseat current Board Chair Takis Karantonis.”; stated directly, of the 2025 race: “He joins independents Audrey Clement and Jeramy Olmack in attempting to unseat current Board Chair Takis Karantonis.”"
