year,tier,contest,seats,winners,nominated_by,contested_other,general_margin_votes,general_margin_share,nomination_contested,nomination_margin_votes,nomination_margin_share,general_status,note
1870,before 1931,Arlington District,1,H. Dwight Smith,H. Dwight Smith: no record,,,,,,,not computed,O'Leary names the winner and no one else
1870,before 1931,Jefferson District,1,Storm V. Boyd,Storm V. Boyd: no record,,,,,,,not computed,O'Leary names the winner and no one else
1870,before 1931,Washington District,1,Charles W. Payne,Charles W. Payne: no record,,,,,,,not computed,O'Leary names the winner and no one else
1871,before 1931,Arlington District,1,H. Dwight Smith,H. Dwight Smith: no record,,,,,,,not computed,O'Leary names the winner and no one else
1871,before 1931,Jefferson District,1,William A. Rowe,William A. Rowe: no record,,,,,,,not computed,O'Leary names the winner and no one else
1871,before 1931,Washington District,1,Edward Deeble,Edward Deeble: no record,,,,,,,not computed,O'Leary names the winner and no one else
1872,before 1931,Arlington District,1,John B. Syphax,John B. Syphax: no record,,,,,,,not computed,O'Leary names the winner and no one else
1872,before 1931,Jefferson District,1,William A. Rowe,William A. Rowe: no record,,,,,,,not computed,O'Leary names the winner and no one else
1872,before 1931,Washington District,1,Henry W. Febrey,Henry W. Febrey: no record,,,,,,,not computed,O'Leary names the winner and no one else
1873,before 1931,Arlington District,1,Francis D. Schutt,Francis D. Schutt: no record,,,,,,,not computed,O'Leary names the winner and no one else
1873,before 1931,Jefferson District,1,William A. Rowe,William A. Rowe: no record,,,,,,,not computed,O'Leary names the winner and no one else
1873,before 1931,Washington District,1,Vacant – Samuel Titus appointed in Dec.,Vacant – Samuel Titus appointed in Dec.: no record,,,,,,,not computed,O'Leary names the winner and no one else
1874,before 1931,Arlington District,1,Francis G. Schutt,Francis G. Schutt: no record,,,,,,,not computed,O'Leary names the winner and no one else
1874,before 1931,Jefferson District,1,William A. Rowe,William A. Rowe: no record,,,,,,,not computed,O'Leary names the winner and no one else
1874,before 1931,Washington District,1,Gilbert Vandenberg,Gilbert Vandenberg: no record,,,,,,,not computed,O'Leary names the winner and no one else
1875,before 1931,Arlington District,1,Francis G. Schutt,Francis G. Schutt: no record,,,,,,,not computed,O'Leary names the winner and no one else
1875,before 1931,Jefferson District,1,William A. Rowe,William A. Rowe: no record,,,,,,,not computed,O'Leary names the winner and no one else
1875,before 1931,Washington District,1,Gilbert Vandenberg,Gilbert Vandenberg: no record,,,,,,,not computed,O'Leary names the winner and no one else
1877,before 1931,Arlington District,1,William H. Robinson,William H. Robinson: no record,,,,,,,not computed,O'Leary names the winner and no one else
1877,before 1931,Jefferson District,1,William A. Rowe,William A. Rowe: no record,,,,,,,not computed,O'Leary names the winner and no one else
1877,before 1931,Washington District,1,Charles W. Payne,Charles W. Payne: no record,,,,,,,not computed,O'Leary names the winner and no one else
1879,before 1931,Arlington District,1,William A. Rowe,William A. Rowe: no record,,,,,,,not computed,O'Leary names the winner and no one else
1879,before 1931,Jefferson District,1,Travis B. Pinn,Travis B. Pinn: no record,,,,,,,not computed,O'Leary names the winner and no one else
1879,before 1931,Washington District,1,Francis G. Schutt,Francis G. Schutt: no record,,,,,,,not computed,O'Leary names the winner and no one else
1881,before 1931,Arlington District,1,William A. Rowe,William A. Rowe: no record,,,,,,,not computed,O'Leary names the winner and no one else
1881,before 1931,Jefferson District,1,Travis B. Pinn,Travis B. Pinn: no record,,,,,,,not computed,O'Leary names the winner and no one else
1881,before 1931,Washington District,1,Christopher Costello,Christopher Costello: no record,,,,,,,not computed,O'Leary names the winner and no one else
1883,before 1931,Arlington District,1,Perkins W. Squier,Perkins W. Squier: no record,,,,,,,not computed,O'Leary names the winner and no one else
1883,before 1931,Jefferson District,1,John W. Pendleton,John W. Pendleton: no record,,,,,,,not computed,O'Leary names the winner and no one else
1883,before 1931,Washington District,1,Christopher Costello,Christopher Costello: no record,,,,,,,not computed,O'Leary names the winner and no one else
1885,before 1931,Arlington District,1,George W. Veitch,George W. Veitch: no record,,,,,,,not computed,a candidate's count is not printed or not legible
1885,before 1931,Jefferson District,1,Richard W. Johnston,Richard W. Johnston: no record,,,,,,,not computed,a candidate's count is not printed or not legible
1885,before 1931,Washington District,1,John D. Payne,John D. Payne: no record,,,,,,,not computed,no loser is named
1887,before 1931,Arlington District,1,Horatio Ball,Horatio Ball: no record,,,,,,,not computed,O'Leary names the winner and no one else
1887,before 1931,Jefferson District,1,Tibbett Allen,Tibbett Allen: no record,,,,,,,not computed,O'Leary names the winner and no one else
1887,before 1931,Washington District,1,A. B. Grunwell,A. B. Grunwell: no record,,,,,,,not computed,O'Leary names the winner and no one else
1889,before 1931,Arlington District,1,F. S. Corbett,F. S. Corbett: no record,,,,,,,not computed,no loser is named
1889,before 1931,Jefferson District,1,Frank Hume,Frank Hume: no record,,,,,,,not computed,no loser is named
1889,before 1931,Washington District,1,W. Wilson,W. Wilson: no record,,,,,,,not computed,no loser is named
1891,before 1931,Washington District,1,Wilson,Wilson: no record,,,,,,,not computed,a candidate's count is not printed or not legible
1891,before 1931,Arlington District,1,Millard F. Birth,Millard F. Birth: no record,,,,,,,not computed,O'Leary names the winner and no one else
1891,before 1931,Jefferson District,1,Frank Hume,Frank Hume: no record,,,,,,,not computed,O'Leary names the winner and no one else
1893,before 1931,Arlington District,1,John W. Clarke,John W. Clarke: no record,,42.0,0.1390728476821192,,,,computed,read from the page image
1893,before 1931,Jefferson District,1,Frank Hume,Frank Hume: no record,,,,,,,not computed,no loser is named
1893,before 1931,Washington District,1,R. H. Phillips,R. H. Phillips: no record,,99.0,0.4459459459459459,,,,computed,read from the page image
1895,before 1931,Arlington District,1,Corbett,Corbett: no record,,57.0,0.1461538461538461,,,,computed,read from the page image
1895,before 1931,Jefferson District,1,Duncan,Duncan: no record,,43.0,0.1530249110320284,,,,computed,read from the page image
1895,before 1931,Washington District,1,Grunwell,Grunwell: no record,,73.0,0.3004115226337449,,,,computed,read from the page image
1897,before 1931,Arlington District,1,Torreyson,Torreyson: no record,,,,,,,not computed,"a candidate's count is not printed or not legible; There being a tie between Messrs. Corbett and Torreyson in Arlington district, these gentlemen to-day drew for the position and Mr. Torreyson won the prize."
1897,before 1931,Jefferson District,1,Duncan,Duncan: no record,,,,,,,not computed,no loser is named
1897,before 1931,Washington District,1,Saegmuller,Saegmuller: no record,,,,,,,not computed,no loser is named
1899,before 1931,Arlington District,1,Corbett,Corbett: no record,,72.0,0.140625,,,,computed,read from the page image
1899,before 1931,Jefferson District,1,D. N. Rust,D. N. Rust: no record,,45.0,0.1068883610451306,,,,computed,read from the page image
1899,before 1931,Washington District,1,Saegmuller,Saegmuller: no record,,54.0,0.1942446043165467,,,,computed,read from the page image
1901,before 1931,Arlington District,1,Darby,Darby: no record,,326.0,0.6877637130801688,,,,computed,read from the page image
1901,before 1931,Jefferson District,1,Duncan,Duncan: no record,,151.0,0.3673965936739659,,,,computed,read from the page image
1901,before 1931,Washington District,1,Costello,Costello: no record,,22.0,0.0909090909090909,,,,computed,read from the page image
1903,before 1931,Arlington District,1,W.W. Douglas,W.W. Douglas: no record,,,,,,,not computed,O'Leary names the winner and no one else
1903,before 1931,Jefferson District,1,D. N. Rust,D. N. Rust: no record,,,,,,,not computed,O'Leary names the winner and no one else
1903,before 1931,Washington District,1,W. N. Febrey County,W. N. Febrey County: no record,,,,,,,not computed,O'Leary names the winner and no one else
1907,before 1931,Arlington District,1,Corbett,Corbett: no record,,24.0,0.0597014925373134,,,,computed,read from the page image
1907,before 1931,Jefferson District,1,E. Duncan,E. Duncan: no record,,2.0,0.0124223602484472,,,,computed,read from the page image
1907,before 1931,Washington District,1,W. N. Febrey,W. N. Febrey: no record,,25.0,0.1295336787564766,,,,computed,read from the page image
1915,before 1931,Arlington District,1,W. C. Wilbert,W. C. Wilbert: no record,,64.0,0.3950617283950617,,,,computed,read from the page image
1915,before 1931,Jefferson District,1,Edward Duncan,Edward Duncan: no record,,88.0,0.3211678832116788,,,,computed,read from the page image
1915,before 1931,Washington District,1,Robert L. Walker,Robert L. Walker: no record,,58.0,0.1318181818181818,,,,computed,read from the page image
1919,before 1931,Arlington District,1,Thomas J. DeLashmutt,Thomas J. DeLashmutt: no record,,220.0,0.2949061662198391,,,,computed,read from the page image
1919,before 1931,Jefferson District,1,Edward Duncan,Edward Duncan: no record,,,,,,,not computed,a candidate's count is not printed or not legible
1919,before 1931,Washington District,1,C. N. Ahalt,C. N. Ahalt: no record,,37.0,0.0831460674157303,,,,computed,read from the page image
1931,1931 on,regular,5,Fred A. Gosnell; Harry A. Fellows; Elizabeth B. Magruder; John C. Gall; Lyman M. Kelly,Fred A. Gosnell: no record; Harry A. Fellows: no record; Elizabeth B. Magruder: no record; John C. Gall: no record; Lyman M. Kelly: no record,yes,,,,,,not computed,the county's returns are incomplete: (others not mentioned)
1935,1931 on,regular,5,William A.E. McShea; George M. Yeatman; Elizabeth B. Mcgruder; William P. Ames; F. Freeland Chew,William A.E. McShea: no record; George M. Yeatman: no record; Elizabeth B. Mcgruder: no record; William P. Ames: no record; F. Freeland Chew: no record,yes,,,,,,not computed,the county lists five names for five seats and the Sun's report of the new Board names others
1939,1931 on,regular,5,Elizabeth B. Magruder; F. Freeland Chew; Edmund D. Campbell; Basil DeLashmutt; Leo Lloyd,Elizabeth B. Magruder: no record; F. Freeland Chew: no record; Edmund D. Campbell: no record; Basil DeLashmutt: no record; Leo Lloyd: no record,yes,1438.0,0.0426845557897236,,,,computed,
1940,1931 on,regular,1,Leo Lloyd,Leo Lloyd: no record,yes,1410.0,0.1458721291123526,,,,computed,
1941,1931 on,regular,1,Basil M. DeLashmutt,Basil M. DeLashmutt: no record,unknown,1601.0,0.5723989989274222,,,,computed,
1942,1931 on,regular,1,Edmund D. Campbell,"Edmund D. Campbell: Democratic primary, unopposed",unknown,,,no,,,not computed,the county's returns are incomplete: no vote count for campbell; Democratic nomination: unopposed
1943,1931 on,regular,2,Elizabeth B. Magruder; F. Freeland Chew,Elizabeth B. Magruder: no record; F. Freeland Chew: no record,yes,652.0,0.0390068800478612,,,,computed,
1944,1931 on,regular,1,Leo Lloyd,"Leo Lloyd: Democratic primary, contested",unknown,988.0,0.075098814229249,yes,458,0.220,computed,
1945,1931 on,regular,1,Basil M. DeLashmutt,Basil M. DeLashmutt: no record,yes,1387.0,0.2539827870353415,,,,computed,
1946,1931 on,regular,1,Daniel A. Dugan,Daniel A. Dugan: no record,yes,1048.0,0.0995062666160273,,,,computed,
1947,1931 on,regular,1,F. Freeland Chew,F. Freeland Chew: no record,unknown,,,,,,not computed,the county's returns are incomplete: no vote count for frisbie
1948,1931 on,regular,1,Alfred E. Frisbie,"Alfred E. Frisbie: method not stated, contest not reported",unknown,129.0,0.0065866734745979,not reported,,,computed,Democratic nomination: no losing candidate is named
1949,1931 on,regular,1,,,unknown,,,,,,not computed,"the county's returns are incomplete: no vote count for bechtel, cox, delashmutt"
1950,1931 on,regular,1,Daniel A. Dugan,Daniel A. Dugan: no record,yes,4434.0,0.2691023851429265,,,,computed,
1951,1931 on,regular,2,Robert A. Peck; Alan L. Dean,Robert A. Peck: no record; Alan L. Dean: no record,yes,54.0,0.0017567831348819,,,,computed,
1952,1931 on,regular,1,George M. Rowzee,George M. Rowzee: no record,yes,64.0,0.0020621214073978,,,,computed,
1952,1931 on,special 1952-11-04,3,Robert H. Detwiler; Alvin F. Kimel; Leone B. Buchholz,Robert H. Detwiler: no record; Alvin F. Kimel: no record; Leone B. Buchholz: no record,yes,4491.0,0.0459907834101382,,,,computed,
1953,1931 on,regular,1,Wesley W. Cooper,Wesley W. Cooper: no record,yes,925.0,0.0485156823665163,,,,computed,
1954,1931 on,regular,1,Leone B. Buchholz,Leone B. Buchholz: no record,yes,159.0,0.0065372913411726,,,,computed,
1955,1931 on,regular,2,Ralph Kaul; David L. Krupsaw,"Ralph Kaul: ABC convention, contested; David L. Krupsaw: ABC convention, contested",yes,2697.0,0.0704269486878182,yes,39,0.033,computed,
1956,1931 on,regular,1,Lucas Henter Blevens,Lucas Henter Blevens: no record,unknown,119.0,0.0033233725249252,,,,computed,
1957,1931 on,regular,1,"Herbert L. Brown, Jr.","Herbert L. Brown, Jr.: no record",yes,2455.0,0.0959921798631476,,,,computed,
1958,1931 on,regular,1,"Leo Urbanske, Jr.","Leo Urbanske, Jr.: no record",yes,1678.0,0.0578361424189156,,,,computed,
1959,1931 on,regular,2,David L. Krupsaw; Ralph Kaul,David L. Krupsaw: no record; Ralph Kaul: no record,yes,3785.0,0.1354979594759075,,,,computed,
1960,1931 on,regular,1,Thomas W. Richards,Thomas W. Richards: no record,no,497.0,0.0126202991290216,,,,computed,
1960,1931 on,special 1960-11-08,1,Ernest D. Wilt,Ernest D. Wilt: no record,yes,,,,,,not computed,no named candidate stood against the winner
1961,1931 on,regular,1,Roye L. Lowry,Roye L. Lowry: no record,yes,41.0,0.0020670531888076,,,,computed,
1962,1931 on,regular,1,"Leo Urbanske, Jr.","Leo Urbanske, Jr.: no record",yes,5295.0,0.1820087996700123,,,,computed,
1963,1931 on,regular,2,Joseph L. Fisher; Harold J. Casto,"Joseph L. Fisher: no record; Harold J. Casto: Republican committee, contest not reported",yes,363.0,0.0084019998148319,not reported,,,computed,Republican nomination: no losing candidate is named
1964,1931 on,regular,1,Thomas W. Richards,Thomas W. Richards: no record,yes,5195.0,0.1275566577454759,,,,computed,
1965,1931 on,regular,1,Kenneth M. Haggerty,Kenneth M. Haggerty: no record,yes,1432.0,0.0615755073959408,,,,computed,
1966,1931 on,regular,1,Ned R. Thomas,Ned R. Thomas: no record,yes,444.0,0.0118939190999196,,,,computed,
1967,1931 on,regular,2,Joseph L. Fisher; Jay E. Ricks,Joseph L. Fisher: no record; Jay E. Ricks: no record,yes,830.0,0.0148729527290972,,,,computed,
1968,1931 on,regular,1,Les Phillips,Les Phillips: no record,yes,895.0,0.0176278263609863,,,,computed,
1969,1931 on,regular,1,Kenneth Haggerty,Kenneth Haggerty: no record,yes,7006.0,0.2180788146672477,,,,computed,
1970,1931 on,regular,1,Joseph Wholey,Joseph Wholey: no record,yes,3916.0,0.0924566166922441,,,,computed,
1971,1931 on,regular,2,Joseph L. Fisher; Everard Munsey,Joseph L. Fisher: no record; Everard Munsey: no record,yes,2671.0,0.04361670857964,,,,computed,
1972,1931 on,regular,1,John W. Purdy,John W. Purdy: no record,yes,2788.0,0.0462232243517474,,,,computed,
1973,1931 on,regular,1,Ellen M. Bozman,Ellen M. Bozman: no record,yes,3882.0,0.1106235039325202,,,,computed,
1974,1931 on,regular,1,Joseph S. Wholey,Joseph S. Wholey: no record,yes,7062.0,0.1676558567969232,,,,computed,
1975,1931 on,regular,2,"Dorothy Grotos; Walter L. Frankland, Jr.","Dorothy Grotos: no record; Walter L. Frankland, Jr.: no record",yes,1817.0,0.0330117548736396,,,,computed,
1976,1931 on,regular,1,John W. Purdy,John W. Purdy: no record,yes,4828.0,0.0810788116949636,,,,computed,
1977,1931 on,regular,1,Ellen M. Bozman,Ellen M. Bozman: no record,yes,3691.0,0.1113289497496531,,,,computed,
1978,1931 on,regular,1,Stephen H. Detwiler,Stephen H. Detwiler: no record,yes,2058.0,0.0495987274962041,,,,computed,
1979,1931 on,regular,2,"Dorothy Grotos; Walter L. Frankland, Jr.","Dorothy Grotos: no record; Walter L. Frankland, Jr.: no record",yes,948.0,0.0157603364865089,,,,computed,
1980,1931 on,regular,1,John G. Milliken,John G. Milliken: no record,yes,5952.0,0.1297240748005753,,,,computed,
1981,1931 on,regular,1,Ellen M. Bozman,Ellen M. Bozman: no record,yes,8769.0,0.2069282865705453,,,,computed,
1982,1931 on,regular,1,Mary Margaret Whipple,Mary Margaret Whipple: no record,yes,3958.0,0.081487276620275,,,,computed,
1983,1931 on,regular,2,Michael E. “Mike” Brunner; Albert C. Eisenberg,Michael E. “Mike” Brunner: no record; Albert C. Eisenberg: no record,yes,299.0,0.004518937218511,,,,computed,
1984,1931 on,regular,1,John G. Milliken,John G. Milliken: no record,yes,24107.0,0.4050167167890324,,,,computed,
1985,1931 on,regular,1,Ellen M. Bozman,Ellen M. Bozman: no record,yes,14836.0,0.3998490728762398,,,,computed,
1986,1931 on,regular,1,Mary Margaret Whipple,Mary Margaret Whipple: no record,yes,25904.0,0.6863259412341361,,,,computed,
1987,1931 on,regular,2,"Albert C. Eisenberg; William T. Newman, Jr.","Albert C. Eisenberg: no record; William T. Newman, Jr.: no record",yes,1547.0,0.0210335966498524,,,,computed,
1988,1931 on,regular,1,John G. Milliken,John G. Milliken: no record,yes,23617.0,0.3396712163270002,,,,computed,
1989,1931 on,regular,1,Ellen M. Bozman,Ellen M. Bozman: no record,yes,14344.0,0.2914499349804941,,,,computed,
1990,1931 on,special 1990-05-01,1,James B. Hunter III,James B. Hunter III: no record,yes,1965.0,0.1008675119347056,,,,computed,
1990,1931 on,regular,1,Mary Margaret Whipple,Mary Margaret Whipple: no record,yes,8903.0,0.2018591996372293,,,,computed,
1991,1931 on,regular,2,"Albert C. Eisenberg; William T. Newman, Jr.","Albert C. Eisenberg: no record; William T. Newman, Jr.: no record",yes,5003.0,0.0865511037298456,,,,computed,
1992,1931 on,regular,1,James B. Hunter III,James B. Hunter III: no record,yes,39391.0,0.5310406190598164,,,,computed,
1993,1931 on,special 1993-04-20,1,"B.H. “Ben” Winslow, Jr.","B.H. “Ben” Winslow, Jr.: no record",yes,206.0,0.0111399524118537,,,,computed,
1993,1931 on,regular,1,Ellen M. Bozman,Ellen M. Bozman: no record,yes,17446.0,0.3575,,,,computed,
1994,1931 on,regular,1,Mary Margaret Whipple,Mary Margaret Whipple: no record,yes,20663.0,0.3265483509015914,,,,computed,
1995,1931 on,regular,2,Albert C. Eisenberg; Paul F. Ferguson,"Albert C. Eisenberg: Democratic primary, contested; Paul F. Ferguson: Democratic primary, contested",yes,8860.0,0.1197880049753934,yes,1042,0.080,computed,
1996,1931 on,special 1996-01-30,1,Christopher E. Zimmerman,Christopher E. Zimmerman: no record,yes,7433.0,0.4092836297560707,,,,computed,
1996,1931 on,regular,1,"James B. Hunter, III","James B. Hunter, III: no record",no,,,,,,not computed,no named candidate stood against the winner
1997,1931 on,regular,1,"G.N. “Jay” Fisette, Jr.","G.N. “Jay” Fisette, Jr.: Democratic primary, contested",yes,11221.0,0.2384200237973822,yes,836,0.097,computed,
1997,1931 on,special 1997-11-04,1,Barbara A. Favola,Barbara A. Favola: no record,yes,11105.0,0.2352754237288135,,,,computed,
1998,1931 on,regular,1,Christopher E. Zimmerman,Christopher E. Zimmerman: no record,yes,11155.0,0.2427057722851983,,,,computed,
1999,1931 on,special 1999-04-13,1,Michael D. Lane,Michael D. Lane: no record,yes,169.0,0.0089427452640491,,,,computed,
1999,1931 on,regular,2,Paul F. Ferguson; Charles P. Monroe,Paul F. Ferguson: no record; Charles P. Monroe: no record,yes,955.0,0.0137941992142361,,,,computed,
2000,1931 on,regular,1,Barbara A. Favola,Barbara A. Favola: no record,yes,20487.0,0.2713509933774834,,,,computed,
2001,1931 on,regular,1,Jay Fisette,Jay Fisette: no record,yes,10921.0,0.2203413768057461,,,,computed,
2002,1931 on,regular,1,Christopher E. Zimmerman,"Christopher E. Zimmerman: Democratic caucus, contested",yes,12482.0,0.2251158764225296,yes,,,computed,Democratic nomination: the source prints no counts
2003,1931 on,special 2003-03-11,1,J. Walter Tejada,"J. Walter Tejada: Democratic caucus, contested",yes,2014.0,0.0931587955039548,yes,,,computed,Democratic nomination: the source prints no counts
2003,1931 on,regular,2,Paul F. Ferguson; J. Walter Tejada,"Paul F. Ferguson: Democratic primary, contested; J. Walter Tejada: Democratic primary, contested",yes,7070.0,0.1160671777781426,yes,4577,0.348,computed,
2004,1931 on,regular,1,Barbara A. Favola,Barbara A. Favola: no record,yes,37600.0,0.4503317603660143,,,,computed,
2005,1931 on,regular,1,"G. N. “Jay” Fisette, Jr.","G. N. “Jay” Fisette, Jr.: no record",no,,,,,,not computed,no named candidate stood against the winner
2006,1931 on,regular,1,Christopher E. Zimmerman,Christopher E. Zimmerman: no record,yes,23928.0,0.363338192419825,,,,computed,
2007,1931 on,regular,2,J. Walter Tejada; Mary H. Hynes,J. Walter Tejada: no record; Mary H. Hynes: no record,yes,6777.0,0.1161797983953919,,,,computed,
2008,1931 on,regular,1,Barbara A. Favola,Barbara A. Favola: no record,yes,47836.0,0.5190312920446161,,,,computed,
2009,1931 on,regular,1,"G. N. ""Jay"" Fisette, Jr.","G. N. ""Jay"" Fisette, Jr.: no record",yes,16363.0,0.3461017809552011,,,,computed,
2010,1931 on,regular,1,Christopher Zimmerman,Christopher Zimmerman: no record,yes,12324.0,0.2150485098066587,,,,computed,
2011,1931 on,regular,2,Mary H. Hynes; J. Walter Tejada,Mary H. Hynes: no record; J. Walter Tejada: no record,yes,13866.0,0.235804295699199,,,,computed,
2012,1931 on,special 2012-03-27,1,Libby T. Garvey,"Libby T. Garvey: Democratic caucus, contested",yes,814.0,0.0571508811345924,yes,949,0.220,computed,
2012,1931 on,regular,1,Libby T. Garvey,Libby T. Garvey: no record,yes,34387.0,0.3476735486219238,,,,computed,
2012,1931 on,special 2012-12-31,1,,,no,,,,,,not computed,no named candidate stood against the winner
2013,1931 on,regular,1,"G. N. ""Jay"" Fisette, Jr.","G. N. ""Jay"" Fisette, Jr.: no record",yes,20297.0,0.352311190571245,,,,computed,
2014,1931 on,special 2014-04-08,1,John E. Vihstadt,John E. Vihstadt: no record,yes,3558.0,0.1601043963461279,,,,computed,
2014,1931 on,regular,1,John E. Vihstadt,John E. Vihstadt: no record,yes,7411.0,0.1182713330460733,,,,computed,
2015,1931 on,regular,2,"Christian E. Dorsey; Kate A. ""Katie"" Cristol","Christian E. Dorsey: Democratic primary, contested; Kate A. ""Katie"" Cristol: Democratic primary, contested",yes,10363.0,0.1540943629091017,yes,413,0.021,computed,
2016,1931 on,regular,1,Libby T. Garvey,"Libby T. Garvey: Democratic primary, contested",yes,44779.0,0.4369066552185069,yes,1484,0.097,computed,
2017,1931 on,regular,1,Erik Gutshall,"Erik Gutshall: Democratic caucus, contested",yes,28844.0,0.3911528186490555,yes,,,computed,Democratic nomination: the source prints no counts
2018,1931 on,regular,1,"Matthew D. ""Matt"" de Ferranti","Matthew D. ""Matt"" de Ferranti: Democratic primary, contested",yes,7465.0,0.0742771288133569,yes,2486,0.213,computed,
2019,1931 on,regular,2,"Kate A. ""Katie"" Cristol; Christian E. Dorsey","Kate A. ""Katie"" Cristol: Democratic primary, unopposed; Christian E. Dorsey: Democratic primary, unopposed",yes,24753.0,0.2451811644446205,no,,,computed,Democratic nomination: unopposed
2020,1931 on,special 2020-07-07,1,Takis P. Karantonis,"Takis P. Karantonis: Democratic committees' vote, contested",unknown,5981.0,0.2993493493493493,yes,,,computed,Democratic nomination: the source prints no counts
2020,1931 on,regular,1,Libby T. Garvey,"Libby T. Garvey: Democratic primary, unopposed",yes,51164.0,0.4452915578764143,no,,,computed,Democratic nomination: unopposed
2021,1931 on,regular,1,Takis P. Karantonis,"Takis P. Karantonis: Democratic primary, contested",yes,35428.0,0.4175515928671608,yes,8037,0.347,computed,
2022,1931 on,regular,1,Matthew David De Ferranti,Matthew David De Ferranti: no record,yes,28287.0,0.3252276490066225,,,,computed,
2023,1931 on,regular,2,Susan R. Cunningham; Maureen E. Coffey,"Susan R. Cunningham: Democratic primary, contested; Maureen E. Coffey: Democratic primary, contested",yes,26684.0,0.2267601444656894,yes,,,computed,"Democratic nomination: ranked-choice count: the page prints first choices, which do not decide the winner"
2024,1931 on,regular,1,"Julius D. ""JD"" Spain, Sr.","Julius D. ""JD"" Spain, Sr.: Democratic primary, contested",yes,48288.0,0.4265385260889152,yes,,,computed,"Democratic nomination: ranked-choice count: the page prints first choices, which do not decide the winner"
2025,1931 on,regular,1,Takis P. Karantonis,"Takis P. Karantonis: Democratic primary, contested",yes,45420.0,0.4961331760387993,yes,7445,0.285,computed,
