locality,state,members,ward_members,at_large_members,members_source
Birmingham,AL,9,9,0,richmond2023 p.122
Huntsville,AL,5,5,0,richmond2023 p.122
Mobile,AL,7,7,0,richmond2023 p.122
Montgomery,AL,9,9,0,richmond2023 p.122
Little Rock,AR,10,7,3,richmond2023 p.122; notes p.122
Augusta,GA,10,10,0,richmond2023 p.122
Columbus,GA,10,8,2,richmond2023 p.122; notes p.122
Baton Rouge,LA,12,12,0,richmond2023 p.122
Shreveport,LA,7,7,0,richmond2023 p.122
Durham,NC,7,3,4,richmond2023 p.122
Fayetteville,NC,10,9,1,richmond2023 p.122
Greensboro,NC,9,5,4,richmond2023 p.122
Winston-Salem,NC,9,8,1,richmond2023 p.122
Chattanooga,TN,9,9,0,richmond2023 p.122
Knoxville,TN,9,6,3,richmond2023 p.122
Chesapeake,VA,9,8,1,richmond2023 p.122
Newport News,VA,7,6,1,richmond2023 p.122
Norfolk,VA,8,7,1,richmond2023 p.122
Richmond,VA,9,9,0,richmond2023 p.122
Arlington,VA,5,0,5,samuel2026 Attachment A
