year,white,black,hisp,aapi,men,women,dem,abc,rep,ind,unrecorded,source
1870,2.6666666666666665,0.0,0.0,0.0,2.6666666666666665,0.0,,,,,,derived
1871,2.5,0.5,0.0,0.0,3.0,0.0,,,,,,derived
1872,1.5833333333333333,1.4166666666666667,0.0,0.0,3.0,0.0,,,,,,derived
1873,1.5833333333333333,1.0,0.0,0.0,2.5833333333333335,0.0,,,,,,derived
1874,2.0,1.0,0.0,0.0,3.0,0.0,,,,,,derived
1875,2.0,1.0,0.0,0.0,3.0,0.0,,,,,,derived
1876,2.0,1.0,0.0,0.0,3.0,0.0,,,,,,derived
1877,2.0,1.0,0.0,0.0,3.0,0.0,,,,,,derived
1878,2.0,1.0,0.0,0.0,3.0,0.0,,,,,,derived
1879,1.5,1.25,0.0,0.0,2.75,0.0,,,,,,derived
1880,1.0,2.0,0.0,0.0,3.0,0.0,,,,,,derived
1881,1.4166666666666667,1.5833333333333333,0.0,0.0,3.0,0.0,,,,,,derived
1882,2.0,1.0,0.0,0.0,3.0,0.0,,,,,,derived
1883,2.0,1.0,0.0,0.0,3.0,0.0,,,,,,derived
1884,2.1666666666666665,0.8333333333333334,0.0,0.0,3.0,0.0,,,,,,derived
1885,3.0,0.0,0.0,0.0,3.0,0.0,,,,,,derived
1886,3.0,0.0,0.0,0.0,3.0,0.0,,,,,,derived
1887,2.5,0.5,0.0,0.0,3.0,0.0,,,,,,derived
1888,2.1666666666666665,0.8333333333333334,0.0,0.0,3.0,0.0,,,,,,derived
1889,3.0,0.0,0.0,0.0,3.0,0.0,,,,,,derived
1890,3.0,0.0,0.0,0.0,3.0,0.0,,,,,,derived
1891,3.0,0.0,0.0,0.0,3.0,0.0,,,,,,derived
1892,3.0,0.0,0.0,0.0,3.0,0.0,,,,,,derived
1893,3.0,0.0,0.0,0.0,3.0,0.0,,,,,,derived
1894,3.0,0.0,0.0,0.0,3.0,0.0,,,,,,derived
1895,3.0,0.0,0.0,0.0,3.0,0.0,,,,,,derived
1896,3.0,0.0,0.0,0.0,3.0,0.0,,,,,,derived
1897,3.0,0.0,0.0,0.0,3.0,0.0,,,,,,derived
1898,3.0,0.0,0.0,0.0,3.0,0.0,,,,,,derived
1899,3.0,0.0,0.0,0.0,3.0,0.0,,,,,,derived
1900,3.0,0.0,0.0,0.0,3.0,0.0,,,,,,derived
1901,3.0,0.0,0.0,0.0,3.0,0.0,,,,,,derived
1902,3.0,0.0,0.0,0.0,3.0,0.0,,,,,,derived
1903,3.0,0.0,0.0,0.0,3.0,0.0,,,,,,derived
1904,3.0,0.0,0.0,0.0,3.0,0.0,,,,,,derived
1905,3.0,0.0,0.0,0.0,3.0,0.0,,,,,,derived
1906,3.0,0.0,0.0,0.0,3.0,0.0,,,,,,derived
1907,3.0,0.0,0.0,0.0,3.0,0.0,,,,,,derived
1908,3.0,0.0,0.0,0.0,3.0,0.0,,,,,,derived
1909,3.0,0.0,0.0,0.0,3.0,0.0,,,,,,derived
1910,3.0,0.0,0.0,0.0,3.0,0.0,,,,,,derived
1911,3.0,0.0,0.0,0.0,3.0,0.0,,,,,,derived
1912,3.0,0.0,0.0,0.0,3.0,0.0,,,,,,derived
1913,3.0,0.0,0.0,0.0,3.0,0.0,,,,,,derived
1914,3.0,0.0,0.0,0.0,3.0,0.0,,,,,,derived
1915,3.0,0.0,0.0,0.0,3.0,0.0,,,,,,derived
1916,3.0,0.0,0.0,0.0,3.0,0.0,,,,,,derived
1917,3.0,0.0,0.0,0.0,3.0,0.0,,,,,,derived
1918,3.0,0.0,0.0,0.0,3.0,0.0,,,,,,derived
1919,3.0,0.0,0.0,0.0,3.0,0.0,,,,,,derived
1920,2.9166666666666665,0.0,0.0,0.0,2.9166666666666665,0.0,,,,,,derived
1921,3.0,0.0,0.0,0.0,3.0,0.0,,,,,,derived
1922,3.0,0.0,0.0,0.0,3.0,0.0,,,,,,derived
1923,3.0,0.0,0.0,0.0,3.0,0.0,,,,,,derived
1924,3.0,0.0,0.0,0.0,3.0,0.0,,,,,,derived
1925,3.0,0.0,0.0,0.0,3.0,0.0,,,,,,derived
1926,3.0,0.0,0.0,0.0,3.0,0.0,,,,,,derived
1927,3.0,0.0,0.0,0.0,3.0,0.0,,,,,,derived
1928,3.0,0.0,0.0,0.0,3.0,0.0,,,,,,derived
1929,3.0,0.0,0.0,0.0,3.0,0.0,,,,,,derived
1930,3.0,0.0,0.0,0.0,3.0,0.0,,,,,,derived
1931,3.0,0.0,0.0,0.0,3.0,0.0,,,,,,derived
1932,5.0,0.0,0.0,0.0,4.0,1.0,0.0,0.0,1.0,0.0,4.0,derived
1933,5.0,0.0,0.0,0.0,4.0,1.0,0.08333333333333333,0.0,0.9166666666666666,0.0,4.0,derived
1934,5.0,0.0,0.0,0.0,4.0,1.0,1.0,0.0,0.0,0.0,4.0,derived
1935,5.0,0.0,0.0,0.0,4.0,1.0,1.0,0.0,0.0,0.0,4.0,derived
1936,5.0,0.0,0.0,0.0,4.0,1.0,0.0,0.0,1.0,0.0,4.0,derived
1937,5.0,0.0,0.0,0.0,4.0,1.0,0.0,0.0,1.0,0.0,4.0,derived
1938,5.0,0.0,0.0,0.0,4.0,1.0,0.0,0.0,1.0,0.0,4.0,derived
1939,5.0,0.0,0.0,0.0,4.0,1.0,0.0,0.0,1.0,0.0,4.0,derived
1940,5.0,0.0,0.0,0.0,4.0,1.0,5.0,0.0,0.0,0.0,0.0,derived
1941,5.0,0.0,0.0,0.0,4.0,1.0,5.0,0.0,0.0,0.0,0.0,derived
1942,5.0,0.0,0.0,0.0,4.0,1.0,5.0,0.0,0.0,0.0,0.0,derived
1943,5.0,0.0,0.0,0.0,4.0,1.0,5.0,0.0,0.0,0.0,0.0,derived
1944,5.0,0.0,0.0,0.0,4.0,1.0,5.0,0.0,0.0,0.0,0.0,derived
1945,5.0,0.0,0.0,0.0,4.0,1.0,5.0,0.0,0.0,0.0,0.0,derived
1946,5.0,0.0,0.0,0.0,4.0,1.0,5.0,0.0,0.0,0.0,0.0,derived
1947,5.0,0.0,0.0,0.0,4.666666666666667,0.3333333333333333,4.0,0.0,1.0,0.0,0.0,derived
1948,5.0,0.0,0.0,0.0,4.0,1.0,3.0,0.0,1.0,1.0,0.0,derived
1949,5.0,0.0,0.0,0.0,4.0,1.0,3.0,0.0,1.0,1.0,0.0,derived
1950,5.0,0.0,0.0,0.0,4.0,1.0,2.0,0.0,1.0,2.0,0.0,derived
1951,5.0,0.0,0.0,0.0,4.0,1.0,2.0,0.0,0.0,3.0,0.0,derived
1952,5.0,0.0,0.0,0.0,4.833333333333333,0.16666666666666666,1.3333333333333333,0.0,1.0,2.6666666666666665,0.0,derived
1953,5.0,0.0,0.0,0.0,4.0,1.0,0.0,0.0,2.0,3.0,0.0,derived
1954,5.0,0.0,0.0,0.0,4.0,1.0,1.0,0.0,2.0,2.0,0.0,derived
1955,5.0,0.0,0.0,0.0,4.0,1.0,1.0,0.0,2.0,2.0,0.0,derived
1956,5.0,0.0,0.0,0.0,4.0,1.0,1.0,2.0,1.0,1.0,0.0,derived
1957,5.0,0.0,0.0,0.0,4.0,1.0,1.0,2.0,0.0,2.0,0.0,derived
1958,5.0,0.0,0.0,0.0,4.0,1.0,0.0,3.0,0.0,2.0,0.0,derived
1959,5.0,0.0,0.0,0.0,5.0,0.0,0.0,4.0,0.0,1.0,0.0,derived
1960,5.0,0.0,0.0,0.0,5.0,0.0,0.0,3.0,0.0,1.1666666666666667,0.8333333333333334,derived
1961,5.0,0.0,0.0,0.0,5.0,0.0,0.0,4.0,0.0,1.0,0.0,derived
1962,5.0,0.0,0.0,0.0,5.0,0.0,0.0,4.0,0.0,1.0,0.0,derived
1963,5.0,0.0,0.0,0.0,5.0,0.0,0.0,4.0,0.0,1.0,0.0,derived
1964,5.0,0.0,0.0,0.0,5.0,0.0,0.0,4.0,1.0,0.0,0.0,derived
1965,5.0,0.0,0.0,0.0,5.0,0.0,0.0,4.0,1.0,0.0,0.0,derived
1966,5.0,0.0,0.0,0.0,5.0,0.0,0.0,3.0,2.0,0.0,0.0,derived
1967,5.0,0.0,0.0,0.0,5.0,0.0,0.0,2.0,3.0,0.0,0.0,derived
1968,5.0,0.0,0.0,0.0,5.0,0.0,2.0,1.0,2.0,0.0,0.0,derived
1969,5.0,0.0,0.0,0.0,5.0,0.0,2.0,0.0,3.0,0.0,0.0,derived
1970,5.0,0.0,0.0,0.0,5.0,0.0,2.0,0.0,3.0,0.0,0.0,derived
1971,5.0,0.0,0.0,0.0,5.0,0.0,2.0,1.0,2.0,0.0,0.0,derived
1972,5.0,0.0,0.0,0.0,5.0,0.0,2.0,1.0,2.0,0.0,0.0,derived
1973,5.0,0.0,0.0,0.0,5.0,0.0,3.0,1.0,1.0,0.0,0.0,derived
1974,5.0,0.0,0.0,0.0,4.0,1.0,3.0,2.0,0.0,0.0,0.0,derived
1975,5.0,0.0,0.0,0.0,4.0,1.0,3.0,1.0,0.0,0.0,1.0,derived
1976,5.0,0.0,0.0,0.0,3.0,2.0,2.0,1.0,2.0,0.0,0.0,derived
1977,5.0,0.0,0.0,0.0,3.0,2.0,2.0,1.0,2.0,0.0,0.0,derived
1978,5.0,0.0,0.0,0.0,3.0,2.0,2.0,1.0,2.0,0.0,0.0,derived
1979,5.0,0.0,0.0,0.0,3.0,2.0,1.0,1.0,3.0,0.0,0.0,derived
1980,5.0,0.0,0.0,0.0,3.0,2.0,1.0,1.0,3.0,0.0,0.0,derived
1981,5.0,0.0,0.0,0.0,3.0,2.0,1.0,1.0,3.0,0.0,0.0,derived
1982,5.0,0.0,0.0,0.0,3.0,2.0,1.0,1.0,3.0,0.0,0.0,derived
1983,5.0,0.0,0.0,0.0,2.0,3.0,2.0,1.0,2.0,0.0,0.0,derived
1984,5.0,0.0,0.0,0.0,3.0,2.0,3.0,1.0,0.0,1.0,0.0,derived
1985,5.0,0.0,0.0,0.0,3.0,2.0,3.0,1.0,0.0,1.0,0.0,derived
1986,5.0,0.0,0.0,0.0,3.0,2.0,3.0,1.0,0.0,1.0,0.0,derived
1987,5.0,0.0,0.0,0.0,3.0,2.0,3.0,1.0,0.0,1.0,0.0,derived
1988,4.0,1.0,0.0,0.0,3.0,2.0,4.0,1.0,0.0,0.0,0.0,derived
1989,4.0,1.0,0.0,0.0,3.0,2.0,4.0,1.0,0.0,0.0,0.0,derived
1990,3.8333333333333335,1.0,0.0,0.0,2.8333333333333335,2.0,3.8333333333333335,1.0,0.0,0.0,0.0,derived
1991,4.0,1.0,0.0,0.0,3.0,2.0,4.0,1.0,0.0,0.0,0.0,derived
1992,4.0,1.0,0.0,0.0,3.0,2.0,4.0,1.0,0.0,0.0,0.0,derived
1993,4.75,0.25,0.0,0.0,3.0,2.0,3.25,1.0,0.0,0.75,0.0,derived
1994,5.0,0.0,0.0,0.0,3.0,2.0,4.0,0.0,0.0,1.0,0.0,derived
1995,5.0,0.0,0.0,0.0,3.0,2.0,4.0,0.0,0.0,1.0,0.0,derived
1996,5.0,0.0,0.0,0.0,4.0,1.0,5.0,0.0,0.0,0.0,0.0,derived
1997,4.916666666666667,0.0,0.0,0.0,3.75,1.1666666666666667,4.916666666666667,0.0,0.0,0.0,0.0,derived
1998,5.0,0.0,0.0,0.0,4.0,1.0,5.0,0.0,0.0,0.0,0.0,derived
1999,4.916666666666667,0.0,0.0,0.0,3.9166666666666665,1.0,4.166666666666667,0.0,0.75,0.0,0.0,derived
2000,4.0,1.0,0.0,0.0,4.0,1.0,5.0,0.0,0.0,0.0,0.0,derived
2001,4.0,1.0,0.0,0.0,4.0,1.0,5.0,0.0,0.0,0.0,0.0,derived
2002,4.0,1.0,0.0,0.0,4.0,1.0,5.0,0.0,0.0,0.0,0.0,derived
2003,4.0,0.0,0.8333333333333334,0.0,3.8333333333333335,1.0,4.833333333333333,0.0,0.0,0.0,0.0,derived
2004,4.0,0.0,1.0,0.0,4.0,1.0,5.0,0.0,0.0,0.0,0.0,derived
2005,4.0,0.0,1.0,0.0,4.0,1.0,5.0,0.0,0.0,0.0,0.0,derived
2006,4.0,0.0,1.0,0.0,4.0,1.0,5.0,0.0,0.0,0.0,0.0,derived
2007,4.0,0.0,1.0,0.0,4.0,1.0,5.0,0.0,0.0,0.0,0.0,derived
2008,4.0,0.0,1.0,0.0,3.0,2.0,5.0,0.0,0.0,0.0,0.0,derived
2009,4.0,0.0,1.0,0.0,3.0,2.0,5.0,0.0,0.0,0.0,0.0,derived
2010,4.0,0.0,1.0,0.0,3.0,2.0,5.0,0.0,0.0,0.0,0.0,derived
2011,4.0,0.0,1.0,0.0,3.0,2.0,5.0,0.0,0.0,0.0,0.0,derived
2012,4.0,0.0,1.0,0.0,3.0,2.0,5.0,0.0,0.0,0.0,0.0,derived
2013,4.0,0.0,1.0,0.0,3.0,2.0,5.0,0.0,0.0,0.0,0.0,derived
2014,3.9166666666666665,0.0,1.0,0.0,2.9166666666666665,2.0,4.166666666666667,0.0,0.75,0.0,0.0,derived
2015,4.0,0.0,1.0,0.0,3.0,2.0,4.0,0.0,1.0,0.0,0.0,derived
2016,4.0,1.0,0.0,0.0,3.0,2.0,4.0,0.0,1.0,0.0,0.0,derived
2017,4.0,1.0,0.0,0.0,3.0,2.0,4.0,0.0,1.0,0.0,0.0,derived
2018,4.0,1.0,0.0,0.0,3.0,2.0,4.0,0.0,1.0,0.0,0.0,derived
2019,4.0,1.0,0.0,0.0,3.0,2.0,5.0,0.0,0.0,0.0,0.0,derived
2020,3.8333333333333335,1.0,0.0,0.0,2.8333333333333335,2.0,4.833333333333333,0.0,0.0,0.0,0.0,derived
2021,4.0,1.0,0.0,0.0,3.0,2.0,5.0,0.0,0.0,0.0,0.0,derived
2022,4.0,1.0,0.0,0.0,3.0,2.0,5.0,0.0,0.0,0.0,0.0,derived
2023,3.5,1.0,0.5,0.0,3.0,2.0,4.5,0.0,0.0,0.0,0.5,derived
2024,5.0,0.0,0.0,0.0,2.0,3.0,5.0,0.0,0.0,0.0,0.0,derived
2025,4.0,1.0,0.0,0.0,3.0,2.0,5.0,0.0,0.0,0.0,0.0,derived
2026,4.0,1.0,0.0,0.0,3.0,2.0,5.0,0.0,0.0,0.0,0.0,derived
