year,office,name,since,source
1932,chair,Harry A. Fellows,,arlingtonva2026members
1933,chair,Harry A. Fellows,,arlingtonva2026members
1934,chair,B. M. Smith,,arlingtonva2026members
1934,chair,Lyman M. Kelley,,arlingtonva2026members
1935,chair,B. M. Smith,,arlingtonva2026members
1936,chair,George M. Yeatman,,arlingtonva2026members
1937,chair,W. A. E. McShea,,arlingtonva2026members
1938,chair,Elizabeth B. Magruder,,arlingtonva2026members
1939,chair,Elizabeth B. Magruder,,arlingtonva2026members
1940,chair,Elizabeth B. Magruder,,arlingtonva2026members
1941,chair,F. Freeland Chew,,arlingtonva2026members
1942,chair,Edmund D. Campbell,,arlingtonva2026members
1943,chair,Basil M. DeLashmutt,,arlingtonva2026members
1944,chair,Leo C. Lloyd,,arlingtonva2026members
1945,chair,F. Freeland Chew,,arlingtonva2026members
1946,chair,Edmund D. Campbell,,arlingtonva2026members
1947,chair,Basil M. DeLashmutt,,arlingtonva2026members
1947,chair,Elizabeth B. Magruder,,arlingtonva2026members
1948,chair,Daniel A. Dugan,,arlingtonva2026members
1949,chair,Basil M. DeLashmutt,,arlingtonva2026members
1950,chair,Daniel A. Dugan,,arlingtonva2026members
1951,chair,Florence Cannon,,arlingtonva2026members
1952,chair,Alfred E. Frisbie,,arlingtonva2026members
1952,chair,Robert W. Cox,,arlingtonva2026members
1953,chair,Robert A. Peck,,arlingtonva2026members
1954,chair,Leone B. Buchholz,,arlingtonva2026members
1955,chair,"George M. Rowzee, Jr.",,arlingtonva2026members
1956,chair,Wesley W. Cooper,,arlingtonva2026members
1957,chair,Wesley W. Cooper,,arlingtonva2026members
1958,chair,Ralph Kaul,,arlingtonva2026members
1959,chair,David L. Krupsaw,,arlingtonva2026members
1960,chair,"Herbert L. Brown, Jr.",,arlingtonva2026members
1961,chair,"Leo Urbanske, Jr.",,arlingtonva2026members
1962,chair,Ernest D. Wilt,,arlingtonva2026members
1963,chair,Thomas W. Richards,,arlingtonva2026members
1964,chair,Roye L. Lowry,,arlingtonva2026members
1965,chair,Joseph L. Fisher,,arlingtonva2026members
1966,chair,"Leo Urbanske, Jr.",,arlingtonva2026members
1967,chair,Harold J. Casto,,arlingtonva2026members
1967,vice-chair,Dr. Kenneth M. Haggerty,,arlingtonva2026members
1968,chair,Thomas W. Richards,,arlingtonva2026members
1968,vice-chair,Joseph L. Fisher,,arlingtonva2026members
1969,chair,Dr. Kenneth M. Haggerty,,arlingtonva2026members
1969,vice-chair,Ned R. Thomas,,arlingtonva2026members
1970,chair,Ned R. Thomas,,arlingtonva2026members
1970,vice-chair,A. Leslie Phillips,,arlingtonva2026members
1971,chair,Joseph L. Fisher,,arlingtonva2026members
1971,vice-chair,Jay E. Ricks,,arlingtonva2026members
1972,chair,Joseph S. Wholey,,arlingtonva2026members
1972,vice-chair,Everard Munsey,,arlingtonva2026members
1973,chair,Everard Munsey,,arlingtonva2026members
1973,vice-chair,John Purdy,,arlingtonva2026members
1974,chair,Joseph S. Wholey,,arlingtonva2026members
1974,vice-chair,Joseph L. Fisher,,arlingtonva2026members
1975,chair,John Purdy,,arlingtonva2026members
1975,vice-chair,Ellen Bozman,,arlingtonva2026members
1976,chair,Ellen Bozman,,arlingtonva2026members
1976,vice-chair,Joseph S. Wholey,,arlingtonva2026members
1977,chair,Joseph S. Wholey,,arlingtonva2026members
1977,vice-chair,John Purdy,,arlingtonva2026members
1978,chair,John Purdy,,arlingtonva2026members
1978,vice-chair,Ellen Bozman,,arlingtonva2026members
1979,chair,Dorothy Grotos,,arlingtonva2026members
1979,vice-chair,Walter Frankland,,arlingtonva2026members
1980,chair,Walter Frankland,,arlingtonva2026members
1980,vice-chair,Stephen Detwiler,,arlingtonva2026members
1981,chair,Stephen Detwiler,,arlingtonva2026members
1981,vice-chair,Dorothy Grotos,,arlingtonva2026members
1982,chair,Stephen Detwiler,,arlingtonva2026members
1982,vice-chair,Dorothy Grotos,,arlingtonva2026members
1983,chair,Ellen Bozman,,arlingtonva2026members
1983,vice-chair,John G. Milliken,,arlingtonva2026members
1984,chair,Ellen Bozman,,arlingtonva2026members
1984,vice-chair,John G. Milliken,,arlingtonva2026members
1985,chair,John G. Milliken,,arlingtonva2026members
1985,vice-chair,Mary Margaret Whipple,,arlingtonva2026members
1986,chair,Mary Margaret Whipple,,arlingtonva2026members
1986,vice-chair,Albert C. Eisenberg,,arlingtonva2026members
1987,chair,Albert C. Eisenberg,,arlingtonva2026members
1987,vice-chair,John G. Milliken,,arlingtonva2026members
1988,chair,John G. Milliken,,arlingtonva2026members
1988,vice-chair,Ellen Bozman,,arlingtonva2026members
1989,chair,Ellen Bozman,,arlingtonva2026members
1989,vice-chair,Albert C. Eisenberg,,arlingtonva2026members
1990,chair,Albert C. Eisenberg,,arlingtonva2026members
1990,vice-chair,"William T. Newman, Jr.",,arlingtonva2026members
1991,chair,"William T. Newman, Jr.",,arlingtonva2026members
1991,vice-chair,Ellen Bozman,,arlingtonva2026members
1992,chair,Ellen Bozman,,arlingtonva2026members
1992,vice-chair,James B. Hunter III,,arlingtonva2026members
1993,chair,James B. Hunter III,,arlingtonva2026members
1993,vice-chair,Mary Margaret Whipple,,arlingtonva2026members
1994,chair,Mary Margaret Whipple,,arlingtonva2026members
1994,vice-chair,Albert C. Eisenberg,,arlingtonva2026members
1995,chair,Albert C. Eisenberg,,arlingtonva2026members
1995,vice-chair,Ellen Bozman,,arlingtonva2026members
1996,chair,James B. Hunter III,,arlingtonva2026members
1996,vice-chair,Ellen Bozman,,arlingtonva2026members
1997,chair,Ellen Bozman,,arlingtonva2026members
1997,vice-chair,Christopher E. Zimmerman,,arlingtonva2026members
1998,chair,Christopher E. Zimmerman,,arlingtonva2026members
1998,vice-chair,Albert C. Eisenberg,,arlingtonva2026members
1999,chair,Albert C. Eisenberg,,arlingtonva2026members
1999,chair,Paul F. Ferguson,,arlingtonva2026members
1999,vice-chair,Barbara A. Favola,,arlingtonva2026members
2000,chair,Barbara A. Favola,,arlingtonva2026members
2000,vice-chair,"G.N. “Jay” Fisette, Jr.",,arlingtonva2026members
2001,chair,"G.N. “Jay” Fisette, Jr.",,arlingtonva2026members
2001,vice-chair,Christopher E. Zimmerman,,arlingtonva2026members
2002,chair,Christopher E. Zimmerman,,arlingtonva2026members
2002,vice-chair,Charles P. Monroe,,arlingtonva2026members
2003,chair,Paul F. Ferguson,,arlingtonva2026members
2003,vice-chair,Barbara A. Favola,2003-01-17,arlingtonva2026members
2004,chair,Barbara A. Favola,2004-01-01,arlingtonva2026members
2004,vice-chair,"G.N. “Jay” Fisette, Jr.",2004-01-01,arlingtonva2026members
2005,chair,"G.N. “Jay” Fisette, Jr.",2005-01-01,arlingtonva2026members
2005,vice-chair,Christopher E. Zimmerman,2005-01-01,arlingtonva2026members
2006,chair,Christopher E. Zimmerman,2006-01-02,arlingtonva2026members
2006,vice-chair,Paul F. Ferguson,2006-01-02,arlingtonva2026members
2007,chair,Paul F. Ferguson,2007-01-01,arlingtonva2026members
2007,vice-chair,J. Walter Tejada,2007-01-01,arlingtonva2026members
2008,chair,J. Walter Tejada,2008-01-01,arlingtonva2026members
2008,vice-chair,Barbara A. Favola,2008-01-01,arlingtonva2026members
2009,chair,Barbara A. Favola,2009-01-01,arlingtonva2026members
2009,vice-chair,"G.N. “Jay” Fisette, Jr.",2009-01-01,arlingtonva2026members
2010,chair,"G.N. “Jay” Fisette, Jr.",2010-01-01,arlingtonva2026members
2010,vice-chair,Christopher E. Zimmerman,2010-01-01,arlingtonva2026members
2011,chair,Christopher E. Zimmerman,2011-01-01,arlingtonva2026members
2011,vice-chair,Mary H. Hynes,2011-01-01,arlingtonva2026members
2012,chair,Mary H. Hynes,2012-01-02,arlingtonva2026members
2012,vice-chair,J. Walter Tejada,2012-01-02,arlingtonva2026members
2013,chair,J. Walter Tejada,2013-01-01,arlingtonva2026members
2013,vice-chair,"G.N. “Jay” Fisette, Jr.",2013-01-01,arlingtonva2026members
2014,chair,"G.N. “Jay” Fisette, Jr.",2014-01-01,arlingtonva2026members
2014,vice-chair,Mary H. Hynes,2014-01-01,arlingtonva2026members
2015,chair,Mary H. Hynes,2015-01-01,arlingtonva2026members
2015,vice-chair,J. Walter Tejada,2015-01-01,arlingtonva2026members
2016,chair,Libby T. Garvey,2016-01-01,arlingtonva2026members
2016,vice-chair,"G.N. “Jay” Fisette, Jr.",2016-01-01,arlingtonva2026members
2017,chair,"G.N. “Jay” Fisette, Jr.",2017-01-03,arlingtonva2026members
2017,vice-chair,"Kate A. ""Katie"" Cristol",2017-01-03,arlingtonva2026members
2018,chair,"Kate A. ""Katie"" Cristol",2018-01-02,arlingtonva2026members
2018,vice-chair,Christian E. Dorsey,2018-01-02,arlingtonva2026members
2019,chair,Christian E. Dorsey,2019-01-02,arlingtonva2026members
2019,vice-chair,Libby T. Garvey,2019-01-02,arlingtonva2026members
2020,vice-chair,Erik Gutshall,2020-01-02,arlingtonva2026members
2021,chair,"Matthew D. ""Matt"" de Ferranti",2021-01-04,arlingtonva2026members
2021,vice-chair,"Kate A. ""Katie"" Cristol",2021-01-04,arlingtonva2026members
2022,chair,"Kate A. ""Katie"" Cristol",2022-01-04,arlingtonva2026members
2022,vice-chair,Christian E. Dorsey,2022-01-04,arlingtonva2026members
2023,chair,Christian E. Dorsey,2023-01-03,arlingtonva2026members
2023,vice-chair,Libby T. Garvey,2023-01-03,arlingtonva2026members
2024,chair,Libby T. Garvey,2024-01-02,arlingtonva2026members
2024,vice-chair,Takis P. Karantonis,2024-01-02,arlingtonva2026members
2025,chair,Takis P. Karantonis,2025-01-07,arlingtonva2026members
2025,vice-chair,"Matthew D. ""Matt"" de Ferranti",2025-01-07,arlingtonva2026members
2026,chair,"Matthew D. ""Matt"" de Ferranti",2026-01-06,arlingtonva2026members
2026,vice-chair,Maureen E. Coffey,2026-01-05,arlingtonva2026members
