year,total,white,black,hisp,aapi,board_seats,residents_per_seat,total_source,race_source
1870,3185,1175,2010,,,3,1061.6666666666667,walker1872,walker1872
1880,3887,1693,2194,,,3,1295.6666666666667,census1880,census1880
1890,4258,2135,2123,,,3,1419.3333333333333,census1890,census1890
1900,6430,3963,2467,,0,3,2143.3333333333335,forstall1996,censusbureau1990twps76
1910,10231,7586,2645,,0,3,3410.3333333333335,forstall1996,censusbureau1990twps76
1920,16040,13530,2507,,1,3,5346.666666666667,forstall1996,censusbureau1990twps76
1930,26615,23269,3337,,9,3,8871.666666666666,forstall1996,censusbureau1990twps76
1940,57040,51998,5032,,,5,11408.0,forstall1996,censusbureau1990twps76
1950,135449,128780,6517,,57,5,27089.8,forstall1996,censusbureau1990twps76
1960,163401,154172,8590,,437,5,32680.2,forstall1996,censusbureau1990twps76
1970,174284,161329,10076,,1387,5,34856.8,forstall1996,censusbureau1990twps76
1980,152599,120250,13852,8863,6792,5,30519.8,forstall1996,census1980stf1a
1990,170936,118728,17225,23089,11161,5,34187.2,forstall1996,census1990stf1a
2000,189453,114489,17244,35268,16346,5,37890.6,censusapi,censusapi
2010,207627,132961,17088,31382,19895,5,41525.4,censusapi,censusapi
2020,238643,139653,20330,37362,27353,5,47728.6,censusapi,censusapi
