group,category,n,support_share,support_n,support_status,awareness_share,awareness_n,awareness_status,understanding_share,understanding_n,understanding_status,net_support_points,net_support_status
All respondents,All respondents,584,0.6615,379,ok,0.7092,423,ok,0.8725,508,ok,40.9,ok
Gender,Female,282,0.6672,182,ok,0.6884,202,ok,0.889,247,ok,45.8,ok
Gender,Male,284,0.6787,191,ok,0.7225,207,ok,0.8595,247,ok,40.6,ok
Gender,Prefer Not To Say,18,,,suppressed,0.8432,14,caution,0.8082,14,caution,,suppressed
Age band,18-29,22,0.7448,17,caution,,,suppressed,0.9401,20,caution,,suppressed
Age band,30-44,87,0.7072,60,ok,0.6947,59,ok,0.9252,80,ok,53.0,ok
Age band,45-64,250,0.6607,167,ok,0.6942,173,ok,0.8883,221,ok,41.6,ok
Age band,65+,225,0.5833,135,ok,0.7385,174,ok,0.7744,187,ok,25.6,ok
Age 18-49 or 50+,18-49,171,0.6952,115,ok,0.6922,115,ok,0.9313,157,ok,47.7,ok
Age 18-49 or 50+,50+,413,0.6322,264,ok,0.7239,308,ok,0.8216,351,ok,35.0,ok
Education,4-year College Degree,175,0.677,117,ok,0.693,124,ok,0.894,156,ok,46.5,ok
Education,Graduate Degree,309,0.6744,208,ok,0.724,233,ok,0.8534,268,ok,40.0,ok
Education,High School,22,0.7237,13,caution,0.7778,15,caution,0.8045,16,caution,,suppressed
Education,Some College,61,0.6379,37,ok,0.6414,38,ok,0.9277,55,ok,48.4,ok
Homeownership,Homeowner,441,0.659,293,ok,0.7062,321,ok,0.8494,384,ok,39.2,ok
Homeownership,No answer,23,,,suppressed,,,suppressed,0.8825,19,caution,,suppressed
Homeownership,Renter,120,0.7283,80,ok,0.6937,83,ok,0.9265,105,ok,58.3,ok
Contact method,Landline,90,0.6522,59,ok,0.8675,75,ok,0.7789,74,ok,41.3,ok
Contact method,Live Operator,50,0.6815,31,ok,0.7185,34,ok,0.9098,44,ok,49.0,ok
Contact method,SMS-to-Web,377,0.6466,245,ok,0.6994,272,ok,0.8634,327,ok,36.4,ok
Contact method,Web Panel,67,0.711,44,ok,0.6354,42,ok,0.9504,63,ok,52.9,ok
How voted,By Mail Or Absentee Ballot,72,0.6074,44,ok,0.6723,47,ok,0.878,60,ok,30.4,ok
How voted,Early In Person,238,0.7085,162,ok,0.7916,189,ok,0.8824,205,ok,47.7,ok
How voted,On Election Day,274,0.6394,173,ok,0.6581,187,ok,0.8643,243,ok,38.3,ok
Race and ethnicity,White,444,0.6793,295,ok,0.7084,325,ok,0.8976,394,ok,43.1,ok
Race and ethnicity,Black,49,0.6862,31,ok,0.7251,34,ok,0.8518,39,ok,42.2,ok
Race and ethnicity,Hispanic,37,0.5412,22,caution,0.454,17,caution,0.7728,31,ok,19.1,caution
Race and ethnicity,Asian,23,0.7475,19,caution,,,suppressed,0.7678,20,caution,,suppressed
Race and ethnicity,American Indian,11,0.9423,10,caution,,,suppressed,1.0,11,caution,,suppressed
Race and ethnicity,Other race,16,0.8191,13,caution,0.8941,14,caution,0.8555,13,caution,,suppressed
Race and ethnicity,Prefer not to say,59,0.4053,26,caution,0.8285,47,ok,0.7954,45,ok,-11.3,caution
Pooled,"Hispanic, Asian or 65+",274,0.6173,168,ok,0.7005,202,ok,0.8118,230,ok,33.1,ok
Pooled,Age 30 and older,562,0.6491,362,ok,0.7083,406,ok,0.8625,488,ok,39.7,ok
