P008001,P008002,P008003,P008004,P008005,P008006,P008007,P008008,P008009,P008010,P008011,P008012,P008013,P008014,P008015,P008016,P008017,NAME,state,county
38305,36243,23697,12039,106,86,10,35,270,2062,579,50,19,0,13,1332,69,"Accomack County, Virginia",51,001
79236,77207,66218,7586,113,2267,6,137,880,2029,1256,64,22,1,3,544,139,"Albemarle County, Virginia",51,003
128283,109401,68889,28463,255,7199,100,506,3989,18882,7813,452,100,50,12,8961,1494,"Alexandria city, Virginia",51,510
12926,12879,12428,314,27,30,2,11,67,47,26,3,0,1,0,15,2,"Alleghany County, Virginia",51,005
11400,11309,8007,3183,32,19,2,5,61,91,38,15,0,0,0,23,15,"Amelia County, Virginia",51,007
31894,31588,24645,6267,250,108,6,56,256,306,127,44,9,5,0,76,45,"Amherst County, Virginia",51,009
13705,13640,10377,3132,17,23,3,18,70,65,31,8,1,0,0,18,7,"Appomattox County, Virginia",51,011
189453,154185,114489,17244,418,16232,114,587,5101,35268,16112,461,244,95,29,15199,3128,"Arlington County, Virginia",51,013
65615,64995,61970,2354,91,184,11,38,347,620,377,6,10,1,4,172,50,"Augusta County, Virginia",51,015
5048,5030,4645,317,11,19,3,1,34,18,14,0,0,0,0,4,0,"Bath County, Virginia",51,017
60371,59922,55358,3752,113,258,7,28,406,449,291,15,6,3,2,93,39,"Bedford County, Virginia",51,019
6299,6243,4703,1407,15,36,5,8,69,56,42,3,0,0,0,7,4,"Bedford city, Virginia",51,515
6871,6839,6495,285,5,8,1,0,45,32,20,3,1,0,0,6,2,"Bland County, Virginia",51,021
30496,30315,28833,1067,65,144,1,24,181,181,111,6,1,0,0,35,28,"Botetourt County, Virginia",51,023
17367,17198,15964,952,41,64,0,11,166,169,108,15,2,0,2,21,21,"Bristol city, Virginia",51,520
18419,18188,7629,10416,15,40,1,10,77,231,105,56,1,0,0,52,17,"Brunswick County, Virginia",51,025
26978,26850,26007,706,15,37,1,1,83,128,94,2,1,0,0,25,6,"Buchanan County, Virginia",51,027
15623,15497,9184,6073,31,27,1,21,160,126,51,29,1,0,0,36,9,"Buckingham County, Virginia",51,029
6349,6285,5889,302,19,27,1,0,47,64,51,3,0,0,0,5,5,"Buena Vista city, Virginia",51,530
51078,50655,42298,7465,97,313,2,41,439,423,218,51,2,2,1,129,20,"Campbell County, Virginia",51,031
22121,21826,13710,7562,168,79,3,33,271,295,132,42,4,0,3,83,31,"Caroline County, Virginia",51,033
29245,28766,28436,129,40,28,0,10,123,479,215,0,0,1,0,230,33,"Carroll County, Virginia",51,035
6926,6881,2454,3795,535,7,0,2,88,45,16,4,8,0,0,10,7,"Charles City County, Virginia",51,036
12472,12266,8053,4087,17,20,0,21,68,206,118,15,1,0,0,66,6,"Charlotte County, Virginia",51,037
45049,43947,30825,9916,42,2215,13,89,847,1102,512,93,7,8,2,369,111,"Charlottesville city, Virginia",51,540
199184,195108,131200,56442,722,3638,92,251,2763,4076,1993,381,48,35,9,1149,461,"Chesapeake city, Virginia",51,550
259903,252286,196076,45797,795,6123,95,377,3023,7617,3371,398,56,31,16,3095,650,"Chesterfield County, Virginia",51,041
12652,12467,11422,848,23,61,4,14,95,185,110,4,1,1,0,56,13,"Clarke County, Virginia",51,043
4289,4251,3543,627,4,2,0,3,72,38,15,0,0,0,0,18,5,"Clifton Forge city, Virginia",51,560
16897,16623,14920,1043,29,453,14,12,152,274,132,16,3,6,0,96,21,"Colonial Heights city, Virginia",51,570
6303,6263,5271,828,22,41,1,6,94,40,27,0,0,0,0,7,6,"Covington city, Virginia",51,580
5091,5074,5023,9,10,8,0,6,18,17,14,1,1,0,0,1,0,"Craig County, Virginia",51,045
34262,33404,26413,6188,96,225,4,59,419,858,403,32,16,0,1,335,71,"Culpeper County, Virginia",51,047
9017,8867,5386,3349,12,31,0,9,80,150,58,27,4,1,0,44,16,"Cumberland County, Virginia",51,049
48411,47799,25813,21267,75,290,13,33,308,612,262,85,6,1,1,186,71,"Danville city, Virginia",51,590
16395,16325,16163,58,18,12,0,4,70,70,61,0,1,0,0,5,3,"Dickenson County, Virginia",51,051
24533,24296,15735,8221,54,74,8,17,187,237,102,36,1,2,2,80,14,"Dinwiddie County, Virginia",51,053
5665,5581,2342,3174,4,30,4,3,24,84,63,7,0,0,0,14,0,"Emporia city, Virginia",51,595
9989,9917,5762,3879,54,81,2,19,120,72,28,21,1,0,1,13,8,"Essex County, Virginia",51,057
969749,862791,624296,81287,1834,125585,616,2473,26700,106958,53608,1811,727,453,75,41546,8738,"Fairfax County, Virginia",51,059
21498,18566,14333,1035,55,2609,14,28,492,2932,1342,55,18,8,2,1298,209,"Fairfax city, Virginia",51,600
10377,9501,8255,321,21,674,7,16,207,876,562,19,4,1,0,245,45,"Falls Church city, Virginia",51,610
55139,54025,48064,4801,132,318,17,67,626,1114,676,43,14,6,2,264,109,"Fauquier County, Virginia",51,061
13874,13687,13284,274,12,11,1,12,93,187,134,3,0,2,1,38,9,"Floyd County, Virginia",51,063
20047,19812,15794,3664,35,75,8,25,211,235,131,26,3,2,0,34,39,"Fluvanna County, Virginia",51,065
47286,46713,41749,4393,73,165,10,38,285,573,314,27,16,4,1,160,51,"Franklin County, Virginia",51,067
8346,8300,3800,4351,9,65,1,8,66,46,16,15,3,0,0,8,4,"Franklin city, Virginia",51,620
59209,58205,55653,1538,76,385,8,39,506,1004,587,12,16,3,2,290,94,"Frederick County, Virginia",51,069
19279,18334,13759,3884,58,277,10,37,309,945,349,51,7,14,1,457,66,"Fredericksburg city, Virginia",51,630
6837,6080,5549,412,21,47,1,0,50,757,338,16,10,1,0,377,15,"Galax city, Virginia",51,640
16657,16552,16141,263,20,31,0,14,83,105,85,0,3,0,0,12,5,"Giles County, Virginia",51,071
34780,34220,29805,3562,139,232,18,14,450,560,343,23,7,8,0,126,53,"Gloucester County, Virginia",51,073
16863,16719,12194,4298,32,68,2,5,120,144,67,26,1,12,0,28,10,"Goochland County, Virginia",51,075
17917,17640,16283,1214,20,12,2,4,105,277,146,3,1,0,3,121,3,"Grayson County, Virginia",51,077
15244,15043,13769,982,26,65,1,27,173,201,102,1,3,3,4,71,17,"Greene County, Virginia",51,079
11560,11452,4461,6881,8,46,2,19,35,108,41,26,4,0,0,35,2,"Greensville County, Virginia",51,081
37355,36897,22313,14164,68,91,2,22,237,458,218,40,6,0,0,144,50,"Halifax County, Virginia",51,083
146437,142284,70963,64795,574,2650,114,248,2940,4153,1593,633,42,44,22,1257,562,"Hampton city, Virginia",51,650
86320,85473,75753,8026,277,669,6,106,636,847,489,39,12,17,1,210,79,"Hanover County, Virginia",51,085
40468,36888,32416,2266,57,1247,10,46,846,3580,1918,128,19,10,0,1309,196,"Harrisonburg city, Virginia",51,660
262300,256354,178000,64342,862,9415,71,428,3236,5946,2761,463,58,36,11,2134,483,"Henrico County, Virginia",51,087
57930,55928,42087,13080,83,218,8,47,405,2002,1031,47,10,18,11,757,128,"Henry County, Virginia",51,089
2536,2523,2507,1,3,3,0,0,9,13,10,1,0,0,0,2,0,"Highland County, Virginia",51,091
22354,21703,13655,7414,75,178,15,24,342,651,269,70,4,2,1,251,54,"Hopewell city, Virginia",51,670
29728,29474,20992,8045,75,101,8,28,225,254,138,26,3,0,0,55,32,"Isle of Wight County, Virginia",51,093
48102,47286,38954,6858,121,682,19,64,588,816,513,52,13,20,3,149,66,"James City County, Virginia",51,095
16803,16502,12856,3136,72,167,11,26,234,301,199,12,8,2,1,50,29,"King George County, Virginia",51,099
13146,13026,9654,2974,193,48,0,22,135,120,49,25,9,0,0,21,16,"King William County, Virginia",51,101
6630,6572,4036,2351,93,17,1,6,68,58,23,14,1,1,0,4,15,"King and Queen County, Virginia",51,097
11567,11496,8055,3324,16,37,7,3,54,71,36,16,0,2,0,8,9,"Lancaster County, Virginia",51,103
23589,23469,23132,103,51,38,1,7,137,120,89,0,2,4,0,12,13,"Lee County, Virginia",51,105
6867,6758,5837,713,18,130,1,3,56,109,69,0,0,2,0,30,8,"Lexington city, Virginia",51,678
169599,159510,134972,11517,297,9025,93,367,3239,10089,5447,166,61,42,12,3470,891,"Loudoun County, Virginia",51,107
25627,25445,19517,5507,105,63,3,9,241,182,100,23,3,1,0,37,18,"Louisa County, Virginia",51,109
13146,12911,7695,5044,20,27,1,5,119,235,77,28,1,0,5,93,31,"Lunenburg County, Virginia",51,111
65269,64391,43108,19288,164,830,26,128,847,878,379,94,5,8,2,285,105,"Lynchburg city, Virginia",51,680
12520,12424,10800,1423,17,63,3,11,107,96,56,6,0,0,0,25,9,"Madison County, Virginia",51,113
10290,8746,6919,1115,38,413,5,28,228,1544,571,34,7,5,2,810,115,"Manassas Park city, Virginia",51,685
35135,29819,23304,4430,103,1191,31,85,675,5316,2012,105,25,15,0,2688,471,"Manassas city, Virginia",51,683
15416,15058,8336,6501,12,72,0,21,116,358,201,58,4,0,0,86,9,"Martinsville city, Virginia",51,690
9207,9134,7995,1036,23,17,0,9,54,73,43,0,0,0,0,20,10,"Mathews County, Virginia",51,115
32380,31987,19017,12589,61,95,4,31,190,393,164,65,6,3,0,126,29,"Mecklenburg County, Virginia",51,117
9932,9877,7772,1998,25,12,0,16,54,55,25,1,0,0,0,25,4,"Middlesex County, Virginia",51,119
83629,82308,74519,2996,141,3296,29,125,1202,1321,751,59,10,24,1,401,75,"Montgomery County, Virginia",51,121
14445,14140,11765,2136,25,32,7,12,163,305,174,15,2,2,2,78,32,"Nelson County, Virginia",51,125
13462,13286,10727,2165,171,71,2,14,136,176,78,16,2,1,0,57,22,"New Kent County, Virginia",51,127
180150,172555,93624,69538,685,4112,199,356,4041,7595,2759,850,67,83,15,2869,952,"Newport News city, Virginia",51,700
234403,225488,110221,102268,971,6477,220,483,4848,8915,3137,1119,100,116,31,3440,972,"Norfolk city, Virginia",51,710
13093,12639,6878,5602,21,25,3,9,101,454,99,32,1,1,0,269,52,"Northampton County, Virginia",51,131
12259,12145,8804,3234,17,24,0,8,58,114,45,25,1,0,0,32,11,"Northumberland County, Virginia",51,133
3904,3870,3548,235,3,39,4,7,34,34,27,5,0,0,1,0,1,"Norton city, Virginia",51,720
15725,15477,8923,6356,20,61,2,13,102,248,65,22,1,0,3,146,11,"Nottoway County, Virginia",51,135
25881,25551,21629,3556,41,81,4,37,203,330,204,10,12,7,1,65,31,"Orange County, Virginia",51,137
23177,22926,22183,501,32,53,5,11,141,251,128,0,2,2,1,101,17,"Page County, Virginia",51,139
19407,19044,17667,1178,39,32,5,11,112,363,138,25,2,0,2,171,25,"Patrick County, Virginia",51,141
33740,33277,6131,26511,61,234,8,28,304,463,118,132,6,2,1,170,34,"Petersburg city, Virginia",51,730
61745,60986,45921,14525,82,111,3,13,331,759,390,81,6,6,0,217,59,"Pittsylvania County, Virginia",51,143
11566,11444,11048,78,26,182,4,5,101,122,86,0,1,0,0,26,9,"Poquoson city, Virginia",51,735
100565,98817,45403,50569,449,762,60,113,1461,1748,693,330,29,13,7,505,171,"Portsmouth city, Virginia",51,740
22377,22193,18117,3781,45,46,0,31,173,184,120,3,1,0,1,43,16,"Powhatan County, Virginia",51,145
19720,19534,12180,7014,32,104,19,20,165,186,80,49,4,4,1,25,23,"Prince Edward County, Virginia",51,147
33047,31422,19532,10593,124,556,48,61,508,1625,603,160,16,17,3,662,164,"Prince George County, Virginia",51,149
280813,253475,181756,51743,891,10606,335,712,7432,27338,11818,948,203,95,33,11495,2746,"Prince William County, Virginia",51,153
35127,34791,32351,1947,45,114,4,15,315,336,178,10,9,0,9,116,14,"Pulaski County, Virginia",51,155
15859,15675,13900,1274,36,223,4,23,215,184,90,10,3,3,0,54,24,"Radford city, Virginia",51,750
6983,6892,6411,374,11,15,0,6,75,91,58,6,0,0,0,22,5,"Rappahannock County, Virginia",51,157
8809,8624,5616,2913,8,28,0,1,58,185,90,9,0,0,6,74,6,"Richmond County, Virginia",51,159
197790,192716,74506,112455,460,2437,66,319,2473,5074,1238,653,19,34,91,2629,410,"Richmond city, Virginia",51,760
85778,84890,79809,2855,96,1365,12,73,680,888,503,21,9,12,2,261,80,"Roanoke County, Virginia",51,161
94911,93506,65256,25220,178,1088,21,185,1558,1405,592,160,12,8,2,500,131,"Roanoke city, Virginia",51,770
20808,20688,19775,610,53,92,1,8,149,120,81,7,1,0,0,17,14,"Rockbridge County, Virginia",51,163
67725,65504,63938,868,77,189,5,41,386,2221,1468,56,8,10,2,569,108,"Rockingham County, Virginia",51,165
30308,30071,28981,923,27,15,1,5,119,237,137,11,7,0,0,81,1,"Russell County, Virginia",51,167
24747,24542,22594,1444,32,241,6,23,202,205,144,11,0,0,0,38,12,"Salem city, Virginia",51,775
23403,23304,22992,137,27,16,4,12,116,99,63,2,5,1,0,23,5,"Scott County, Virginia",51,169
35075,33881,33046,399,45,121,3,12,255,1194,487,13,17,1,3,616,57,"Shenandoah County, Virginia",51,171
33081,32798,31880,607,49,61,0,14,187,283,163,12,2,0,1,93,12,"Smyth County, Virginia",51,173
17482,17367,9754,7462,30,32,1,11,77,115,29,33,5,0,0,33,15,"Southampton County, Virginia",51,175
90395,87859,73546,11127,264,1231,36,182,1473,2536,1378,128,24,12,9,759,226,"Spotsylvania County, Virginia",51,177
92446,89104,74027,11013,387,1496,87,176,1918,3342,1780,198,30,16,6,947,365,"Stafford County, Virginia",51,179
23853,23588,19728,3305,51,110,2,50,342,265,138,23,1,0,0,75,28,"Staunton city, Virginia",51,790
63677,62868,33940,27524,185,487,15,64,653,809,331,194,6,4,0,169,105,"Suffolk city, Virginia",51,800
6829,6778,3170,3513,16,9,2,9,59,51,31,11,1,0,0,8,0,"Surry County, Virginia",51,181
12504,12402,4537,7750,16,15,1,5,78,102,13,19,0,0,1,63,6,"Sussex County, Virginia",51,183
44598,44370,42736,1005,69,271,0,28,261,228,150,15,5,1,0,42,15,"Tazewell County, Virginia",51,185
425257,407487,295402,79092,1448,20618,356,913,9658,17770,8279,1501,171,251,60,5489,2019,"Virginia Beach city, Virginia",51,810
31584,31090,28947,1514,79,135,6,42,367,494,333,12,5,1,1,103,39,"Warren County, Virginia",51,187
51103,50781,49594,674,54,136,13,28,282,322,260,2,4,1,0,41,14,"Washington County, Virginia",51,191
19520,18877,16492,1935,50,112,6,18,264,643,385,10,11,0,0,195,42,"Waynesboro city, Virginia",51,820
16718,16139,10720,5139,39,61,2,17,161,579,216,25,8,0,0,275,55,"Westmoreland County, Virginia",51,193
11998,11696,9352,1593,31,546,6,15,153,302,191,8,1,3,1,75,23,"Williamsburg city, Virginia",51,830
23585,22058,18724,2454,48,374,8,36,414,1527,631,16,8,1,0,781,90,"Winchester city, Virginia",51,840
40123,39831,38681,708,55,118,2,33,234,292,189,5,9,3,2,73,11,"Wise County, Virginia",51,195
27599,27442,26332,777,44,104,4,28,153,157,97,14,0,1,0,37,8,"Wythe County, Virginia",51,197
56297,54788,44218,7445,180,1810,61,102,972,1509,820,88,15,19,4,407,156,"York County, Virginia",51,199
