P012001,P012002,P012003,P012004,P012005,P012006,P012007,P012008,P012009,P012010,P012011,P012012,P012013,P012014,P012015,P012016,P012017,P012018,P012019,P012020,P012021,P012022,P012023,P012024,P012025,P012026,P012027,P012028,P012029,P012030,P012031,P012032,P012033,P012034,P012035,P012036,P012037,P012038,P012039,P012040,P012041,P012042,P012043,P012044,P012045,P012046,P012047,P012048,P012049,NAME,state,county
38305,18590,1183,1408,1351,917,501,254,206,574,1087,1098,1370,1430,1314,1143,995,388,661,348,575,721,550,329,187,19715,1153,1287,1304,716,451,207,184,750,1059,1067,1489,1427,1447,1263,1217,395,620,413,567,881,751,499,568,"Accomack County, Virginia",51,001
79236,38002,2522,2855,3018,1626,803,378,351,1336,2699,2766,3035,3231,3114,2658,1934,658,859,496,784,1156,912,486,325,41234,2439,2753,2910,1560,746,283,361,1500,2739,2925,3479,3613,3465,2834,2174,737,955,633,918,1361,1189,826,834,"Albemarle County, Virginia",51,003
128283,61974,4047,2979,2395,1490,970,637,624,3437,7894,8165,6700,5146,4242,4083,2977,812,1035,564,764,1091,881,599,442,66309,3915,2974,2327,1410,869,544,651,4026,8585,7927,6236,5104,4769,4547,3140,861,1160,719,930,1627,1603,1121,1264,"Alexandria city, Virginia",51,510
12926,6450,377,433,465,307,154,55,52,155,345,404,494,456,496,533,494,161,193,129,168,232,187,97,63,6476,344,413,385,227,132,62,45,149,327,432,494,510,492,517,432,157,209,125,170,277,257,176,144,"Alleghany County, Virginia",51,005
11400,5622,356,404,456,278,127,67,49,165,309,353,502,488,404,395,343,128,150,78,135,177,123,72,63,5778,360,370,401,264,107,56,38,160,339,364,478,501,415,391,375,112,181,88,149,190,155,134,150,"Amelia County, Virginia",51,007
31894,15208,921,1060,1143,719,454,179,161,436,882,1028,1164,1205,1199,1081,887,355,459,252,392,553,348,202,128,16686,899,1015,1092,637,708,364,308,489,937,1060,1306,1255,1215,1118,976,339,446,294,419,610,514,351,334,"Amherst County, Virginia",51,009
13705,6671,428,507,496,319,189,63,57,180,382,451,475,557,426,477,417,169,199,137,165,235,166,106,70,7034,414,452,478,289,140,61,71,212,405,422,559,561,492,503,466,155,208,134,201,256,238,169,148,"Appomattox County, Virginia",51,011
189453,95443,5389,4428,3873,2365,1775,984,1230,6145,13004,11797,9747,7620,6666,6245,4345,1300,1550,910,1152,1676,1421,1096,725,94010,5008,4313,3762,2101,1399,834,885,6457,12577,10297,8164,7133,6721,6209,4471,1296,1601,945,1348,2299,2421,1976,1793,"Arlington County, Virginia",51,013
65615,32995,1895,2212,2419,1471,793,319,343,941,1930,2319,2936,2905,2791,2437,2036,669,907,547,701,1083,716,381,244,32620,1820,2160,2268,1322,689,297,289,850,1704,2177,2751,2822,2610,2436,2012,690,966,528,765,1244,947,661,612,"Augusta County, Virginia",51,015
5048,2532,120,156,170,101,48,22,26,53,135,169,243,182,179,203,188,82,94,50,81,109,59,41,21,2516,102,150,173,90,39,20,13,56,140,160,200,197,184,188,165,70,86,70,90,115,78,72,58,"Bath County, Virginia",51,017
60371,30107,1846,2123,2228,1261,589,278,247,732,1594,1998,2548,2745,2536,2408,1932,634,866,554,781,965,659,360,223,30264,1681,1994,2182,1185,508,239,200,713,1609,2104,2663,2767,2514,2253,2000,624,832,585,743,1064,787,557,460,"Bedford County, Virginia",51,019
6299,2995,177,218,209,117,83,36,26,96,189,196,230,267,194,160,108,42,84,57,78,118,120,107,83,3304,177,190,169,106,57,31,38,89,179,213,227,251,214,185,151,56,112,58,110,191,173,166,161,"Bedford city, Virginia",51,515
6871,3747,163,186,222,134,84,43,40,151,299,332,309,311,317,316,222,84,102,68,71,134,80,50,29,3124,145,170,195,119,61,32,13,98,163,206,230,255,254,236,197,72,117,67,92,128,114,79,81,"Bland County, Virginia",51,021
30496,15227,888,972,1090,691,375,128,140,322,683,994,1251,1459,1368,1293,980,325,450,295,376,549,314,196,88,15269,861,920,1104,612,259,139,101,291,707,974,1354,1378,1308,1273,1005,334,455,285,383,586,421,274,245,"Botetourt County, Virginia",51,023
17367,7825,490,526,542,296,190,95,95,261,499,536,591,570,585,502,434,145,248,150,210,348,265,153,94,9542,439,456,491,290,232,143,156,317,575,557,588,635,624,619,542,212,319,201,318,548,545,370,365,"Bristol city, Virginia",51,520
18419,9776,443,515,623,345,250,143,138,468,833,892,868,834,767,631,507,140,283,149,227,321,189,131,79,8643,471,489,539,342,305,136,117,274,443,524,626,634,642,561,499,174,284,179,245,411,313,238,197,"Brunswick County, Virginia",51,025
26978,13681,654,838,818,648,368,176,181,525,899,1034,1206,1319,1150,1026,825,320,417,239,284,333,211,115,95,13297,634,744,853,584,325,160,145,401,838,895,1094,1121,1069,1060,822,290,447,237,283,487,365,246,197,"Buchanan County, Virginia",51,027
15623,8574,398,490,597,317,155,114,86,345,654,744,853,824,663,604,409,147,216,127,179,278,186,114,74,7049,377,439,568,313,150,84,63,171,385,459,561,510,496,513,411,164,225,125,192,258,247,179,159,"Buckingham County, Virginia",51,029
6349,2944,203,196,203,120,97,29,39,121,182,226,202,207,183,210,171,57,94,58,73,101,89,46,37,3405,189,195,201,119,157,72,39,120,176,241,209,209,231,248,183,74,112,66,97,147,125,92,103,"Buena Vista city, Virginia",51,530
51078,24924,1507,1737,1932,1100,565,279,268,852,1674,1711,1980,2065,1819,1823,1456,511,691,445,643,818,562,314,172,26154,1478,1720,1759,1003,564,264,269,849,1697,1713,2042,2082,1996,1869,1533,563,828,488,696,950,802,552,437,"Campbell County, Virginia",51,031
22121,11011,718,786,818,473,254,121,108,382,698,843,909,877,838,778,667,206,294,178,221,352,277,122,91,11110,663,773,784,461,236,105,120,317,610,764,971,939,752,820,651,230,298,168,264,386,345,216,237,"Caroline County, Virginia",51,033
29245,14416,862,895,942,530,317,167,171,437,942,1003,1115,1094,1171,1024,928,321,417,275,400,594,428,239,144,14829,780,812,866,478,295,155,149,429,918,979,1083,1045,1110,1060,934,345,498,322,453,745,557,424,392,"Carroll County, Virginia",51,035
6926,3398,199,217,215,143,75,41,39,119,163,225,295,301,292,313,241,65,86,64,75,114,64,29,23,3528,189,204,213,153,95,30,30,93,181,217,334,285,318,284,215,75,107,71,103,130,101,54,46,"Charles City County, Virginia",51,036
12472,5977,348,426,457,257,154,69,66,185,305,383,448,479,436,391,359,109,197,121,164,242,203,114,64,6495,341,468,456,280,139,66,50,169,336,385,449,484,431,404,414,150,198,137,212,282,285,193,166,"Charlotte County, Virginia",51,037
45049,21021,1026,992,961,530,2096,1470,1428,1986,1866,1369,1257,1158,1087,931,639,215,313,183,280,489,375,235,135,24028,955,928,921,522,2905,1822,1633,1868,1828,1503,1371,1253,1148,1044,794,299,383,271,399,685,594,439,463,"Charlottesville city, Virginia",51,540
199184,96728,7253,8178,8721,4950,2703,1166,1161,3417,5828,7178,9157,8975,7427,5864,4308,1355,1886,1036,1488,2016,1530,748,383,102456,7019,7960,8400,4802,2476,1103,1059,3280,6183,7618,9919,9551,7774,6441,4647,1510,2071,1287,1752,2648,2392,1416,1148,"Chesapeake city, Virginia",51,550
259903,126588,8909,10680,11237,6759,3745,1400,1309,3616,7143,8974,10935,11384,10878,9841,6663,1890,2349,1383,1857,2535,1741,901,459,133315,8604,9957,10863,6418,3443,1386,1315,3682,7809,9776,12145,12806,11946,9932,6673,1948,2481,1460,2067,3223,2509,1591,1281,"Chesterfield County, Virginia",51,041
12652,6261,343,459,459,237,137,78,76,154,262,406,565,596,488,496,396,145,198,104,167,211,134,89,61,6391,317,457,429,257,102,42,30,118,281,410,573,584,501,503,398,129,180,104,169,269,214,167,157,"Clarke County, Virginia",51,043
4289,1892,112,125,127,89,43,13,18,61,97,115,141,155,124,126,113,37,58,31,61,88,74,48,36,2397,115,126,135,76,55,13,25,58,123,139,134,185,118,157,122,56,83,45,68,160,162,103,139,"Clifton Forge city, Virginia",51,560
16897,7901,459,545,641,352,207,125,107,281,497,485,593,591,511,538,430,158,214,151,200,336,254,152,74,8996,436,508,548,326,188,115,99,287,503,544,622,692,578,625,471,179,298,164,261,512,474,296,270,"Colonial Heights city, Virginia",51,570
6303,3013,201,209,199,114,72,38,37,108,203,207,220,206,204,192,191,63,73,55,79,130,98,65,49,3290,194,180,156,99,67,43,39,110,218,190,201,210,201,221,198,71,94,79,102,178,176,123,140,"Covington city, Virginia",51,580
5091,2588,152,158,197,122,58,25,24,71,149,180,225,235,192,202,172,61,66,54,68,67,64,26,20,2503,140,170,178,85,41,23,24,62,133,171,199,218,192,191,150,53,81,45,72,86,89,46,54,"Craig County, Virginia",51,045
34262,17411,1117,1283,1254,831,480,182,229,612,1145,1315,1604,1543,1308,1142,912,284,422,238,339,503,331,215,122,16851,1069,1237,1315,707,362,165,165,567,971,1206,1442,1431,1218,1094,906,297,383,263,388,558,445,358,304,"Culpeper County, Virginia",51,047
9017,4295,280,314,341,179,108,49,51,116,224,297,352,308,293,327,267,89,127,89,104,162,122,60,36,4722,284,340,323,170,92,58,43,143,292,313,371,364,334,325,260,96,148,79,142,203,136,101,105,"Cumberland County, Virginia",51,049
48411,22024,1506,1602,1705,1008,573,271,254,731,1279,1358,1442,1653,1643,1464,1158,400,594,386,563,937,773,438,286,26387,1404,1512,1595,940,620,308,304,813,1427,1499,1710,1967,1847,1733,1346,472,771,509,807,1500,1406,967,930,"Danville city, Virginia",51,590
16395,8017,442,473,555,369,274,115,99,293,454,487,592,657,698,634,485,167,226,134,204,291,190,106,72,8378,433,472,524,351,221,91,107,266,490,530,631,692,652,605,474,199,264,162,214,347,270,210,173,"Dickenson County, Virginia",51,051
24533,12193,719,874,937,528,287,132,112,337,691,852,1112,1103,968,919,731,250,356,220,251,331,255,138,90,12340,648,845,881,453,253,121,100,303,685,923,1148,1069,945,872,753,274,358,195,290,422,403,243,156,"Dinwiddie County, Virginia",51,053
5665,2576,171,212,222,112,81,30,31,84,139,167,194,172,170,130,146,44,57,35,57,105,83,79,55,3089,180,191,214,123,71,31,40,89,177,163,209,228,168,175,132,65,79,57,98,151,165,128,155,"Emporia city, Virginia",51,595
9989,4730,250,323,350,200,116,47,36,147,241,324,356,368,362,346,299,100,133,81,123,218,158,98,54,5259,270,347,375,176,102,45,52,158,281,337,404,387,404,375,276,105,164,96,161,225,217,131,171,"Essex County, Virginia",51,057
969749,481373,34765,36017,35372,20558,10664,4782,4589,17543,36224,39617,44419,43251,38788,37308,26763,7900,9506,5250,6882,8703,6594,3851,2027,488376,33016,34059,33172,19305,9235,4175,4146,17190,34543,39873,45921,45280,42306,38948,26505,7772,9419,5428,7219,10921,9411,5637,4895,"Fairfax County, Virginia",51,059
21498,10484,645,597,615,353,242,142,144,488,936,949,1025,836,717,742,540,198,232,169,171,286,238,142,77,11014,644,617,570,375,195,162,124,471,811,890,933,861,807,783,641,193,267,158,241,430,357,213,271,"Fairfax city, Virginia",51,600
10377,5049,294,357,380,255,80,16,34,131,373,345,445,449,473,468,282,81,115,56,80,98,106,73,58,5328,277,316,342,209,64,27,39,141,329,336,453,502,552,478,299,88,85,65,87,144,193,155,147,"Falls Church city, Virginia",51,610
55139,27250,1849,2088,2289,1328,652,264,238,643,1218,1837,2526,2591,2203,2153,1688,515,639,372,496,718,500,275,168,27889,1677,2072,2226,1266,623,242,218,646,1386,1924,2625,2613,2266,2070,1624,508,643,365,553,776,622,468,476,"Fauquier County, Virginia",51,061
13874,6849,382,418,456,287,172,78,70,193,444,487,514,513,541,525,478,168,206,117,148,241,203,134,74,7025,397,439,455,246,137,63,60,189,387,456,500,530,514,561,430,153,219,130,183,296,265,190,225,"Floyd County, Virginia",51,063
20047,9305,668,682,699,344,200,79,77,231,506,672,784,770,681,594,523,189,271,192,273,456,236,115,63,10742,626,706,647,350,183,90,87,330,699,922,1061,942,807,690,585,226,326,237,278,406,260,144,140,"Fluvanna County, Virginia",51,065
47286,23306,1309,1478,1567,903,692,335,265,727,1330,1529,1873,1924,1814,1725,1583,519,718,448,648,827,579,325,188,23980,1260,1487,1618,878,605,267,266,679,1309,1558,1925,1883,1807,1867,1544,508,769,456,630,955,725,529,455,"Franklin County, Virginia",51,067
8346,3689,226,300,324,195,111,36,43,129,171,190,259,241,273,274,206,69,108,61,96,142,108,65,62,4657,198,313,341,202,105,30,41,145,250,258,317,390,310,290,249,99,117,78,124,217,206,174,203,"Franklin city, Virginia",51,620
59209,29620,2001,2376,2448,1356,732,307,266,829,1700,2180,2822,2664,2288,1993,1593,514,791,387,605,752,557,277,182,29589,1824,2153,2206,1239,646,290,244,850,1816,2248,2784,2654,2261,1961,1608,533,729,437,611,875,689,488,443,"Frederick County, Virginia",51,069
19279,8677,591,442,446,234,511,332,308,594,753,716,634,580,526,512,380,118,171,86,147,208,197,122,69,10602,536,501,421,257,1102,536,500,712,757,630,586,585,558,542,411,135,192,160,214,407,337,270,253,"Fredericksburg city, Virginia",51,630
6837,3250,245,240,229,131,82,36,41,119,203,234,223,241,224,196,177,68,78,53,98,136,99,57,40,3587,194,200,201,132,73,44,33,114,209,229,224,240,253,227,227,62,98,60,123,200,175,128,141,"Galax city, Virginia",51,640
16657,8141,508,512,561,329,189,72,74,243,516,574,667,638,584,580,583,168,228,150,190,295,235,150,95,8516,436,495,518,309,150,84,73,244,516,597,615,605,587,678,529,191,222,157,241,423,395,262,189,"Giles County, Virginia",51,071
34780,17080,1053,1348,1461,861,402,161,163,470,898,1089,1559,1615,1318,1244,971,333,412,254,305,506,344,183,130,17700,974,1218,1393,808,399,167,139,465,971,1155,1623,1671,1315,1190,1023,345,458,268,371,586,480,304,377,"Gloucester County, Virginia",51,073
16863,8494,442,544,570,358,141,61,63,221,497,618,806,810,739,719,537,184,231,146,195,289,174,74,75,8369,433,430,535,275,124,43,54,180,420,626,789,845,725,704,628,165,237,152,207,308,212,134,143,"Goochland County, Virginia",51,075
17917,9289,426,488,524,308,194,99,121,426,791,730,790,736,719,664,526,183,297,165,246,377,253,130,96,8628,430,520,508,293,149,56,72,237,486,527,622,658,622,613,547,218,302,189,291,436,348,270,234,"Grayson County, Virginia",51,077
15244,7560,609,619,638,311,176,75,66,205,480,627,766,619,524,500,386,143,159,95,120,166,132,93,51,7684,540,582,607,268,145,74,65,214,512,653,775,624,575,527,396,130,169,127,127,192,154,103,125,"Greene County, Virginia",51,079
11560,7130,232,276,367,205,94,68,83,338,718,860,888,798,618,480,327,80,130,78,122,161,121,49,37,4430,212,267,340,208,87,39,38,109,225,292,339,356,334,323,272,86,149,90,125,193,160,90,96,"Greensville County, Virginia",51,081
37355,17782,1149,1277,1280,783,404,202,167,529,1021,1107,1279,1441,1370,1310,1083,371,573,345,410,654,513,301,213,19573,1054,1272,1183,737,389,176,142,553,1032,1165,1346,1466,1404,1458,1180,437,642,360,578,913,857,659,570,"Halifax County, Virginia",51,083
146437,72579,4696,5199,5230,2944,2425,1454,1449,3827,5684,5689,7196,6337,4866,3929,2998,1000,1431,941,1221,1637,1343,706,377,73858,4546,4874,5079,2929,2944,1450,1419,3414,5096,5193,6279,6068,5048,4290,3390,1210,1711,1093,1447,2164,1982,1274,958,"Hampton city, Virginia",51,650
86320,42479,2923,3510,3475,2275,1129,500,435,994,1984,2900,3873,4072,3464,3163,2291,738,934,532,777,1082,803,402,223,43841,2688,3230,3403,1859,1028,454,374,1007,2188,3139,4201,4129,3617,3112,2372,738,962,623,887,1322,1143,729,636,"Hanover County, Virginia",51,085
40468,19171,942,885,854,517,2163,1549,1651,2151,1371,1104,1064,992,850,723,571,200,238,119,223,365,290,217,132,21297,963,830,758,488,3281,1955,1935,1867,1110,999,969,967,896,782,604,204,268,180,302,551,505,444,439,"Harrisonburg city, Virginia",51,660
262300,122922,9180,9589,9076,5132,2629,1292,1228,4715,9651,10157,10719,10346,9403,7876,5533,1734,2315,1387,2147,3295,2828,1630,1060,139378,8752,9223,8832,4918,2544,1297,1360,5488,10406,10924,12113,11850,10692,9207,6505,2067,2946,1686,2932,4765,4521,3071,3279,"Henrico County, Virginia",51,087
57930,28238,1629,1799,1997,1125,702,329,299,944,1843,2050,2330,2242,2014,1982,1766,649,900,532,712,1038,720,367,269,29692,1579,1720,1982,1092,600,292,296,882,1716,2066,2354,2223,2138,2118,1978,673,929,571,860,1343,1038,700,542,"Henry County, Virginia",51,089
2536,1254,45,69,88,54,18,13,8,19,48,58,89,114,107,110,87,38,49,36,37,59,58,38,12,1282,49,70,80,49,14,7,9,15,53,59,91,109,94,109,99,39,59,24,46,63,59,52,33,"Highland County, Virginia",51,091
22354,10447,854,886,826,487,281,130,149,385,773,769,749,740,631,609,533,143,255,156,242,350,278,125,96,11907,813,891,762,446,295,151,176,475,852,768,885,861,723,696,601,181,312,208,267,524,435,298,287,"Hopewell city, Virginia",51,670
29728,14538,910,1082,1253,684,323,163,132,363,666,891,1305,1396,1163,1034,927,283,402,281,303,446,284,173,74,15190,880,1049,1060,626,292,159,118,412,749,983,1400,1414,1271,1084,860,306,450,230,383,496,397,306,265,"Isle of Wight County, Virginia",51,093
48102,23294,1370,1619,1727,999,488,231,215,652,1149,1407,1836,1972,1769,1647,1344,515,724,495,744,1015,719,395,262,24808,1339,1550,1649,960,391,209,233,671,1178,1539,1969,2089,1914,1713,1587,563,787,508,718,1111,924,590,616,"James City County, Virginia",51,095
16803,8443,623,675,706,390,237,137,94,253,541,634,790,707,599,542,455,165,166,99,152,195,147,82,54,8360,649,638,627,363,191,93,91,281,524,618,788,726,621,542,416,125,186,115,141,183,183,129,130,"King George County, Virginia",51,099
13146,6470,481,480,494,311,128,32,32,164,408,516,567,532,514,465,401,125,157,101,153,159,136,60,54,6676,431,468,480,288,127,73,42,183,440,502,602,573,539,441,382,95,140,92,150,208,182,126,112,"King William County, Virginia",51,101
6630,3233,175,214,251,131,78,31,27,104,152,194,268,246,254,241,243,61,84,66,75,138,93,65,42,3397,180,202,210,144,57,33,35,101,167,195,274,284,275,235,214,75,107,62,101,143,121,106,76,"King and Queen County, Virginia",51,097
11567,5374,257,323,362,223,111,41,33,97,161,208,313,349,371,354,384,146,230,153,251,375,308,197,127,6193,224,264,329,210,100,30,36,126,209,250,354,428,399,447,444,161,298,149,273,431,407,302,322,"Lancaster County, Virginia",51,103
23589,11444,728,725,819,476,284,158,134,388,718,729,823,921,905,871,703,232,345,185,287,394,323,178,118,12145,646,713,806,459,268,136,138,379,740,788,831,928,884,862,726,286,399,230,332,495,462,323,314,"Lee County, Virginia",51,105
6867,3791,105,103,92,69,812,437,399,342,154,120,117,110,156,131,125,45,65,51,72,97,88,60,41,3076,100,92,121,73,348,184,163,158,155,99,108,135,168,165,143,57,90,57,96,156,155,116,137,"Lexington city, Virginia",51,678
169599,83837,8382,7724,6372,3216,1485,596,573,2206,5861,8440,9891,8134,6031,5051,3611,991,1230,620,872,1056,737,476,282,85762,8079,7545,6166,3071,1259,594,602,2337,6444,9175,9926,8135,6115,5035,3616,969,1199,658,894,1302,1113,817,711,"Loudoun County, Virginia",51,107
25627,12611,757,902,946,571,289,130,113,333,633,864,1146,1094,991,979,760,273,359,239,300,404,265,157,106,13016,767,880,914,518,243,114,132,337,698,901,1214,1106,1004,930,758,267,389,228,309,452,379,254,222,"Louisa County, Virginia",51,109
13146,6997,337,359,440,313,183,70,94,273,439,559,603,657,575,481,362,133,204,110,143,283,201,114,64,6149,307,369,460,218,143,55,64,166,275,304,428,432,483,446,370,130,204,132,210,330,291,197,135,"Lunenburg County, Virginia",51,111
65269,29841,1995,2045,2182,1176,1449,774,752,1476,1935,1846,2017,2074,1975,1848,1383,456,662,408,649,965,870,498,406,35428,1822,2057,2010,1170,2001,1061,938,1643,2181,2010,2189,2250,2241,2030,1540,585,851,526,819,1521,1433,1188,1362,"Lynchburg city, Virginia",51,680
12520,6099,336,397,444,303,156,66,52,161,318,391,489,513,491,438,390,127,183,121,159,236,151,94,83,6421,384,416,463,274,134,58,60,172,300,380,505,558,490,495,375,136,182,95,157,261,210,141,175,"Madison County, Virginia",51,113
10290,5242,526,462,413,239,129,62,62,235,499,599,584,461,287,240,149,58,53,36,40,64,26,14,4,5048,498,444,397,212,111,46,52,203,481,551,534,415,277,245,175,68,81,38,54,79,50,18,19,"Manassas Park city, Virginia",51,685
35135,17868,1586,1565,1395,826,533,278,254,789,1472,1736,1758,1570,1201,1072,677,180,242,118,159,180,153,73,51,17267,1434,1488,1381,712,438,226,219,720,1353,1555,1671,1465,1247,1069,671,196,254,140,182,307,231,142,166,"Manassas city, Virginia",51,683
15416,6966,450,470,491,309,149,85,70,233,404,429,556,544,516,446,360,134,191,108,200,281,250,163,127,8450,417,499,529,313,169,68,69,237,441,504,612,620,552,506,429,186,249,190,231,482,427,357,363,"Martinsville city, Virginia",51,690
9207,4441,209,226,287,191,86,37,40,97,191,221,299,339,297,359,354,133,196,123,158,222,177,117,82,4766,211,263,268,176,76,28,26,88,187,249,306,338,349,392,367,128,200,114,179,254,221,164,182,"Mathews County, Virginia",51,115
32380,15972,870,965,1043,619,364,199,172,528,1029,1115,1326,1262,1196,1098,931,359,517,289,477,713,477,274,149,16408,867,948,1053,619,303,136,127,492,844,921,1171,1206,1161,1140,1050,384,589,385,537,909,682,502,382,"Mecklenburg County, Virginia",51,117
9932,4773,179,275,319,188,94,53,30,100,191,263,325,331,332,371,406,133,198,130,177,307,197,116,58,5159,196,250,338,164,81,32,33,86,183,253,356,373,412,400,422,141,194,115,214,299,256,171,190,"Middlesex County, Virginia",51,119
83629,43806,2027,2000,2099,1245,4548,2778,2957,4941,3544,2761,2482,2287,2289,2044,1586,520,727,436,551,813,565,360,246,39823,1953,1952,1901,1163,3615,2080,2071,3162,2963,2454,2511,2448,2307,2097,1629,571,712,475,666,990,864,619,620,"Montgomery County, Virginia",51,121
14445,7031,407,414,490,317,170,71,53,176,320,405,477,565,610,609,491,173,220,133,247,309,189,115,70,7414,352,391,478,284,145,78,62,165,354,396,558,617,630,625,489,182,251,153,228,340,288,185,163,"Nelson County, Virginia",51,125
13462,6819,396,470,565,342,150,59,60,161,346,472,698,644,623,543,412,122,174,76,132,189,105,45,35,6643,363,457,490,280,138,49,42,135,340,508,628,676,588,569,403,114,177,75,136,175,144,93,63,"New Kent County, Virginia",51,127
180150,87178,7247,7302,6821,3825,3071,1528,1505,4573,7166,6901,7559,6757,5421,4445,3456,1094,1522,917,1385,1828,1501,881,473,92972,6981,7102,6636,3611,2629,1490,1425,4409,7220,7161,7926,7243,5869,5038,3919,1298,1847,1192,1739,2697,2466,1667,1407,"Newport News city, Virginia",51,700
234403,119830,8507,8394,7623,4173,5755,4831,4804,10368,10909,8822,9047,7972,6631,5336,3844,1262,1714,1120,1543,2680,2381,1332,782,114573,8039,8114,7449,4053,4945,2723,2585,6672,8964,7925,8361,8189,7208,5835,4299,1448,2070,1477,2277,3882,3602,2378,2078,"Norfolk city, Virginia",51,710
13093,6126,383,371,477,305,166,78,72,157,285,293,363,520,437,395,312,120,203,147,223,338,254,126,101,6967,341,435,471,265,147,61,68,184,308,329,458,540,522,450,429,145,232,150,249,395,300,237,251,"Northampton County, Virginia",51,131
12259,5848,254,346,353,216,112,40,32,110,178,257,345,396,344,392,479,210,309,192,301,398,325,162,97,6411,273,283,340,221,93,45,46,113,207,307,384,407,419,456,568,202,315,200,313,437,340,255,187,"Northumberland County, Virginia",51,133
3904,1757,102,121,117,74,51,26,33,86,110,127,116,142,140,129,89,47,40,32,40,56,36,29,14,2147,99,140,122,75,50,37,31,86,132,140,124,175,162,149,123,50,63,43,40,105,83,56,62,"Norton city, Virginia",51,720
15725,8113,437,508,587,323,178,101,98,362,631,666,693,685,592,453,392,148,215,128,186,278,232,133,87,7612,441,469,522,311,148,87,73,220,399,402,559,568,510,472,420,137,222,153,229,413,311,280,266,"Nottoway County, Virginia",51,135
25881,12524,748,839,868,538,275,122,119,342,678,848,1030,1027,906,785,741,268,421,252,416,562,392,220,127,13357,804,782,888,488,269,108,101,342,668,821,1083,1029,939,929,814,366,451,282,435,617,493,356,292,"Orange County, Virginia",51,137
23177,11366,631,770,786,507,295,131,118,381,702,819,915,859,864,778,714,230,341,217,290,440,314,165,99,11811,655,745,777,452,266,121,115,363,705,765,915,884,800,809,727,252,341,195,355,520,448,309,292,"Page County, Virginia",51,139
19407,9551,565,590,619,382,207,99,83,315,629,675,700,735,692,711,639,232,321,177,253,380,255,180,112,9856,549,589,559,365,194,84,79,315,602,607,742,745,669,696,643,254,325,189,291,430,336,321,272,"Patrick County, Virginia",51,141
33740,15426,1110,1262,1260,670,422,192,220,592,946,1091,1092,1144,1073,955,786,294,360,239,368,507,425,260,158,18314,1055,1171,1262,694,440,239,225,683,1092,1264,1323,1324,1279,1153,973,336,511,307,475,796,762,450,500,"Petersburg city, Virginia",51,730
61745,30146,1791,1930,2199,1338,769,335,306,862,1744,1971,2483,2544,2460,2259,1903,659,879,539,714,1039,733,400,289,31599,1723,1882,2032,1335,701,331,270,873,1736,1992,2644,2651,2477,2296,1945,683,883,554,819,1335,1076,781,580,"Pittsylvania County, Virginia",51,143
11566,5789,324,454,578,323,157,78,49,143,236,264,492,501,475,490,388,133,159,108,119,152,82,48,36,5777,263,409,473,278,118,43,35,115,216,325,520,539,511,477,390,125,171,96,129,162,145,117,120,"Poquoson city, Virginia",51,735
100565,48583,3638,3617,3680,2133,1777,1164,928,2391,3584,3502,3829,3557,3180,2642,1973,710,951,587,849,1469,1295,740,387,51982,3533,3677,3487,2089,1338,712,670,2147,3448,3571,3875,3919,3536,3011,2342,865,1235,738,1164,2072,2079,1308,1166,"Portsmouth city, Virginia",51,740
22377,12313,684,789,748,585,387,145,132,416,860,1125,1322,1167,1007,911,687,197,285,138,187,245,164,88,44,10064,625,748,758,432,180,71,56,243,556,855,960,921,834,773,640,184,211,135,181,269,202,129,101,"Powhatan County, Virginia",51,145
19720,9641,503,536,657,359,936,494,460,539,482,511,585,610,613,503,396,153,210,110,204,306,215,135,124,10079,480,572,548,337,969,487,321,423,451,552,611,636,628,519,453,159,232,179,198,355,370,264,335,"Prince Edward County, Virginia",51,147
33047,17821,1043,1208,1270,760,958,456,386,957,1619,1538,1530,1435,1233,1041,769,269,287,173,264,268,188,111,58,15226,937,1162,1236,689,619,243,221,641,976,1228,1392,1282,1103,924,682,248,305,197,214,376,279,162,110,"Prince George County, Virginia",51,149
280813,140067,12252,12466,12046,6923,3731,1862,1767,5715,10314,11878,13808,12601,10125,8919,6092,1857,2095,1055,1310,1595,873,514,269,140746,11755,11995,11536,6476,3303,1535,1573,5294,10435,12684,14156,12947,10418,8915,6135,1662,2070,1169,1410,1951,1495,974,858,"Prince William County, Virginia",51,153
35127,17334,984,1065,1061,624,382,199,192,609,1265,1319,1376,1348,1336,1402,1122,420,522,282,400,611,388,277,150,17793,953,967,998,587,329,159,173,517,1184,1189,1244,1325,1410,1436,1175,368,554,319,533,742,707,503,421,"Pulaski County, Virginia",51,155
15859,7215,282,277,296,155,840,566,554,967,590,335,346,350,318,325,242,85,124,63,98,164,118,73,47,8644,279,270,296,194,1530,899,749,870,449,336,336,360,353,308,289,87,137,86,121,238,196,151,110,"Radford city, Virginia",51,750
6983,3471,189,213,254,140,65,25,27,73,160,176,264,297,328,309,259,97,129,73,91,124,96,52,30,3512,167,208,264,124,74,23,29,75,154,209,264,323,298,351,248,96,108,53,87,139,102,59,57,"Rappahannock County, Virginia",51,157
8809,4939,185,221,271,172,99,62,71,244,416,431,529,481,408,303,229,94,118,73,100,149,135,82,66,3870,175,204,219,170,77,36,25,94,177,214,257,300,282,239,233,95,121,87,140,208,165,163,189,"Richmond County, Virginia",51,159
197790,92068,6226,6439,5892,3162,3362,1859,1806,5047,8307,7695,7274,7129,6491,5406,3679,1235,1718,1088,1547,2522,2079,1259,846,105722,6150,6326,5821,3162,4184,2152,1995,5527,8907,7962,7904,7534,7086,6002,4529,1555,2138,1499,2279,3908,3686,2740,2676,"Richmond city, Virginia",51,760
85778,40535,2353,2897,3009,1758,923,299,294,1061,2176,2552,3160,3458,3497,3370,2451,780,1081,685,1008,1503,1185,643,392,45243,2200,2684,2902,1697,1070,433,405,1206,2351,2703,3489,3736,3793,3580,2563,917,1285,814,1202,1972,1711,1218,1312,"Roanoke County, Virginia",51,161
94911,44501,3148,3264,2934,1553,1006,518,472,1671,3476,3544,3632,3557,3362,2963,2077,685,888,595,847,1561,1339,870,539,50410,3052,3117,2868,1521,992,546,541,1998,3858,3522,3613,3746,3512,3261,2478,854,1122,833,1250,2280,2164,1623,1659,"Roanoke city, Virginia",51,770
20808,10427,572,655,723,469,233,136,182,344,598,626,764,828,812,761,605,248,356,230,289,437,312,165,82,10381,551,576,664,419,208,112,119,303,565,632,798,839,800,778,669,243,361,205,302,479,350,200,208,"Rockbridge County, Virginia",51,163
67725,33340,2144,2417,2532,1468,1000,483,429,1075,2010,2283,2777,2743,2602,2226,1736,613,850,505,779,1087,792,478,311,34385,2102,2274,2415,1327,977,448,434,1046,1963,2300,2692,2805,2549,2224,1790,644,916,535,831,1314,1185,797,817,"Rockingham County, Virginia",51,165
30308,15353,795,872,902,647,404,205,211,652,1260,1185,1256,1334,1232,1132,861,300,416,257,327,461,357,173,114,14955,831,883,901,590,333,182,167,454,984,987,1125,1235,1184,1030,928,352,437,315,397,554,456,298,332,"Russell County, Virginia",51,167
24747,11677,618,747,799,485,449,240,205,452,712,750,843,951,840,782,641,209,306,183,319,454,373,195,124,13070,594,711,747,461,584,270,241,449,703,744,889,1025,952,882,687,270,361,272,358,596,527,383,364,"Salem city, Virginia",51,775
23403,11297,602,711,723,426,271,121,135,378,654,797,864,870,845,818,768,279,367,216,300,477,353,182,140,12106,601,643,707,417,267,121,108,352,719,775,823,876,851,906,748,296,404,269,373,604,500,362,384,"Scott County, Virginia",51,169
35075,17075,978,1148,1181,644,380,165,163,492,974,1133,1364,1360,1287,1244,1077,397,512,358,507,684,526,319,182,18000,970,1102,1130,658,382,163,159,421,971,1161,1308,1395,1292,1195,1159,416,611,358,543,852,767,507,480,"Shenandoah County, Virginia",51,171
33081,16008,932,1065,1056,632,381,199,192,550,1047,1099,1246,1282,1220,1159,965,362,528,328,391,590,393,241,150,17073,837,1035,1001,589,416,191,187,523,1078,1091,1193,1262,1210,1199,1007,386,557,335,548,761,703,511,453,"Smyth County, Virginia",51,173
17482,9226,462,575,658,378,271,158,152,467,584,618,785,780,668,600,518,189,304,135,211,281,257,109,66,8256,437,529,585,349,181,70,54,191,415,511,731,675,632,570,466,195,233,151,233,287,358,222,181,"Southampton County, Virginia",51,175
90395,44532,3585,4098,4107,2252,1035,471,402,1354,2695,3334,4082,3987,3420,2931,2105,643,890,449,668,872,620,341,191,45863,3294,3796,3901,2075,988,441,429,1506,2906,3617,4376,4065,3464,3031,2079,670,840,514,753,1086,871,611,550,"Spotsylvania County, Virginia",51,177
92446,46486,3668,4370,4439,2451,1152,491,488,1797,2804,3460,4611,4449,3579,2974,2110,559,713,413,477,657,453,229,142,45960,3504,4189,4193,2355,1016,442,441,1368,2737,3852,4842,4370,3548,2857,1957,534,652,396,536,777,595,393,406,"Stafford County, Virginia",51,179
23853,11237,603,619,677,442,266,130,119,441,808,863,918,973,890,792,589,230,265,213,267,437,337,235,123,12616,638,666,654,430,514,255,263,453,711,722,817,823,844,819,693,263,363,221,361,614,557,472,463,"Staunton city, Virginia",51,790
63677,30410,2340,2585,2638,1417,741,297,292,853,1704,2265,2809,2650,2169,2013,1549,504,694,403,572,793,600,331,191,33267,2278,2491,2585,1399,712,325,320,962,2044,2501,3053,2801,2302,2021,1734,585,776,426,699,1095,919,646,593,"Suffolk city, Virginia",51,800
6829,3304,192,251,271,142,91,34,26,96,129,192,283,297,270,230,203,74,93,52,77,120,91,61,29,3525,193,224,290,158,78,44,35,88,155,224,301,317,257,219,241,65,105,57,86,137,106,83,62,"Surry County, Virginia",51,181
12504,7185,282,372,394,237,151,87,112,435,773,664,760,654,579,445,311,101,159,101,130,168,155,64,51,5319,294,341,337,200,96,54,53,133,275,342,408,420,402,376,293,125,164,79,148,263,210,146,160,"Sussex County, Virginia",51,183
44598,21369,1178,1378,1418,927,565,312,255,765,1380,1248,1518,1756,1822,1720,1300,475,623,394,518,779,561,298,179,23229,1181,1300,1315,868,615,269,234,710,1373,1282,1686,1894,1922,1758,1410,493,726,433,658,1037,897,608,560,"Tazewell County, Virginia",51,185
425257,210524,15512,17120,17263,9742,6001,3213,3362,10434,17947,17908,20059,17403,14001,11570,8291,2635,3425,2018,2961,4172,3036,1599,852,214733,15104,16403,16486,9258,5238,2710,2654,8940,16349,17638,20186,18249,15385,12842,9174,2926,3896,2661,3558,5365,4365,2649,2697,"Virginia Beach city, Virginia",51,810
31584,15530,1092,1162,1187,643,378,200,173,455,886,1133,1458,1343,1241,1021,875,309,383,208,323,424,330,212,94,16054,1008,1194,1176,621,371,202,139,468,930,1130,1448,1344,1127,1064,852,298,380,225,372,582,497,321,305,"Warren County, Virginia",51,187
51103,24789,1320,1519,1581,995,707,339,330,901,1505,1623,1933,2079,1914,1893,1574,574,758,484,610,922,627,367,234,26314,1272,1446,1553,919,707,344,328,810,1566,1645,1961,2151,2011,1940,1641,589,841,541,750,1150,910,651,588,"Washington County, Virginia",51,191
19520,9140,670,708,638,396,197,100,88,333,558,632,659,721,586,621,493,181,241,137,244,372,296,158,111,10380,612,643,668,329,226,126,121,345,640,680,707,753,630,678,588,217,294,183,291,510,486,357,296,"Waynesboro city, Virginia",51,820
16718,8023,423,552,620,370,190,71,59,205,351,451,533,603,576,555,578,203,285,192,278,380,282,161,105,8695,443,500,606,332,159,72,81,218,366,465,593,640,660,616,589,228,352,211,291,427,375,264,207,"Westmoreland County, Virginia",51,193
11998,5382,140,146,152,94,844,514,492,536,371,245,240,224,219,233,207,76,111,74,92,139,128,66,39,6616,186,158,155,117,1180,730,674,554,296,246,236,267,245,260,222,97,127,88,122,198,190,136,132,"Williamsburg city, Virginia",51,830
23585,11434,722,754,695,413,467,245,193,602,943,887,939,866,766,745,472,155,251,166,247,379,269,163,95,12151,710,703,686,429,474,236,213,667,886,798,848,857,797,701,565,185,284,180,290,563,465,338,276,"Winchester city, Virginia",51,840
40123,19543,1203,1296,1321,952,700,332,300,767,1293,1296,1357,1576,1560,1428,1047,349,502,324,390,648,485,265,152,20580,1110,1261,1245,846,673,321,274,737,1287,1360,1404,1675,1627,1371,1084,368,613,349,484,839,761,438,453,"Wise County, Virginia",51,195
27599,13177,794,834,871,562,320,133,139,433,913,1027,991,996,1048,958,811,298,362,256,304,496,335,178,118,14422,713,831,874,551,296,158,140,482,892,989,1080,1078,1095,975,856,322,414,295,383,655,517,405,421,"Wythe County, Virginia",51,197
56297,27650,1828,2412,2631,1497,693,278,278,727,1346,1687,2717,2595,2126,1986,1503,471,633,356,484,631,437,227,107,28647,1742,2293,2538,1462,568,250,215,734,1380,2017,2793,2722,2296,2080,1563,485,615,415,522,749,587,337,284,"York County, Virginia",51,199
