P005001,P005002,P005003,P005004,P005005,P005006,P005007,P005008,P005009,P005010,P005011,P005012,P005013,P005014,P005015,P005016,P005017,P005018,P005019,P005020,P005021,P005022,P005023,P005024,P005025,P005026,P005027,P005028,P005029,P005030,P005031,P005032,P005033,P005034,P005035,P005036,P005037,P005038,P005039,P005040,P005041,P005042,P005043,P005044,P005045,P005046,P005047,P005048,P005049,P005050,P005051,P005052,P005053,P005054,P005055,P005056,P005057,P005058,P005059,P005060,P005061,P005062,P005063,P005064,P005065,P005066,P005067,P005068,P005069,P005070,P005071,NAME,state,county
28986,28791,19332,8343,101,58,16,941,195,175,15,69,7,5,45,13,0,0,11,0,0,1,1,3,5,15,11,0,0,2,0,0,0,0,0,0,0,1,0,1,0,0,0,0,0,0,3,2,0,1,0,0,0,0,0,0,0,0,0,0,0,0,0,0,0,0,0,0,0,2,2,"Accomack County, Virginia",51,001
59553,59051,51263,5551,107,1696,6,428,502,464,65,107,90,5,105,31,12,0,13,1,2,8,3,22,0,29,14,1,0,3,2,0,4,2,2,0,0,0,0,1,0,0,0,0,0,0,9,2,1,3,2,0,0,0,1,0,0,0,0,0,0,0,0,0,0,0,0,0,0,0,0,"Albemarle County, Virginia",51,003
106746,102687,67339,21909,284,6143,89,6923,4059,3883,206,219,560,22,1561,85,59,13,816,28,0,43,50,215,6,154,55,5,0,24,4,0,10,15,19,3,0,1,2,5,3,4,0,0,0,4,18,6,1,5,5,0,1,0,0,0,0,0,0,0,0,0,4,3,0,0,1,0,0,0,0,"Alexandria city, Virginia",51,510
9975,9930,9669,206,20,22,1,12,45,43,1,29,5,1,7,0,0,0,0,0,0,0,0,0,0,2,0,0,0,0,0,0,0,2,0,0,0,0,0,0,0,0,0,0,0,0,0,0,0,0,0,0,0,0,0,0,0,0,0,0,0,0,0,0,0,0,0,0,0,0,0,"Alleghany County, Virginia",51,005
8511,8463,6049,2359,23,11,0,21,48,43,5,25,2,0,8,0,0,0,1,1,0,1,0,0,0,5,2,0,0,2,0,0,0,0,1,0,0,0,0,0,0,0,0,0,0,0,0,0,0,0,0,0,0,0,0,0,0,0,0,0,0,0,0,0,0,0,0,0,0,0,0,"Amelia County, Virginia",51,007
24408,24233,19258,4626,193,77,4,75,175,163,13,47,11,4,25,41,5,2,7,0,0,6,1,0,1,9,6,0,0,2,0,0,1,0,0,0,0,0,0,0,0,0,0,0,0,0,1,0,0,1,0,0,0,0,0,0,0,0,0,0,0,0,2,2,0,0,0,0,0,0,0,"Amherst County, Virginia",51,009
10322,10281,8023,2209,14,16,3,16,41,38,10,10,3,0,4,5,2,0,3,0,0,1,0,0,0,3,2,0,0,0,1,0,0,0,0,0,0,0,0,0,0,0,0,0,0,0,0,0,0,0,0,0,0,0,0,0,0,0,0,0,0,0,0,0,0,0,0,0,0,0,0,"Appomattox County, Virginia",51,011
158214,152242,112370,14042,511,13705,116,11498,5972,5725,288,363,881,40,2825,104,85,16,518,40,0,68,71,414,12,218,63,11,3,38,11,1,18,19,27,2,2,1,2,0,3,4,0,7,2,4,19,15,0,2,0,0,0,0,0,1,0,0,1,0,0,0,9,9,0,0,0,0,0,1,1,"Arlington County, Virginia",51,013
50048,49815,47523,1966,64,136,10,116,233,217,14,130,28,6,29,5,0,0,0,0,0,0,0,2,3,12,4,0,0,2,1,0,0,3,1,0,0,0,1,0,0,0,0,0,0,0,3,0,0,0,1,0,0,0,0,0,0,2,0,0,0,0,1,1,0,0,0,0,0,0,0,"Augusta County, Virginia",51,015
3986,3964,3632,302,9,16,3,2,22,21,4,11,1,2,0,0,0,3,0,0,0,0,0,0,0,0,0,0,0,0,0,0,0,0,0,0,0,0,0,0,0,0,0,0,0,0,1,0,0,0,0,0,0,0,0,0,1,0,0,0,0,0,0,0,0,0,0,0,0,0,0,"Bath County, Virginia",51,017
45871,45634,42380,2890,88,199,6,71,237,222,15,121,28,3,31,13,3,0,1,1,0,0,4,2,0,15,9,0,0,1,1,0,2,1,1,0,0,0,0,0,0,0,0,0,0,0,0,0,0,0,0,0,0,0,0,0,0,0,0,0,0,0,0,0,0,0,0,0,0,0,0,"Bedford County, Virginia",51,019
4936,4897,3851,1004,8,24,3,7,39,28,5,13,0,0,3,5,1,0,0,0,0,0,0,1,0,9,6,0,0,0,0,0,3,0,0,0,0,0,0,0,0,0,0,0,0,0,1,0,0,0,0,0,0,0,0,0,1,0,0,0,0,0,1,0,0,0,0,1,0,0,0,"Bedford city, Virginia",51,515
5537,5510,5212,282,5,8,1,2,27,25,1,12,2,2,6,0,2,0,0,0,0,0,0,0,0,2,0,0,0,0,0,0,2,0,0,0,0,0,0,0,0,0,0,0,0,0,0,0,0,0,0,0,0,0,0,0,0,0,0,0,0,0,0,0,0,0,0,0,0,0,0,"Bland County, Virginia",51,021
23358,23244,22211,856,49,94,1,33,114,107,8,52,15,3,15,4,2,0,1,0,0,0,0,7,0,7,3,0,0,0,0,0,0,3,1,0,0,0,0,0,0,0,0,0,0,0,0,0,0,0,0,0,0,0,0,0,0,0,0,0,0,0,0,0,0,0,0,0,0,0,0,"Botetourt County, Virginia",51,023
13837,13732,12945,679,30,56,2,20,105,99,14,56,7,1,14,1,1,0,1,0,0,0,2,2,0,5,3,0,0,0,1,0,0,1,0,0,0,0,0,0,0,0,0,0,0,0,0,0,0,0,0,0,0,0,0,0,0,0,0,0,0,0,1,1,0,0,0,0,0,0,0,"Bristol city, Virginia",51,520
14652,14590,6417,8086,12,29,0,46,62,58,7,16,1,0,14,10,2,0,7,0,0,0,0,1,0,4,4,0,0,0,0,0,0,0,0,0,0,0,0,0,0,0,0,0,0,0,0,0,0,0,0,0,0,0,0,0,0,0,0,0,0,0,0,0,0,0,0,0,0,0,0,"Brunswick County, Virginia",51,025
21205,21134,20586,500,13,27,1,7,71,66,4,39,10,4,9,0,0,0,0,0,0,0,0,0,0,2,0,0,0,0,0,0,1,1,0,0,0,0,0,0,0,0,0,0,0,0,3,0,0,0,0,0,0,1,0,0,2,0,0,0,0,0,0,0,0,0,0,0,0,0,0,"Buchanan County, Virginia",51,027
12124,12025,7234,4714,17,22,1,37,99,85,12,42,0,1,2,13,2,0,8,0,0,2,1,2,0,13,9,0,0,0,0,0,1,0,0,0,0,0,2,0,1,0,0,0,0,0,1,0,0,1,0,0,0,0,0,0,0,0,0,0,0,0,0,0,0,0,0,0,0,0,0,"Buckingham County, Virginia",51,029
4923,4898,4645,215,14,19,1,4,25,24,2,9,4,4,3,0,1,1,0,0,0,0,0,0,0,1,1,0,0,0,0,0,0,0,0,0,0,0,0,0,0,0,0,0,0,0,0,0,0,0,0,0,0,0,0,0,0,0,0,0,0,0,0,0,0,0,0,0,0,0,0,"Buena Vista city, Virginia",51,530
38842,38630,32751,5480,76,225,2,96,212,178,25,76,24,2,16,20,3,1,6,0,0,1,1,3,0,28,22,0,0,1,0,0,0,1,1,0,2,1,0,0,0,0,0,0,0,0,4,3,0,0,0,0,0,0,0,0,0,1,0,0,0,0,2,2,0,0,0,0,0,0,0,"Campbell County, Virginia",51,031
16645,16476,10561,5633,132,61,6,83,169,146,20,48,12,2,8,34,9,0,7,0,0,3,1,2,0,21,17,1,0,2,1,0,0,0,0,0,0,0,0,0,0,0,0,0,0,0,2,0,0,0,0,0,0,0,0,0,2,0,0,0,0,0,0,0,0,0,0,0,0,0,0,"Caroline County, Virginia",51,033
23080,22978,22697,93,26,20,0,142,102,93,0,64,10,2,15,0,0,0,0,0,0,0,0,2,0,7,1,0,0,0,0,0,2,1,0,3,0,0,0,0,0,0,0,0,0,0,2,0,0,0,0,0,0,0,0,0,2,0,0,0,0,0,0,0,0,0,0,0,0,0,0,"Carroll County, Virginia",51,035
5393,5334,1963,2933,421,7,0,10,59,50,5,17,3,0,1,12,2,1,8,0,0,1,0,0,0,9,9,0,0,0,0,0,0,0,0,0,0,0,0,0,0,0,0,0,0,0,0,0,0,0,0,0,0,0,0,0,0,0,0,0,0,0,0,0,0,0,0,0,0,0,0,"Charles City County, Virginia",51,036
9439,9388,6310,3000,11,17,0,50,51,45,2,20,4,0,2,12,0,0,3,0,0,0,2,0,0,6,4,0,0,0,0,0,0,0,0,0,0,0,2,0,0,0,0,0,0,0,0,0,0,0,0,0,0,0,0,0,0,0,0,0,0,0,0,0,0,0,0,0,0,0,0,"Charlotte County, Virginia",51,037
38214,37527,27841,7151,42,2118,15,360,687,641,73,76,211,10,111,34,47,6,26,3,0,2,21,21,0,38,21,3,0,3,2,0,1,1,0,0,1,1,1,2,0,1,0,0,0,1,6,2,3,0,0,0,0,1,0,0,0,0,0,0,0,0,2,2,0,0,0,0,0,0,0,"Charlottesville city, Virginia",51,540
141901,140363,97213,38895,551,2764,75,865,1538,1404,146,409,265,31,187,141,49,12,89,15,2,11,27,17,3,120,50,1,2,7,5,0,11,14,6,0,12,2,3,1,6,0,0,0,0,0,8,5,1,1,0,0,0,0,0,0,0,0,0,0,1,0,6,5,1,0,0,0,0,0,0,"Chesapeake city, Virginia",51,550
186476,184593,145980,31286,620,4370,75,2262,1883,1768,155,403,271,18,415,146,43,15,114,27,1,23,32,102,3,107,49,0,1,8,5,2,9,6,9,1,7,0,2,3,2,0,0,1,1,1,6,3,0,3,0,0,0,0,0,0,0,0,0,0,0,0,2,2,0,0,0,0,0,0,0,"Chesterfield County, Virginia",51,041
9694,9631,8826,689,19,48,4,45,63,52,3,21,6,4,7,6,0,0,1,0,0,0,2,2,0,7,2,0,0,0,1,1,0,1,1,0,0,0,0,1,0,0,0,0,0,0,0,0,0,0,0,0,0,0,0,0,0,0,0,0,0,0,4,4,0,0,0,0,0,0,0,"Clarke County, Virginia",51,043
3384,3348,2846,487,4,2,0,9,36,32,6,10,1,0,4,8,1,2,0,0,0,0,0,0,0,3,2,0,0,0,0,0,0,0,1,0,0,0,0,0,0,0,0,0,0,0,1,0,1,0,0,0,0,0,0,0,0,0,0,0,0,0,0,0,0,0,0,0,0,0,0,"Clifton Forge city, Virginia",51,560
13082,12980,11808,713,21,358,11,69,102,94,5,18,26,2,22,6,1,1,8,3,0,0,0,2,0,7,2,0,1,0,2,0,0,2,0,0,0,0,0,0,0,0,0,0,0,0,1,1,0,0,0,0,0,0,0,0,0,0,0,0,0,0,0,0,0,0,0,0,0,0,0,"Colonial Heights city, Virginia",51,570
4951,4904,4224,625,13,34,1,7,47,45,6,13,8,1,8,5,0,0,0,0,0,0,1,3,0,2,0,0,0,0,1,0,0,1,0,0,0,0,0,0,0,0,0,0,0,0,0,0,0,0,0,0,0,0,0,0,0,0,0,0,0,0,0,0,0,0,0,0,0,0,0,"Covington city, Virginia",51,580
3889,3876,3851,3,8,7,0,7,13,12,0,10,1,0,1,0,0,0,0,0,0,0,0,0,0,0,0,0,0,0,0,0,0,0,0,0,0,0,0,0,0,0,0,0,0,0,1,0,0,0,0,0,0,1,0,0,0,0,0,0,0,0,0,0,0,0,0,0,0,0,0,"Craig County, Virginia",51,045
25449,25234,20091,4620,75,180,4,264,215,190,29,71,26,1,16,10,1,1,3,2,0,22,5,3,0,22,13,1,1,1,1,0,0,0,1,0,0,0,3,1,0,0,0,0,0,0,3,1,0,2,0,0,0,0,0,0,0,0,0,0,0,0,0,0,0,0,0,0,0,0,0,"Culpeper County, Virginia",51,047
6786,6736,4206,2450,14,27,0,39,50,46,4,25,4,0,6,2,0,0,0,0,0,4,1,0,0,4,2,0,0,1,0,0,0,0,0,0,0,0,0,0,0,0,0,0,0,1,0,0,0,0,0,0,0,0,0,0,0,0,0,0,0,0,0,0,0,0,0,0,0,0,0,"Cumberland County, Virginia",51,049
37139,36940,21940,14585,60,216,11,128,199,171,19,53,15,0,46,15,5,1,8,0,0,1,2,5,1,22,10,1,2,2,1,3,1,0,0,0,0,0,0,1,1,0,0,0,0,0,6,0,0,0,0,0,0,3,1,0,1,0,0,0,1,0,0,0,0,0,0,0,0,0,0,"Danville city, Virginia",51,590
12776,12729,12658,40,16,9,0,6,47,44,1,28,5,0,7,0,0,0,0,2,0,0,0,1,0,3,0,0,0,0,0,0,0,2,1,0,0,0,0,0,0,0,0,0,0,0,0,0,0,0,0,0,0,0,0,0,0,0,0,0,0,0,0,0,0,0,0,0,0,0,0,"Dickenson County, Virginia",51,051
18648,18537,12117,6251,40,64,10,55,111,105,10,40,17,7,6,19,4,0,0,0,0,0,2,0,0,5,1,0,0,0,3,0,0,1,0,0,0,0,0,0,0,0,0,0,0,0,1,0,0,0,0,0,0,1,0,0,0,0,0,0,0,0,0,0,0,0,0,0,0,0,0,"Dinwiddie County, Virginia",51,053
4240,4223,1979,2199,4,24,3,14,17,15,0,6,3,0,0,4,0,0,1,0,0,1,0,0,0,2,1,0,0,0,0,0,0,0,0,0,0,0,0,0,0,1,0,0,0,0,0,0,0,0,0,0,0,0,0,0,0,0,0,0,0,0,0,0,0,0,0,0,0,0,0,"Emporia city, Virginia",51,595
7698,7637,4659,2846,45,62,2,23,61,57,10,19,2,0,6,18,0,0,1,0,0,1,0,0,0,2,2,0,0,0,0,0,0,0,0,0,0,0,0,0,0,0,0,0,0,0,2,2,0,0,0,0,0,0,0,0,0,0,0,0,0,0,0,0,0,0,0,0,0,0,0,"Essex County, Virginia",51,057
723485,702214,516114,59118,1824,94183,502,30473,21271,20390,944,1423,5134,178,8483,396,342,32,1200,276,9,182,376,1365,50,798,284,46,1,66,32,4,60,59,151,11,13,0,23,5,20,2,8,3,0,10,56,39,0,7,1,4,0,1,1,0,1,2,0,0,0,0,24,17,3,0,1,0,3,3,3,"Fairfax County, Virginia",51,059
17082,16635,12775,794,52,2067,13,934,447,432,20,42,102,1,171,11,3,0,34,1,0,4,10,31,2,13,5,0,0,3,2,0,1,0,1,0,0,0,0,0,0,0,1,0,0,0,2,0,0,2,0,0,0,0,0,0,0,0,0,0,0,0,0,0,0,0,0,0,0,0,0,"Fairfax city, Virginia",51,600
7947,7820,6805,262,21,542,5,185,127,123,6,28,35,3,29,2,2,0,4,1,0,0,7,6,0,4,3,1,0,0,0,0,0,0,0,0,0,0,0,0,0,0,0,0,0,0,0,0,0,0,0,0,0,0,0,0,0,0,0,0,0,0,0,0,0,0,0,0,0,0,0,"Falls Church city, Virginia",51,610
40344,39972,35688,3685,108,257,16,218,372,339,45,116,55,11,71,19,5,0,9,1,1,0,3,3,0,32,27,0,0,3,0,1,0,1,0,0,0,0,0,0,0,0,0,0,0,0,0,0,0,0,0,0,0,0,0,0,0,0,0,0,0,0,1,1,0,0,0,0,0,0,0,"Fauquier County, Virginia",51,061
10794,10731,10451,220,9,11,1,39,63,58,5,35,6,1,5,1,0,0,2,0,0,0,0,3,0,5,4,0,0,0,0,0,1,0,0,0,0,0,0,0,0,0,0,0,0,0,0,0,0,0,0,0,0,0,0,0,0,0,0,0,0,0,0,0,0,0,0,0,0,0,0,"Floyd County, Virginia",51,063
15325,15235,12267,2843,26,57,6,36,90,81,13,39,9,0,8,3,0,0,2,0,0,2,4,1,0,8,4,1,0,0,0,1,2,0,0,0,0,0,0,0,0,0,0,0,0,0,1,1,0,0,0,0,0,0,0,0,0,0,0,0,0,0,0,0,0,0,0,0,0,0,0,"Fluvanna County, Virginia",51,065
36786,36608,33005,3289,69,118,7,120,178,155,28,67,16,3,21,9,2,1,5,0,0,0,2,1,0,20,7,1,0,1,2,0,0,1,0,0,2,0,0,0,6,0,0,0,0,0,1,1,0,0,0,0,0,0,0,0,0,0,0,0,0,0,2,2,0,0,0,0,0,0,0,"Franklin County, Virginia",51,067
6247,6197,3091,3045,10,42,1,8,50,48,7,12,5,0,14,4,0,0,4,0,0,0,2,0,0,1,0,0,0,0,0,0,0,0,0,0,0,0,1,0,0,0,0,0,0,0,1,0,0,0,0,0,0,0,0,0,1,0,0,0,0,0,0,0,0,0,0,0,0,0,0,"Franklin city, Virginia",51,620
43606,43320,41689,1092,69,279,8,183,286,271,26,127,30,3,46,6,3,4,8,1,0,6,2,9,0,11,5,1,0,0,3,0,0,0,0,1,0,0,1,0,0,0,0,0,0,0,0,0,0,0,0,0,0,0,0,0,0,0,0,0,0,0,4,4,0,0,0,0,0,0,0,"Frederick County, Virginia",51,069
15851,15625,12211,2759,53,236,6,360,226,212,34,41,50,2,44,13,3,1,13,0,1,2,1,3,4,13,7,0,0,3,0,0,1,1,0,0,0,0,1,0,0,0,0,0,0,0,1,1,0,0,0,0,0,0,0,0,0,0,0,0,0,0,0,0,0,0,0,0,0,0,0,"Fredericksburg city, Virginia",51,630
5265,5236,4684,269,15,36,1,231,29,27,0,15,1,0,9,1,0,0,1,0,0,0,0,0,0,2,2,0,0,0,0,0,0,0,0,0,0,0,0,0,0,0,0,0,0,0,0,0,0,0,0,0,0,0,0,0,0,0,0,0,0,0,0,0,0,0,0,0,0,0,0,"Galax city, Virginia",51,640
12989,12934,12666,215,16,27,0,10,55,50,5,21,9,2,11,2,0,0,0,0,0,0,0,0,0,4,2,0,0,0,0,0,0,2,0,0,0,0,0,0,0,0,0,0,0,0,1,0,0,0,0,0,0,0,0,0,1,0,0,0,0,0,0,0,0,0,0,0,0,0,0,"Giles County, Virginia",51,071
25664,25392,22372,2632,111,182,14,81,272,253,24,120,55,6,23,5,3,0,7,3,0,1,4,2,0,19,14,0,0,0,2,0,0,1,2,0,0,0,0,0,0,0,0,0,0,0,0,0,0,0,0,0,0,0,0,0,0,0,0,0,0,0,0,0,0,0,0,0,0,0,0,"Gloucester County, Virginia",51,073
13276,13198,9653,3442,26,59,2,16,78,71,10,28,9,0,10,11,1,0,1,0,0,0,1,0,0,7,6,0,0,0,0,0,0,1,0,0,0,0,0,0,0,0,0,0,0,0,0,0,0,0,0,0,0,0,0,0,0,0,0,0,0,0,0,0,0,0,0,0,0,0,0,"Goochland County, Virginia",51,075
14420,14350,13121,1117,21,11,3,77,70,68,1,53,6,1,5,0,1,0,0,0,0,0,0,0,1,1,0,0,0,0,0,1,0,0,0,0,0,0,0,0,0,0,0,0,0,0,1,0,0,0,0,0,0,0,0,0,0,0,0,0,1,0,0,0,0,0,0,0,0,0,0,"Grayson County, Virginia",51,077
11070,10988,10193,664,22,56,3,50,82,79,11,32,5,1,18,8,0,0,1,0,0,0,0,3,0,2,2,0,0,0,0,0,0,0,0,0,0,0,0,0,0,0,0,0,0,0,1,0,0,1,0,0,0,0,0,0,0,0,0,0,0,0,0,0,0,0,0,0,0,0,0,"Greene County, Virginia",51,079
9453,9433,3755,5591,7,34,2,44,20,19,2,4,3,0,2,3,1,0,2,0,0,0,0,2,0,1,1,0,0,0,0,0,0,0,0,0,0,0,0,0,0,0,0,0,0,0,0,0,0,0,0,0,0,0,0,0,0,0,0,0,0,0,0,0,0,0,0,0,0,0,0,"Greensville County, Virginia",51,081
28620,28455,17794,10427,65,77,0,92,165,149,30,43,11,1,16,30,3,0,6,1,0,8,0,0,0,12,9,0,0,0,0,0,0,0,0,0,1,1,0,1,0,0,0,0,0,0,1,1,0,0,0,0,0,0,0,0,0,0,0,0,0,0,3,3,0,0,0,0,0,0,0,"Halifax County, Virginia",51,083
110940,108982,57839,47414,453,2138,100,1038,1958,1744,214,308,245,29,242,276,131,30,165,9,4,5,30,47,9,194,116,11,0,9,6,1,12,8,13,0,7,0,4,5,0,2,0,0,0,0,17,7,2,4,0,1,0,1,0,0,2,0,0,0,0,0,3,3,0,0,0,0,0,0,0,"Hampton city, Virginia",51,650
62957,62585,55813,5893,214,487,3,175,372,333,31,129,63,4,45,19,4,0,13,2,0,5,5,13,0,29,14,0,0,1,3,0,3,1,2,0,0,0,0,4,1,0,0,0,0,0,8,2,0,6,0,0,0,0,0,0,0,0,0,0,0,0,2,2,0,0,0,0,0,0,0,"Hanover County, Virginia",51,085
34231,33559,29629,1875,65,1058,9,923,672,645,73,59,207,7,192,21,8,3,28,4,0,2,15,25,1,20,7,1,0,2,0,0,0,1,7,0,1,0,0,0,1,0,0,0,0,0,6,0,0,0,0,4,0,2,0,0,0,0,0,0,0,0,1,0,1,0,0,0,0,0,0,"Harrisonburg city, Virginia",51,660
197598,195505,140623,45211,703,7168,59,1741,2093,1934,185,385,306,23,477,169,65,7,146,31,2,26,27,84,1,140,79,4,1,17,5,0,8,10,6,0,3,0,1,2,2,1,1,0,0,0,10,1,0,0,1,1,0,1,0,0,1,1,0,0,4,0,9,5,0,0,0,0,4,0,0,"Henrico County, Virginia",51,087
45007,44727,34292,9652,66,160,13,544,280,253,31,76,14,0,82,20,10,0,7,2,0,9,0,1,1,23,17,1,0,1,0,0,1,2,0,0,0,0,0,0,1,0,0,0,0,0,1,1,0,0,0,0,0,0,0,0,0,0,0,0,0,0,3,1,0,0,0,2,0,0,0,"Henry County, Virginia",51,089
2032,2029,2022,1,3,2,0,1,3,3,1,2,0,0,0,0,0,0,0,0,0,0,0,0,0,0,0,0,0,0,0,0,0,0,0,0,0,0,0,0,0,0,0,0,0,0,0,0,0,0,0,0,0,0,0,0,0,0,0,0,0,0,0,0,0,0,0,0,0,0,0,"Highland County, Virginia",51,091
16389,16167,10989,4774,65,158,10,171,222,203,21,62,37,2,30,17,2,1,18,1,0,0,4,7,1,17,10,2,0,0,0,0,1,3,1,0,0,0,0,0,0,0,0,0,0,0,0,0,0,0,0,0,0,0,0,0,0,0,0,0,0,0,2,2,0,0,0,0,0,0,0,"Hopewell city, Virginia",51,670
22184,22043,15950,5899,63,75,6,50,141,128,16,53,13,1,13,16,2,1,8,1,0,1,1,1,1,11,7,0,0,1,2,0,1,0,0,0,0,0,0,0,0,0,0,0,0,0,2,1,0,0,0,0,0,0,0,0,0,0,0,0,1,0,0,0,0,0,0,0,0,0,0,"Isle of Wight County, Virginia",51,093
36889,36550,30820,4960,93,531,14,132,339,314,27,90,70,11,39,32,11,1,17,1,0,0,6,9,0,20,11,1,1,0,0,0,4,2,0,0,0,0,0,1,0,0,0,0,0,0,3,1,0,0,0,0,0,2,0,0,0,0,0,0,0,0,2,2,0,0,0,0,0,0,0,"James City County, Virginia",51,095
12132,12001,9558,2198,54,135,9,47,131,122,12,56,17,0,15,10,4,1,4,0,0,0,2,1,0,8,3,0,0,1,0,0,0,2,0,1,0,0,0,0,1,0,0,0,0,0,1,1,0,0,0,0,0,0,0,0,0,0,0,0,0,0,0,0,0,0,0,0,0,0,0,"King George County, Virginia",51,099
9713,9652,7209,2226,156,34,0,27,61,52,4,29,3,0,3,9,1,0,0,0,0,0,2,0,1,9,9,0,0,0,0,0,0,0,0,0,0,0,0,0,0,0,0,0,0,0,0,0,0,0,0,0,0,0,0,0,0,0,0,0,0,0,0,0,0,0,0,0,0,0,0,"King William County, Virginia",51,101
5123,5079,3197,1794,68,14,1,5,44,38,3,14,3,0,3,12,0,0,2,0,0,0,1,0,0,6,5,0,0,0,0,0,0,1,0,0,0,0,0,0,0,0,0,0,0,0,0,0,0,0,0,0,0,0,0,0,0,0,0,0,0,0,0,0,0,0,0,0,0,0,0,"King and Queen County, Virginia",51,097
9375,9337,6889,2392,15,28,5,8,38,36,2,16,5,1,5,7,0,0,0,0,0,0,0,0,0,2,2,0,0,0,0,0,0,0,0,0,0,0,0,0,0,0,0,0,0,0,0,0,0,0,0,0,0,0,0,0,0,0,0,0,0,0,0,0,0,0,0,0,0,0,0,"Lancaster County, Virginia",51,103
18217,18100,17951,72,33,33,1,10,117,109,3,85,11,2,3,1,0,0,0,0,0,0,0,4,0,4,0,0,0,0,1,0,3,0,0,0,0,0,0,0,0,0,0,0,0,0,4,2,0,0,0,0,0,0,0,0,2,0,0,0,0,0,0,0,0,0,0,0,0,0,0,"Lee County, Virginia",51,105
6112,6060,5293,596,16,124,1,30,52,45,7,6,15,3,6,3,0,0,1,0,1,0,1,2,0,7,3,1,0,0,0,0,0,1,1,0,1,0,0,0,0,0,0,0,0,0,0,0,0,0,0,0,0,0,0,0,0,0,0,0,0,0,0,0,0,0,0,0,0,0,0,"Lexington city, Virginia",51,678
119044,116959,99408,8168,262,6516,75,2530,2085,1959,165,246,452,17,715,53,33,3,83,23,1,9,40,106,13,110,48,8,0,4,11,0,8,17,10,0,1,0,2,1,0,0,0,0,0,0,13,8,0,2,3,0,0,0,0,0,0,0,0,0,0,0,3,3,0,0,0,0,0,0,0,"Loudoun County, Virginia",51,107
19372,19232,14969,4109,70,50,2,32,140,122,13,47,11,1,13,27,1,0,8,0,0,0,1,0,0,18,14,1,0,1,0,0,1,1,0,0,0,0,0,0,0,0,0,0,0,0,0,0,0,0,0,0,0,0,0,0,0,0,0,0,0,0,0,0,0,0,0,0,0,0,0,"Louisa County, Virginia",51,109
10343,10252,6196,3933,19,20,6,78,91,86,11,24,7,3,16,12,5,1,4,0,0,1,2,0,0,5,2,0,0,0,0,0,1,1,1,0,0,0,0,0,0,0,0,0,0,0,0,0,0,0,0,0,0,0,0,0,0,0,0,0,0,0,0,0,0,0,0,0,0,0,0,"Lunenburg County, Virginia",51,111
50812,50321,35686,13532,139,674,19,271,491,422,76,95,48,5,79,55,9,7,21,5,0,4,7,11,0,62,36,2,0,3,1,0,1,4,2,0,0,0,3,7,1,2,0,0,0,0,6,2,1,2,1,0,0,0,0,0,0,0,0,0,0,0,1,1,0,0,0,0,0,0,0,"Lynchburg city, Virginia",51,680
9503,9453,8291,1081,14,48,2,17,50,42,6,14,6,0,8,6,1,0,0,0,0,0,1,0,0,6,5,0,0,0,1,0,0,0,0,0,0,0,0,0,0,0,0,0,0,0,0,0,0,0,0,0,0,0,0,0,0,0,0,0,0,0,2,2,0,0,0,0,0,0,0,"Madison County, Virginia",51,113
7099,6911,5299,746,25,300,5,536,188,179,6,30,37,1,80,7,1,0,8,0,0,0,1,6,2,9,2,0,0,2,0,0,0,4,0,0,0,0,0,0,0,0,0,0,0,1,0,0,0,0,0,0,0,0,0,0,0,0,0,0,0,0,0,0,0,0,0,0,0,0,0,"Manassas Park city, Virginia",51,685
24748,24124,18276,3081,91,869,18,1789,624,594,46,61,68,1,304,26,8,3,26,2,0,19,10,17,3,28,11,2,0,6,0,0,1,2,3,1,0,1,0,0,1,0,0,0,0,0,0,0,0,0,0,0,0,0,0,0,0,0,0,0,0,0,2,2,0,0,0,0,0,0,0,"Manassas city, Virginia",51,683
11938,11867,7085,4651,11,55,0,65,71,66,11,25,3,1,12,6,1,0,4,1,0,0,2,0,0,4,3,0,0,1,0,0,0,0,0,0,0,0,0,0,0,0,0,0,0,0,0,0,0,0,0,0,0,0,0,0,0,0,0,0,0,0,1,0,1,0,0,0,0,0,0,"Martinsville city, Virginia",51,690
7376,7330,6493,791,11,12,0,23,46,43,4,17,7,0,8,4,0,2,0,0,0,0,0,1,0,3,1,0,0,0,0,0,0,1,0,0,1,0,0,0,0,0,0,0,0,0,0,0,0,0,0,0,0,0,0,0,0,0,0,0,0,0,0,0,0,0,0,0,0,0,0,"Mathews County, Virginia",51,115
25396,25270,15558,9482,50,78,4,98,126,116,14,38,13,2,17,18,3,0,7,0,0,4,0,0,0,10,6,0,0,0,1,0,2,0,0,0,0,0,0,1,0,0,0,0,0,0,0,0,0,0,0,0,0,0,0,0,0,0,0,0,0,0,0,0,0,0,0,0,0,0,0,"Mecklenburg County, Virginia",51,117
8023,7991,6370,1563,18,12,0,28,32,31,2,15,1,0,2,7,2,0,2,0,0,0,0,0,0,1,1,0,0,0,0,0,0,0,0,0,0,0,0,0,0,0,0,0,0,0,0,0,0,0,0,0,0,0,0,0,0,0,0,0,0,0,0,0,0,0,0,0,0,0,0,"Middlesex County, Virginia",51,119
69289,68352,62373,2480,119,2930,27,423,937,882,63,157,229,17,242,30,23,1,17,5,0,1,21,76,0,47,12,7,0,2,6,0,5,9,4,0,2,0,0,0,0,0,0,0,0,0,7,6,0,1,0,0,0,0,0,0,0,0,0,0,0,0,1,1,0,0,0,0,0,0,0,"Montgomery County, Virginia",51,121
11312,11196,9440,1644,20,26,8,58,116,89,13,33,5,2,8,13,2,2,3,5,0,2,0,1,0,27,23,0,0,2,0,0,0,0,1,0,0,0,1,0,0,0,0,0,0,0,0,0,0,0,0,0,0,0,0,0,0,0,0,0,0,0,0,0,0,0,0,0,0,0,0,"Nelson County, Virginia",51,125
10099,10010,8112,1677,125,50,2,44,89,83,8,34,10,0,18,7,2,0,2,0,0,1,0,1,0,6,5,0,0,0,0,0,1,0,0,0,0,0,0,0,0,0,0,0,0,0,0,0,0,0,0,0,0,0,0,0,0,0,0,0,0,0,0,0,0,0,0,0,0,0,0,"New Kent County, Virginia",51,127
130625,128105,74992,46994,562,3327,139,2091,2520,2306,260,338,353,34,433,336,140,21,210,15,3,15,55,81,12,196,108,7,0,21,10,0,5,11,9,2,8,1,7,4,1,0,0,2,0,0,12,2,0,3,0,1,0,1,3,0,0,0,0,0,2,0,6,5,1,0,0,0,0,0,0,"Newport News city, Virginia",51,700
178051,174803,93037,72307,881,5394,201,2983,3248,2975,307,564,461,41,552,331,138,21,240,29,7,25,114,134,11,241,100,10,3,26,13,2,12,16,20,1,8,5,4,4,6,4,2,1,1,3,29,10,1,3,3,2,0,5,0,0,2,1,0,0,2,0,3,3,0,0,0,0,0,0,0,"Norfolk city, Virginia",51,710
10045,9960,5652,4089,19,21,2,177,85,83,7,16,1,1,37,9,2,2,4,0,0,0,2,2,0,2,1,0,0,0,0,0,0,0,0,0,0,0,1,0,0,0,0,0,0,0,0,0,0,0,0,0,0,0,0,0,0,0,0,0,0,0,0,0,0,0,0,0,0,0,0,"Northampton County, Virginia",51,131
9973,9941,7539,2340,15,23,0,24,32,30,8,12,0,0,0,8,0,0,1,0,0,0,1,0,0,2,2,0,0,0,0,0,0,0,0,0,0,0,0,0,0,0,0,0,0,0,0,0,0,0,0,0,0,0,0,0,0,0,0,0,0,0,0,0,0,0,0,0,0,0,0,"Northumberland County, Virginia",51,133
3054,3037,2838,161,0,30,4,4,17,17,2,9,3,0,2,1,0,0,0,0,0,0,0,0,0,0,0,0,0,0,0,0,0,0,0,0,0,0,0,0,0,0,0,0,0,0,0,0,0,0,0,0,0,0,0,0,0,0,0,0,0,0,0,0,0,0,0,0,0,0,0,"Norton city, Virginia",51,720
12127,12076,6999,4891,18,47,3,118,51,46,5,18,5,0,5,7,1,0,3,0,0,0,1,0,1,5,1,0,0,0,0,0,0,0,0,0,0,0,0,2,2,0,0,0,0,0,0,0,0,0,0,0,0,0,0,0,0,0,0,0,0,0,0,0,0,0,0,0,0,0,0,"Nottoway County, Virginia",51,135
19926,19810,17020,2624,42,65,4,55,116,104,11,51,11,0,21,3,1,1,3,0,0,1,1,0,0,11,8,0,0,0,0,0,0,1,0,0,0,0,0,2,0,0,0,0,0,0,0,0,0,0,0,0,0,0,0,0,0,0,0,0,0,0,1,1,0,0,0,0,0,0,0,"Orange County, Virginia",51,137
17854,17755,17257,358,29,42,3,66,99,94,6,54,11,0,20,0,0,0,2,1,0,0,0,0,0,5,2,0,0,0,0,0,0,1,2,0,0,0,0,0,0,0,0,0,0,0,0,0,0,0,0,0,0,0,0,0,0,0,0,0,0,0,0,0,0,0,0,0,0,0,0,"Page County, Virginia",51,139
15189,15112,14029,911,28,25,6,113,77,69,6,30,8,0,19,1,0,0,1,1,0,2,1,0,0,8,7,0,0,0,0,0,0,1,0,0,0,0,0,0,0,0,0,0,0,0,0,0,0,0,0,0,0,0,0,0,0,0,0,0,0,0,0,0,0,0,0,0,0,0,0,"Patrick County, Virginia",51,141
25256,25053,5541,19137,55,203,9,108,203,192,29,29,20,1,23,42,17,6,15,2,0,0,4,4,0,9,7,0,0,0,0,0,0,0,2,0,0,0,0,0,0,0,0,0,0,0,2,2,0,0,0,0,0,0,0,0,0,0,0,0,0,0,0,0,0,0,0,0,0,0,0,"Petersburg city, Virginia",51,730
47515,47317,36166,10842,73,94,2,140,198,180,20,63,18,1,29,24,7,1,12,0,0,1,3,1,0,18,7,0,1,1,0,0,5,1,1,0,0,0,2,0,0,0,0,0,0,0,0,0,0,0,0,0,0,0,0,0,0,0,0,0,0,0,0,0,0,0,0,0,0,0,0,"Pittsylvania County, Virginia",51,143
8464,8400,8167,55,24,137,2,15,64,61,3,29,11,3,9,1,0,0,0,1,0,3,1,0,0,3,2,1,0,0,0,0,0,0,0,0,0,0,0,0,0,0,0,0,0,0,0,0,0,0,0,0,0,0,0,0,0,0,0,0,0,0,0,0,0,0,0,0,0,0,0,"Poquoson city, Virginia",51,735
74711,73766,36815,35495,367,629,52,408,945,877,106,220,112,31,93,145,45,8,65,5,0,5,27,12,3,63,42,2,0,6,4,1,0,2,1,0,3,0,1,0,1,0,0,0,0,0,5,2,0,2,1,0,0,0,0,0,0,0,0,0,0,0,0,0,0,0,0,0,0,0,0,"Portsmouth city, Virginia",51,740
17008,16907,13643,3151,33,38,1,41,101,94,7,34,10,3,20,7,1,1,5,0,0,3,1,1,1,7,5,0,0,0,0,0,0,0,0,0,2,0,0,0,0,0,0,0,0,0,0,0,0,0,0,0,0,0,0,0,0,0,0,0,0,0,0,0,0,0,0,0,0,0,0,"Powhatan County, Virginia",51,145
15728,15602,10343,5096,23,84,18,38,126,115,30,27,21,0,10,12,6,3,1,0,0,4,0,1,0,7,4,0,0,0,1,0,0,2,0,0,0,0,0,0,0,0,0,0,0,0,2,0,0,0,0,0,0,0,0,0,2,0,0,0,0,0,1,1,0,0,0,0,0,1,1,"Prince Edward County, Virginia",51,147
24742,24358,15260,7891,115,477,41,574,384,358,36,62,51,5,76,20,13,6,45,4,0,6,18,12,4,24,7,0,0,4,1,0,2,0,1,1,1,0,0,1,1,0,0,3,1,1,2,1,0,1,0,0,0,0,0,0,0,0,0,0,0,0,0,0,0,0,0,0,0,0,0,"Prince George County, Virginia",51,149
195364,190387,139443,34094,805,7923,274,7848,4977,4647,382,569,849,58,1649,248,98,25,345,22,2,60,83,237,20,310,146,15,0,36,11,6,15,25,20,9,6,1,7,2,5,3,0,1,1,1,19,14,0,3,0,1,0,1,0,0,0,0,0,0,0,0,1,1,0,0,0,0,0,0,0,"Prince William County, Virginia",51,153
27888,27693,25931,1531,43,80,9,99,195,183,5,98,18,0,46,10,1,0,0,1,0,4,0,0,0,11,7,0,0,2,0,0,2,0,0,0,0,0,0,0,0,0,0,0,0,0,1,0,0,1,0,0,0,0,0,0,0,0,0,0,0,0,0,0,0,0,0,0,0,0,0,"Pulaski County, Virginia",51,155
13810,13639,12307,1039,35,194,4,60,171,159,25,32,30,1,30,4,2,0,9,4,0,0,5,15,2,12,6,1,0,2,1,0,0,0,0,0,2,0,0,0,0,0,0,0,0,0,0,0,0,0,0,0,0,0,0,0,0,0,0,0,0,0,0,0,0,0,0,0,0,0,0,"Radford city, Virginia",51,750
5424,5376,5015,314,10,15,0,22,48,43,8,24,8,0,0,1,0,0,2,0,0,0,0,0,0,5,3,0,0,2,0,0,0,0,0,0,0,0,0,0,0,0,0,0,0,0,0,0,0,0,0,0,0,0,0,0,0,0,0,0,0,0,0,0,0,0,0,0,0,0,0,"Rappahannock County, Virginia",51,157
7192,7163,4650,2431,8,23,5,46,29,27,1,7,5,2,6,6,0,0,0,0,0,0,0,0,0,2,0,0,0,0,0,0,0,0,0,1,1,0,0,0,0,0,0,0,0,0,0,0,0,0,0,0,0,0,0,0,0,0,0,0,0,0,0,0,0,0,0,0,0,0,0,"Richmond County, Virginia",51,159
154612,152667,67614,80054,406,2204,131,2258,1945,1741,249,221,194,16,273,290,62,18,227,12,1,8,64,54,52,188,105,5,3,25,5,1,3,4,7,1,6,0,8,5,9,1,0,0,0,0,11,7,0,1,0,1,0,1,0,0,0,0,1,0,0,0,5,5,0,0,0,0,0,0,0,"Richmond city, Virginia",51,760
66278,65830,62442,2146,75,956,11,200,448,429,33,166,73,1,106,9,3,1,16,3,1,5,4,8,0,16,6,0,0,0,3,0,1,4,1,0,0,0,0,0,1,0,0,0,0,0,3,3,0,0,0,0,0,0,0,0,0,0,0,0,0,0,0,0,0,0,0,0,0,0,0,"Roanoke County, Virginia",51,161
73454,72517,53583,17564,155,793,16,406,937,877,119,244,79,12,195,63,19,4,95,5,0,12,3,23,4,59,34,2,0,4,3,0,6,2,2,0,1,0,2,3,0,0,0,0,0,0,1,0,0,0,0,0,0,1,0,0,0,0,0,0,0,0,0,0,0,0,0,0,0,0,0,"Roanoke city, Virginia",51,770
16179,16095,15510,463,42,67,1,12,84,79,1,50,11,1,10,3,0,0,1,0,0,0,1,1,0,5,5,0,0,0,0,0,0,0,0,0,0,0,0,0,0,0,0,0,0,0,0,0,0,0,0,0,0,0,0,0,0,0,0,0,0,0,0,0,0,0,0,0,0,0,0,"Rockbridge County, Virginia",51,163
51046,50761,49547,663,58,135,6,352,285,277,24,90,34,6,98,3,5,5,9,1,0,0,1,1,0,7,1,0,0,2,1,0,0,2,1,0,0,0,0,0,0,0,0,0,0,0,0,0,0,0,0,0,0,0,0,0,0,0,0,0,0,0,1,1,0,0,0,0,0,0,0,"Rockingham County, Virginia",51,165
23887,23809,22820,889,27,10,1,62,78,72,1,46,7,4,11,2,0,0,0,0,0,1,0,0,0,6,3,0,0,2,1,0,0,0,0,0,0,0,0,0,0,0,0,0,0,0,0,0,0,0,0,0,0,0,0,0,0,0,0,0,0,0,0,0,0,0,0,0,0,0,0,"Russell County, Virginia",51,167
19585,19470,18157,1067,25,181,4,36,115,103,7,44,11,2,25,4,0,0,5,0,0,3,0,2,0,11,5,0,0,2,0,0,0,3,0,1,0,0,0,0,0,0,0,0,0,0,1,1,0,0,0,0,0,0,0,0,0,0,0,0,0,0,0,0,0,0,0,0,0,0,0,"Salem city, Virginia",51,775
18573,18487,18320,102,27,11,2,25,86,78,3,63,4,1,3,1,0,0,0,0,0,3,0,0,0,4,0,1,0,2,0,0,0,0,0,0,0,0,0,0,1,0,0,0,0,0,4,0,0,0,0,0,0,0,1,0,3,0,0,0,0,0,0,0,0,0,0,0,0,0,0,"Scott County, Virginia",51,169
27264,27100,26236,320,42,88,6,408,164,159,13,85,19,4,28,4,2,0,1,1,0,0,0,2,0,5,1,0,0,0,1,0,1,2,0,0,0,0,0,0,0,0,0,0,0,0,0,0,0,0,0,0,0,0,0,0,0,0,0,0,0,0,0,0,0,0,0,0,0,0,0,"Shenandoah County, Virginia",51,171
25934,25808,25166,491,36,47,0,68,126,105,6,70,11,1,9,3,0,0,1,0,0,0,1,3,0,7,3,0,0,1,0,0,2,1,0,0,0,0,0,0,0,0,0,0,0,0,9,0,0,0,2,0,0,2,0,0,5,0,0,0,0,0,5,5,0,0,0,0,0,0,0,"Smyth County, Virginia",51,173
13509,13453,7672,5694,30,27,1,29,56,52,7,21,2,1,4,6,7,1,3,0,0,0,0,0,0,4,1,0,0,0,0,0,0,0,0,0,0,0,0,3,0,0,0,0,0,0,0,0,0,0,0,0,0,0,0,0,0,0,0,0,0,0,0,0,0,0,0,0,0,0,0,"Southampton County, Virginia",51,175
63287,62541,53286,7543,228,907,31,546,746,699,52,240,124,9,115,72,21,4,19,5,0,2,11,24,1,45,25,2,0,3,2,1,4,3,1,0,2,0,1,0,0,0,1,0,0,0,2,1,0,1,0,0,0,0,0,0,0,0,0,0,0,0,0,0,0,0,0,0,0,0,0,"Spotsylvania County, Virginia",51,177
63277,62274,52915,7176,301,1124,65,693,1003,920,91,299,160,20,166,57,29,8,39,4,1,8,22,14,2,73,26,4,0,5,5,3,9,9,7,0,0,0,2,0,1,1,1,0,0,0,6,4,0,0,1,1,0,0,0,0,0,0,0,0,0,0,4,4,0,0,0,0,0,0,0,"Stafford County, Virginia",51,179
19124,18951,16198,2530,45,88,2,88,173,159,21,46,21,2,33,12,6,2,2,3,0,0,10,1,0,14,6,0,0,0,0,0,2,3,1,0,1,0,1,0,0,0,0,0,0,0,0,0,0,0,0,0,0,0,0,0,0,0,0,0,0,0,0,0,0,0,0,0,0,0,0,"Staunton city, Virginia",51,790
45944,45556,25884,19014,147,374,13,124,388,345,35,106,39,1,34,73,13,2,26,1,0,2,4,4,5,42,22,0,0,0,1,0,2,10,1,0,0,0,0,2,2,2,0,0,0,0,1,0,0,0,0,0,0,0,1,0,0,0,0,0,0,0,0,0,0,0,0,0,0,0,0,"Suffolk city, Virginia",51,800
5108,5073,2489,2556,11,5,2,10,35,32,7,10,0,0,4,10,1,0,0,0,0,0,0,0,0,3,3,0,0,0,0,0,0,0,0,0,0,0,0,0,0,0,0,0,0,0,0,0,0,0,0,0,0,0,0,0,0,0,0,0,0,0,0,0,0,0,0,0,0,0,0,"Surry County, Virginia",51,181
10047,9992,3656,6250,13,13,2,58,55,46,6,18,1,2,3,6,6,0,4,0,0,0,0,0,0,8,2,0,0,0,0,0,0,2,0,0,0,0,0,4,0,0,0,0,0,0,0,0,0,0,0,0,0,0,0,0,0,0,0,0,0,0,1,1,0,0,0,0,0,0,0,"Sussex County, Virginia",51,183
35033,34857,33789,779,58,195,0,36,176,167,7,100,16,1,22,3,1,0,0,0,0,2,1,14,0,6,3,0,0,0,0,0,0,2,0,1,0,0,0,0,0,0,0,0,0,0,3,0,0,3,0,0,0,0,0,0,0,0,0,0,0,0,0,0,0,0,0,0,0,0,0,"Tazewell County, Virginia",51,185
308369,302802,227993,53103,1220,15988,315,4183,5567,5087,482,1031,1271,88,893,362,170,27,270,65,6,26,166,210,20,435,175,32,0,40,28,4,23,45,34,3,5,2,8,11,7,5,7,1,1,4,31,9,2,7,0,1,0,4,1,1,1,5,0,0,0,0,14,13,0,0,0,0,1,0,0,"Virginia Beach city, Virginia",51,810
23501,23309,21939,1092,65,106,7,100,192,176,13,86,25,5,30,8,2,0,3,0,0,0,1,3,0,5,3,0,0,0,0,0,0,2,0,0,0,0,0,0,0,0,0,0,0,0,5,0,0,0,0,0,0,4,0,0,1,0,0,0,0,0,6,6,0,0,0,0,0,0,0,"Warren County, Virginia",51,187
40498,40312,39606,517,44,92,10,43,186,173,12,107,20,5,20,4,1,0,1,1,0,1,0,0,1,8,2,0,0,0,1,0,2,3,0,0,0,0,0,0,0,0,0,0,0,0,3,2,0,0,0,0,0,1,0,0,0,0,0,0,0,0,2,2,0,0,0,0,0,0,0,"Washington County, Virginia",51,191
14856,14687,13113,1312,44,83,5,130,169,141,25,51,17,0,27,15,3,0,0,0,0,0,2,0,1,19,12,0,0,1,1,0,2,0,2,1,0,0,0,0,0,0,0,0,0,0,7,0,0,1,0,0,0,0,0,0,6,0,0,0,0,0,1,1,0,0,0,0,0,1,1,"Waynesboro city, Virginia",51,820
12872,12762,8835,3668,36,48,2,173,110,103,9,32,6,0,23,12,4,0,9,1,0,2,0,5,0,6,4,0,0,0,0,1,0,0,0,0,1,0,0,0,0,0,0,0,0,0,1,1,0,0,0,0,0,0,0,0,0,0,0,0,0,0,0,0,0,0,0,0,0,0,0,"Westmoreland County, Virginia",51,193
10850,10723,8884,1214,29,520,7,69,127,117,12,18,45,2,21,4,7,0,1,1,0,1,4,1,0,9,7,1,0,0,0,0,0,1,0,0,0,0,0,0,0,0,0,0,0,0,1,1,0,0,0,0,0,0,0,0,0,0,0,0,0,0,0,0,0,0,0,0,0,0,0,"Williamsburg city, Virginia",51,830
18473,18246,15538,1767,46,306,5,584,227,213,24,76,20,3,45,10,1,1,20,0,0,6,4,3,0,11,6,0,0,2,1,0,0,0,1,0,0,0,0,1,0,0,0,0,0,0,2,1,0,0,0,0,0,1,0,0,0,0,0,0,0,0,1,1,0,0,0,0,0,0,0,"Winchester city, Virginia",51,840
30889,30746,30007,530,48,101,3,57,143,133,14,78,17,2,18,2,0,0,0,0,0,0,2,0,0,8,3,0,0,2,0,0,1,1,1,0,0,0,0,0,0,0,0,0,0,0,0,0,0,0,0,0,0,0,0,0,0,0,0,0,0,0,2,0,2,0,0,0,0,0,0,"Wise County, Virginia",51,195
21569,21488,20739,597,36,75,3,38,81,78,10,39,11,0,12,4,0,0,1,0,0,0,0,0,1,3,1,1,0,0,0,0,1,0,0,0,0,0,0,0,0,0,0,0,0,0,0,0,0,0,0,0,0,0,0,0,0,0,0,0,0,0,0,0,0,0,0,0,0,0,0,"Wythe County, Virginia",51,197
39894,39368,32436,5156,143,1288,50,295,526,493,37,118,121,11,84,56,17,3,10,3,1,5,12,11,4,26,13,0,0,1,1,0,2,5,0,0,1,0,1,2,0,0,0,0,0,0,5,5,0,0,0,0,0,0,0,0,0,0,0,0,0,0,2,2,0,0,0,0,0,0,0,"York County, Virginia",51,199
