NAME,P1_001N,P1_001NA,P1_002N,P1_002NA,P1_003N,P1_003NA,P1_004N,P1_004NA,P1_005N,P1_005NA,P1_006N,P1_006NA,P1_007N,P1_007NA,P1_008N,P1_008NA,P1_009N,P1_009NA,P1_010N,P1_010NA,P1_011N,P1_011NA,P1_012N,P1_012NA,P1_013N,P1_013NA,P1_014N,P1_014NA,P1_015N,P1_015NA,P1_016N,P1_016NA,P1_017N,P1_017NA,P1_018N,P1_018NA,P1_019N,P1_019NA,P1_020N,P1_020NA,P1_021N,P1_021NA,P1_022N,P1_022NA,P1_023N,P1_023NA,P1_024N,P1_024NA,P1_025N,P1_025NA,P1_026N,P1_026NA,P1_027N,P1_027NA,P1_028N,P1_028NA,P1_029N,P1_029NA,P1_030N,P1_030NA,P1_031N,P1_031NA,P1_032N,P1_032NA,P1_033N,P1_033NA,P1_034N,P1_034NA,P1_035N,P1_035NA,P1_036N,P1_036NA,P1_037N,P1_037NA,P1_038N,P1_038NA,P1_039N,P1_039NA,P1_040N,P1_040NA,P1_041N,P1_041NA,P1_042N,P1_042NA,P1_043N,P1_043NA,P1_044N,P1_044NA,P1_045N,P1_045NA,P1_046N,P1_046NA,P1_047N,P1_047NA,P1_048N,P1_048NA,P1_049N,P1_049NA,P1_050N,P1_050NA,P1_051N,P1_051NA,P1_052N,P1_052NA,P1_053N,P1_053NA,P1_054N,P1_054NA,P1_055N,P1_055NA,P1_056N,P1_056NA,P1_057N,P1_057NA,P1_058N,P1_058NA,P1_059N,P1_059NA,P1_060N,P1_060NA,P1_061N,P1_061NA,P1_062N,P1_062NA,P1_063N,P1_063NA,P1_064N,P1_064NA,P1_065N,P1_065NA,P1_066N,P1_066NA,P1_067N,P1_067NA,P1_068N,P1_068NA,P1_069N,P1_069NA,P1_070N,P1_070NA,P1_071N,P1_071NA,state,county
"Accomack County, Virginia",33413,None,31655,None,20261,None,8670,None,297,None,255,None,4,None,2168,None,1758,None,1658,None,328,None,419,None,89,None,12,None,628,None,40,None,18,None,0,None,90,None,0,None,1,None,25,None,2,None,1,None,5,None,85,None,25,None,11,None,1,None,18,None,0,None,4,None,16,None,3,None,0,None,1,None,0,None,3,None,0,None,0,None,3,None,0,None,0,None,0,None,0,None,0,None,9,None,1,None,0,None,7,None,0,None,0,None,0,None,0,None,1,None,0,None,0,None,0,None,0,None,0,None,0,None,0,None,6,None,0,None,5,None,1,None,0,None,0,None,0,None,0,None,0,None,51,001
"Albemarle County, Virginia",112395,None,104478,None,81866,None,9953,None,286,None,8222,None,50,None,4101,None,7917,None,7390,None,1305,None,955,None,1318,None,30,None,3341,None,96,None,42,None,10,None,112,None,10,None,4,None,57,None,41,None,65,None,4,None,480,None,136,None,46,None,9,None,89,None,40,None,6,None,81,None,16,None,28,None,0,None,7,None,0,None,2,None,10,None,3,None,2,None,0,None,2,None,0,None,3,None,40,None,2,None,0,None,26,None,2,None,1,None,0,None,9,None,0,None,0,None,0,None,0,None,0,None,0,None,0,None,0,None,7,None,3,None,3,None,1,None,0,None,0,None,0,None,0,None,0,None,51,003
"Alexandria city, Virginia",159467,None,142290,None,82185,None,31903,None,1004,None,11354,None,94,None,15750,None,17177,None,15992,None,1714,None,1012,None,3073,None,78,None,8535,None,237,None,251,None,18,None,608,None,12,None,4,None,253,None,103,None,79,None,15,None,1018,None,195,None,107,None,6,None,193,None,35,None,0,None,278,None,79,None,79,None,0,None,13,None,2,None,20,None,9,None,0,None,0,None,0,None,0,None,0,None,2,None,164,None,21,None,2,None,128,None,0,None,6,None,0,None,0,None,2,None,3,None,1,None,0,None,0,None,0,None,0,None,1,None,3,None,0,None,3,None,0,None,0,None,0,None,0,None,0,None,0,None,51,510
"Alleghany County, Virginia",15223,None,14647,None,13813,None,681,None,27,None,61,None,7,None,58,None,576,None,535,None,146,None,235,None,15,None,2,None,96,None,8,None,3,None,1,None,17,None,3,None,0,None,0,None,0,None,4,None,5,None,36,None,3,None,4,None,4,None,7,None,3,None,2,None,6,None,0,None,4,None,0,None,0,None,0,None,1,None,1,None,0,None,0,None,0,None,0,None,0,None,1,None,5,None,4,None,0,None,0,None,0,None,0,None,0,None,0,None,1,None,0,None,0,None,0,None,0,None,0,None,0,None,0,None,0,None,0,None,0,None,0,None,0,None,0,None,0,None,0,None,0,None,51,005
"Amelia County, Virginia",13265,None,12633,None,9780,None,2555,None,39,None,65,None,0,None,194,None,632,None,583,None,156,None,194,None,29,None,0,None,174,None,14,None,10,None,0,None,6,None,0,None,0,None,0,None,0,None,0,None,0,None,43,None,21,None,7,None,0,None,0,None,2,None,0,None,4,None,0,None,0,None,0,None,0,None,0,None,0,None,3,None,5,None,0,None,0,None,0,None,1,None,0,None,6,None,3,None,0,None,0,None,0,None,0,None,0,None,0,None,1,None,0,None,0,None,2,None,0,None,0,None,0,None,0,None,0,None,0,None,0,None,0,None,0,None,0,None,0,None,0,None,0,None,51,007
"Amherst County, Virginia",31307,None,29477,None,23190,None,5400,None,251,None,182,None,27,None,427,None,1830,None,1728,None,650,None,563,None,73,None,7,None,307,None,91,None,6,None,0,None,16,None,2,None,5,None,4,None,0,None,3,None,1,None,94,None,61,None,1,None,0,None,14,None,1,None,0,None,11,None,0,None,4,None,0,None,0,None,2,None,0,None,0,None,0,None,0,None,0,None,0,None,0,None,0,None,8,None,0,None,0,None,7,None,0,None,1,None,0,None,0,None,0,None,0,None,0,None,0,None,0,None,0,None,0,None,0,None,0,None,0,None,0,None,0,None,0,None,0,None,0,None,0,None,0,None,51,009
"Appomattox County, Virginia",16119,None,15429,None,12258,None,2894,None,51,None,46,None,7,None,173,None,690,None,618,None,225,None,164,None,31,None,0,None,167,None,19,None,1,None,0,None,7,None,0,None,0,None,0,None,1,None,3,None,0,None,65,None,36,None,0,None,0,None,5,None,0,None,0,None,6,None,5,None,9,None,4,None,0,None,0,None,0,None,0,None,0,None,0,None,0,None,0,None,0,None,0,None,1,None,0,None,1,None,0,None,0,None,0,None,0,None,0,None,0,None,0,None,0,None,0,None,0,None,0,None,0,None,0,None,6,None,0,None,5,None,1,None,0,None,0,None,0,None,0,None,0,None,51,011
"Arlington County, Virginia",238643,None,212765,None,145293,None,20875,None,1565,None,27443,None,141,None,17448,None,25878,None,24223,None,2138,None,1254,None,5580,None,120,None,13412,None,221,None,312,None,16,None,512,None,50,None,1,None,322,None,98,None,171,None,16,None,1485,None,227,None,123,None,0,None,278,None,75,None,5,None,411,None,103,None,204,None,9,None,9,None,3,None,17,None,12,None,9,None,0,None,0,None,0,None,0,None,0,None,164,None,21,None,0,None,113,None,3,None,5,None,0,None,3,None,14,None,0,None,5,None,0,None,0,None,0,None,0,None,0,None,6,None,4,None,2,None,0,None,0,None,0,None,0,None,0,None,0,None,51,013
"Augusta County, Virginia",77487,None,74044,None,69142,None,3116,None,185,None,467,None,31,None,1103,None,3443,None,3262,None,708,None,1128,None,220,None,15,None,1070,None,31,None,9,None,2,None,36,None,0,None,0,None,25,None,11,None,5,None,2,None,164,None,59,None,2,None,2,None,21,None,9,None,0,None,33,None,11,None,10,None,1,None,2,None,0,None,0,None,10,None,4,None,0,None,0,None,0,None,0,None,0,None,17,None,4,None,0,None,11,None,0,None,1,None,0,None,0,None,0,None,1,None,0,None,0,None,0,None,0,None,0,None,0,None,0,None,0,None,0,None,0,None,0,None,0,None,0,None,0,None,0,None,51,015
"Bath County, Virginia",4209,None,4015,None,3855,None,116,None,6,None,17,None,2,None,19,None,194,None,177,None,43,None,73,None,8,None,0,None,33,None,5,None,0,None,0,None,8,None,1,None,0,None,3,None,3,None,0,None,0,None,16,None,1,None,6,None,0,None,2,None,0,None,0,None,0,None,1,None,5,None,0,None,0,None,0,None,0,None,1,None,0,None,0,None,0,None,0,None,0,None,0,None,1,None,1,None,0,None,0,None,0,None,0,None,0,None,0,None,0,None,0,None,0,None,0,None,0,None,0,None,0,None,0,None,0,None,0,None,0,None,0,None,0,None,0,None,0,None,0,None,0,None,51,017
"Bedford County, Virginia",79462,None,75671,None,68743,None,4925,None,211,None,970,None,37,None,785,None,3791,None,3547,None,792,None,1161,None,305,None,9,None,1136,None,54,None,20,None,1,None,38,None,7,None,0,None,17,None,1,None,1,None,5,None,227,None,82,None,15,None,6,None,31,None,15,None,3,None,36,None,17,None,13,None,0,None,6,None,0,None,2,None,0,None,0,None,0,None,0,None,0,None,1,None,0,None,17,None,4,None,0,None,8,None,0,None,0,None,1,None,3,None,0,None,0,None,1,None,0,None,0,None,0,None,0,None,0,None,0,None,0,None,0,None,0,None,0,None,0,None,0,None,0,None,0,None,51,019
"Bland County, Virginia",6270,None,6056,None,5874,None,169,None,0,None,6,None,0,None,7,None,214,None,181,None,32,None,86,None,18,None,0,None,31,None,0,None,6,None,1,None,1,None,0,None,0,None,0,None,0,None,6,None,0,None,20,None,0,None,0,None,4,None,11,None,1,None,0,None,0,None,2,None,1,None,0,None,0,None,0,None,1,None,0,None,0,None,0,None,0,None,0,None,0,None,0,None,13,None,3,None,0,None,0,None,6,None,0,None,1,None,2,None,1,None,0,None,0,None,0,None,0,None,0,None,0,None,0,None,0,None,0,None,0,None,0,None,0,None,0,None,0,None,0,None,0,None,51,021
"Botetourt County, Virginia",33596,None,32265,None,30689,None,918,None,70,None,234,None,3,None,351,None,1331,None,1269,None,227,None,448,None,160,None,0,None,415,None,4,None,2,None,0,None,8,None,0,None,4,None,1,None,0,None,0,None,0,None,55,None,12,None,17,None,4,None,3,None,0,None,0,None,11,None,1,None,0,None,1,None,1,None,0,None,1,None,0,None,2,None,0,None,0,None,2,None,0,None,0,None,3,None,0,None,0,None,1,None,0,None,0,None,0,None,0,None,0,None,0,None,1,None,0,None,0,None,0,None,0,None,1,None,4,None,0,None,4,None,0,None,0,None,0,None,0,None,0,None,0,None,51,023
"Bristol city, Virginia",17219,None,16131,None,14754,None,1051,None,57,None,162,None,4,None,103,None,1088,None,1049,None,350,None,318,None,21,None,5,None,296,None,29,None,4,None,4,None,9,None,0,None,0,None,6,None,0,None,2,None,5,None,33,None,25,None,1,None,0,None,1,None,1,None,0,None,0,None,1,None,1,None,0,None,2,None,0,None,0,None,0,None,0,None,0,None,0,None,1,None,0,None,0,None,6,None,1,None,1,None,3,None,1,None,0,None,0,None,0,None,0,None,0,None,0,None,0,None,0,None,0,None,0,None,0,None,0,None,0,None,0,None,0,None,0,None,0,None,0,None,0,None,0,None,51,520
"Brunswick County, Virginia",15849,None,15446,None,6553,None,8607,None,23,None,44,None,5,None,214,None,403,None,370,None,166,None,66,None,6,None,5,None,54,None,31,None,20,None,0,None,10,None,0,None,0,None,1,None,5,None,5,None,1,None,28,None,3,None,2,None,0,None,11,None,1,None,1,None,0,None,4,None,2,None,0,None,4,None,0,None,0,None,0,None,0,None,0,None,0,None,0,None,0,None,0,None,5,None,0,None,1,None,1,None,2,None,0,None,0,None,1,None,0,None,0,None,0,None,0,None,0,None,0,None,0,None,0,None,0,None,0,None,0,None,0,None,0,None,0,None,0,None,0,None,0,None,51,025
"Buchanan County, Virginia",20355,None,20007,None,19299,None,618,None,15,None,51,None,4,None,20,None,348,None,322,None,42,None,154,None,0,None,3,None,88,None,3,None,0,None,0,None,12,None,0,None,0,None,5,None,13,None,2,None,0,None,18,None,3,None,2,None,1,None,2,None,3,None,0,None,0,None,0,None,0,None,0,None,4,None,1,None,2,None,0,None,0,None,0,None,0,None,0,None,0,None,0,None,0,None,0,None,0,None,0,None,0,None,0,None,0,None,0,None,0,None,0,None,0,None,0,None,0,None,0,None,0,None,0,None,8,None,2,None,6,None,0,None,0,None,0,None,0,None,0,None,0,None,51,027
"Buckingham County, Virginia",16824,None,16179,None,10488,None,5435,None,51,None,59,None,7,None,139,None,645,None,579,None,259,None,164,None,8,None,0,None,109,None,15,None,0,None,0,None,10,None,1,None,0,None,4,None,4,None,0,None,5,None,59,None,25,None,5,None,2,None,3,None,4,None,0,None,5,None,0,None,4,None,2,None,2,None,0,None,0,None,6,None,1,None,0,None,0,None,0,None,0,None,0,None,7,None,0,None,0,None,6,None,0,None,0,None,0,None,1,None,0,None,0,None,0,None,0,None,0,None,0,None,0,None,0,None,0,None,0,None,0,None,0,None,0,None,0,None,0,None,0,None,0,None,51,029
"Buena Vista city, Virginia",6641,None,6194,None,5740,None,289,None,49,None,29,None,24,None,63,None,447,None,407,None,77,None,206,None,16,None,0,None,79,None,15,None,2,None,0,None,4,None,0,None,0,None,3,None,1,None,3,None,1,None,28,None,3,None,0,None,2,None,10,None,6,None,0,None,0,None,0,None,2,None,0,None,0,None,2,None,0,None,2,None,0,None,0,None,0,None,1,None,0,None,0,None,12,None,0,None,0,None,12,None,0,None,0,None,0,None,0,None,0,None,0,None,0,None,0,None,0,None,0,None,0,None,0,None,0,None,0,None,0,None,0,None,0,None,0,None,0,None,0,None,0,None,51,530
"Campbell County, Virginia",55696,None,52891,None,43320,None,7832,None,192,None,604,None,15,None,928,None,2805,None,2651,None,830,None,767,None,198,None,17,None,696,None,75,None,5,None,4,None,46,None,0,None,0,None,8,None,1,None,3,None,1,None,131,None,68,None,22,None,2,None,17,None,2,None,3,None,9,None,0,None,5,None,3,None,0,None,0,None,0,None,0,None,0,None,0,None,0,None,0,None,0,None,0,None,22,None,9,None,0,None,2,None,3,None,0,None,0,None,0,None,3,None,0,None,5,None,0,None,0,None,0,None,0,None,0,None,1,None,0,None,0,None,0,None,0,None,1,None,0,None,0,None,0,None,51,031
"Caroline County, Virginia",30887,None,28485,None,19215,None,7721,None,166,None,296,None,15,None,1072,None,2402,None,2208,None,745,None,485,None,145,None,17,None,571,None,92,None,38,None,6,None,79,None,3,None,0,None,5,None,10,None,9,None,3,None,182,None,88,None,6,None,7,None,22,None,14,None,4,None,5,None,18,None,6,None,0,None,9,None,1,None,0,None,0,None,2,None,0,None,0,None,0,None,0,None,0,None,5,None,0,None,0,None,0,None,2,None,2,None,0,None,1,None,0,None,0,None,0,None,0,None,0,None,0,None,0,None,0,None,3,None,3,None,0,None,0,None,0,None,0,None,0,None,4,None,4,None,51,033
"Carroll County, Virginia",29155,None,28093,None,27255,None,169,None,53,None,80,None,3,None,533,None,1062,None,1030,None,133,None,428,None,33,None,10,None,394,None,4,None,2,None,1,None,12,None,0,None,0,None,5,None,4,None,1,None,3,None,24,None,5,None,2,None,0,None,0,None,1,None,0,None,3,None,9,None,0,None,0,None,0,None,0,None,3,None,0,None,0,None,0,None,0,None,0,None,0,None,1,None,8,None,0,None,0,None,7,None,0,None,0,None,0,None,0,None,0,None,0,None,0,None,0,None,0,None,0,None,1,None,0,None,0,None,0,None,0,None,0,None,0,None,0,None,0,None,0,None,0,None,51,035
"Charles City County, Virginia",6773,None,6431,None,3028,None,2836,None,448,None,38,None,6,None,75,None,342,None,275,None,64,None,106,None,13,None,2,None,35,None,45,None,0,None,3,None,1,None,1,None,0,None,5,None,0,None,0,None,0,None,51,None,34,None,6,None,0,None,2,None,3,None,0,None,3,None,0,None,0,None,0,None,0,None,0,None,0,None,1,None,0,None,0,None,0,None,0,None,0,None,2,None,16,None,2,None,0,None,0,None,3,None,4,None,0,None,6,None,0,None,0,None,1,None,0,None,0,None,0,None,0,None,0,None,0,None,0,None,0,None,0,None,0,None,0,None,0,None,0,None,0,None,51,036
"Charlotte County, Virginia",11529,None,11084,None,7717,None,3140,None,22,None,31,None,6,None,168,None,445,None,403,None,132,None,114,None,24,None,5,None,83,None,11,None,4,None,0,None,21,None,3,None,0,None,6,None,0,None,0,None,0,None,38,None,31,None,1,None,0,None,0,None,0,None,0,None,4,None,0,None,0,None,0,None,0,None,0,None,1,None,0,None,1,None,0,None,0,None,0,None,0,None,0,None,4,None,1,None,0,None,3,None,0,None,0,None,0,None,0,None,0,None,0,None,0,None,0,None,0,None,0,None,0,None,0,None,0,None,0,None,0,None,0,None,0,None,0,None,0,None,0,None,0,None,51,037
"Charlottesville city, Virginia",46553,None,42970,None,30344,None,7122,None,164,None,4083,None,22,None,1235,None,3583,None,3409,None,647,None,308,None,853,None,27,None,1306,None,62,None,45,None,10,None,108,None,0,None,0,None,24,None,7,None,12,None,0,None,132,None,37,None,20,None,1,None,24,None,13,None,2,None,22,None,0,None,4,None,0,None,0,None,1,None,6,None,0,None,2,None,0,None,0,None,0,None,0,None,0,None,34,None,4,None,2,None,15,None,0,None,8,None,0,None,0,None,5,None,0,None,0,None,0,None,0,None,0,None,0,None,0,None,8,None,5,None,3,None,0,None,0,None,0,None,0,None,0,None,0,None,51,540
"Chesapeake city, Virginia",249422,None,229256,None,139573,None,72268,None,1174,None,9057,None,377,None,6807,None,20166,None,18392,None,3451,None,3308,None,3356,None,234,None,5635,None,688,None,500,None,35,None,838,None,22,None,1,None,89,None,140,None,86,None,9,None,1530,None,506,None,201,None,24,None,174,None,112,None,4,None,162,None,104,None,139,None,1,None,5,None,3,None,36,None,48,None,9,None,0,None,0,None,2,None,0,None,0,None,223,None,55,None,3,None,115,None,18,None,8,None,0,None,17,None,0,None,0,None,0,None,0,None,0,None,0,None,7,None,0,None,21,None,5,None,12,None,4,None,0,None,0,None,0,None,0,None,0,None,51,550
"Chesterfield County, Virginia",364548,None,337592,None,216290,None,83107,None,1589,None,13185,None,246,None,23175,None,26956,None,24999,None,4783,None,3538,None,2958,None,157,None,10686,None,824,None,470,None,45,None,1134,None,26,None,0,None,179,None,69,None,103,None,27,None,1775,None,707,None,199,None,8,None,296,None,96,None,5,None,212,None,97,None,69,None,1,None,19,None,5,None,27,None,12,None,13,None,3,None,0,None,0,None,5,None,1,None,153,None,38,None,1,None,101,None,1,None,4,None,0,None,2,None,1,None,0,None,5,None,0,None,0,None,0,None,0,None,0,None,29,None,9,None,20,None,0,None,0,None,0,None,0,None,0,None,0,None,51,041
"Clarke County, Virginia",14783,None,13776,None,12481,None,578,None,51,None,212,None,15,None,439,None,1007,None,930,None,154,None,252,None,91,None,0,None,419,None,5,None,0,None,3,None,0,None,0,None,0,None,5,None,0,None,1,None,0,None,69,None,9,None,5,None,0,None,2,None,15,None,1,None,17,None,4,None,9,None,4,None,0,None,0,None,1,None,0,None,0,None,0,None,0,None,2,None,0,None,0,None,6,None,1,None,0,None,3,None,1,None,0,None,1,None,0,None,0,None,0,None,0,None,0,None,0,None,0,None,0,None,0,None,0,None,0,None,0,None,0,None,0,None,0,None,0,None,2,None,2,None,51,043
"Colonial Heights city, Virginia",18170,None,16743,None,12652,None,2915,None,42,None,579,None,13,None,542,None,1427,None,1295,None,264,None,277,None,152,None,7,None,466,None,41,None,18,None,8,None,45,None,3,None,0,None,2,None,0,None,12,None,0,None,105,None,38,None,9,None,0,None,12,None,7,None,8,None,12,None,5,None,0,None,2,None,0,None,0,None,7,None,5,None,0,None,0,None,0,None,0,None,0,None,0,None,15,None,5,None,2,None,1,None,0,None,3,None,0,None,1,None,0,None,0,None,3,None,0,None,0,None,0,None,0,None,0,None,12,None,2,None,10,None,0,None,0,None,0,None,0,None,0,None,0,None,51,570
"Covington city, Virginia",5737,None,5435,None,4585,None,718,None,23,None,32,None,5,None,72,None,302,None,282,None,122,None,66,None,8,None,11,None,55,None,0,None,0,None,2,None,11,None,0,None,0,None,0,None,0,None,7,None,0,None,19,None,3,None,0,None,2,None,4,None,0,None,0,None,4,None,2,None,0,None,1,None,0,None,0,None,2,None,1,None,0,None,0,None,0,None,0,None,0,None,0,None,1,None,1,None,0,None,0,None,0,None,0,None,0,None,0,None,0,None,0,None,0,None,0,None,0,None,0,None,0,None,0,None,0,None,0,None,0,None,0,None,0,None,0,None,0,None,0,None,0,None,51,580
"Craig County, Virginia",4892,None,4707,None,4653,None,13,None,5,None,11,None,3,None,22,None,185,None,163,None,15,None,104,None,8,None,0,None,30,None,1,None,0,None,0,None,0,None,3,None,0,None,0,None,0,None,0,None,2,None,15,None,0,None,2,None,0,None,0,None,5,None,0,None,1,None,0,None,5,None,0,None,0,None,0,None,0,None,1,None,0,None,0,None,0,None,1,None,0,None,0,None,7,None,0,None,0,None,1,None,0,None,0,None,2,None,0,None,4,None,0,None,0,None,0,None,0,None,0,None,0,None,0,None,0,None,0,None,0,None,0,None,0,None,0,None,0,None,0,None,0,None,51,045
"Culpeper County, Virginia",52552,None,47865,None,36092,None,6567,None,365,None,776,None,23,None,4042,None,4687,None,4372,None,1030,None,688,None,321,None,12,None,1996,None,59,None,28,None,12,None,108,None,1,None,2,None,88,None,21,None,4,None,2,None,291,None,116,None,17,None,8,None,21,None,19,None,6,None,60,None,23,None,16,None,2,None,3,None,0,None,0,None,0,None,0,None,0,None,0,None,0,None,0,None,0,None,22,None,5,None,0,None,7,None,0,None,5,None,0,None,0,None,0,None,0,None,2,None,0,None,0,None,3,None,0,None,0,None,2,None,2,None,0,None,0,None,0,None,0,None,0,None,0,None,0,None,51,047
"Cumberland County, Virginia",9675,None,9214,None,6165,None,2831,None,43,None,38,None,8,None,129,None,461,None,411,None,144,None,132,None,17,None,0,None,77,None,23,None,4,None,0,None,11,None,0,None,0,None,3,None,0,None,0,None,0,None,46,None,24,None,6,None,0,None,3,None,9,None,0,None,0,None,0,None,4,None,0,None,0,None,0,None,0,None,0,None,0,None,0,None,0,None,0,None,0,None,0,None,4,None,0,None,0,None,0,None,0,None,0,None,0,None,1,None,0,None,0,None,3,None,0,None,0,None,0,None,0,None,0,None,0,None,0,None,0,None,0,None,0,None,0,None,0,None,0,None,0,None,51,049
"Danville city, Virginia",42590,None,40966,None,17262,None,21879,None,186,None,514,None,1,None,1124,None,1624,None,1497,None,537,None,273,None,57,None,8,None,389,None,110,None,5,None,0,None,102,None,1,None,1,None,12,None,2,None,0,None,0,None,98,None,61,None,1,None,0,None,4,None,3,None,1,None,10,None,0,None,7,None,1,None,0,None,0,None,0,None,9,None,0,None,1,None,0,None,0,None,0,None,0,None,23,None,8,None,0,None,10,None,1,None,0,None,0,None,2,None,2,None,0,None,0,None,0,None,0,None,0,None,0,None,0,None,6,None,0,None,6,None,0,None,0,None,0,None,0,None,0,None,0,None,51,590
"Dickenson County, Virginia",14124,None,13834,None,13728,None,49,None,23,None,19,None,2,None,13,None,290,None,270,None,36,None,146,None,3,None,16,None,55,None,0,None,5,None,1,None,1,None,0,None,0,None,0,None,0,None,7,None,0,None,11,None,0,None,1,None,0,None,6,None,0,None,0,None,0,None,4,None,0,None,0,None,0,None,0,None,0,None,0,None,0,None,0,None,0,None,0,None,0,None,0,None,7,None,0,None,0,None,5,None,0,None,1,None,0,None,1,None,0,None,0,None,0,None,0,None,0,None,0,None,0,None,0,None,2,None,0,None,2,None,0,None,0,None,0,None,0,None,0,None,0,None,51,051
"Dinwiddie County, Virginia",27947,None,26583,None,17516,None,8177,None,125,None,126,None,3,None,636,None,1364,None,1274,None,385,None,366,None,75,None,13,None,342,None,44,None,9,None,1,None,23,None,4,None,0,None,7,None,0,None,5,None,0,None,78,None,31,None,13,None,0,None,16,None,0,None,0,None,1,None,7,None,7,None,0,None,0,None,0,None,0,None,3,None,0,None,0,None,0,None,0,None,0,None,0,None,10,None,1,None,5,None,3,None,0,None,0,None,0,None,1,None,0,None,0,None,0,None,0,None,0,None,0,None,0,None,0,None,2,None,0,None,2,None,0,None,0,None,0,None,0,None,0,None,0,None,51,053
"Emporia city, Virginia",5766,None,5553,None,1544,None,3655,None,23,None,53,None,6,None,272,None,213,None,164,None,82,None,10,None,5,None,0,None,15,None,21,None,0,None,10,None,6,None,0,None,1,None,9,None,1,None,4,None,0,None,37,None,9,None,4,None,5,None,7,None,0,None,0,None,5,None,1,None,2,None,0,None,4,None,0,None,0,None,0,None,0,None,0,None,0,None,0,None,0,None,0,None,10,None,0,None,3,None,0,None,0,None,0,None,0,None,0,None,1,None,0,None,6,None,0,None,0,None,0,None,0,None,0,None,2,None,2,None,0,None,0,None,0,None,0,None,0,None,0,None,0,None,51,595
"Essex County, Virginia",10599,None,10051,None,5952,None,3775,None,83,None,62,None,3,None,176,None,548,None,484,None,210,None,108,None,34,None,3,None,84,None,20,None,3,None,2,None,11,None,2,None,0,None,4,None,0,None,3,None,0,None,56,None,27,None,3,None,0,None,1,None,3,None,0,None,5,None,11,None,4,None,0,None,1,None,0,None,0,None,0,None,1,None,0,None,0,None,0,None,0,None,0,None,8,None,6,None,0,None,2,None,0,None,0,None,0,None,0,None,0,None,0,None,0,None,0,None,0,None,0,None,0,None,0,None,0,None,0,None,0,None,0,None,0,None,0,None,0,None,0,None,0,None,51,057
"Fairfax County, Virginia",1150309,None,1020759,None,569013,None,110889,None,6500,None,235050,None,873,None,98434,None,129550,None,121843,None,10190,None,6309,None,27701,None,537,None,67880,None,906,None,1535,None,92,None,2628,None,246,None,8,None,1877,None,621,None,1215,None,98,None,6730,None,1080,None,740,None,53,None,1092,None,384,None,6,None,1722,None,435,None,893,None,32,None,73,None,8,None,67,None,29,None,63,None,6,None,3,None,20,None,3,None,21,None,866,None,140,None,17,None,457,None,32,None,81,None,5,None,24,None,91,None,0,None,17,None,0,None,0,None,0,None,0,None,2,None,109,None,41,None,59,None,5,None,0,None,2,None,2,None,2,None,2,None,51,059
"Fairfax city, Virginia",24146,None,21335,None,13473,None,1103,None,145,None,4537,None,10,None,2067,None,2811,None,2628,None,175,None,153,None,498,None,1,None,1669,None,11,None,18,None,0,None,40,None,0,None,0,None,25,None,6,None,26,None,6,None,152,None,32,None,3,None,0,None,26,None,3,None,0,None,45,None,18,None,20,None,0,None,3,None,0,None,0,None,1,None,0,None,0,None,0,None,0,None,1,None,0,None,26,None,3,None,3,None,17,None,0,None,0,None,0,None,0,None,1,None,0,None,2,None,0,None,0,None,0,None,0,None,0,None,3,None,3,None,0,None,0,None,0,None,0,None,0,None,2,None,2,None,51,600
"Falls Church city, Virginia",14658,None,12921,None,10221,None,576,None,32,None,1499,None,11,None,582,None,1737,None,1624,None,119,None,141,None,528,None,0,None,771,None,9,None,18,None,5,None,15,None,5,None,0,None,1,None,12,None,0,None,0,None,101,None,17,None,7,None,5,None,28,None,4,None,0,None,15,None,2,None,17,None,0,None,0,None,0,None,4,None,0,None,0,None,0,None,2,None,0,None,0,None,0,None,8,None,1,None,0,None,6,None,1,None,0,None,0,None,0,None,0,None,0,None,0,None,0,None,0,None,0,None,0,None,0,None,4,None,0,None,3,None,1,None,0,None,0,None,0,None,0,None,0,None,51,610
"Fauquier County, Virginia",72972,None,66515,None,56660,None,5091,None,312,None,1229,None,51,None,3172,None,6457,None,6046,None,1071,None,1024,None,689,None,50,None,2909,None,49,None,31,None,6,None,88,None,1,None,0,None,88,None,10,None,28,None,2,None,364,None,131,None,14,None,1,None,46,None,31,None,4,None,87,None,12,None,22,None,0,None,6,None,0,None,1,None,4,None,0,None,0,None,0,None,0,None,2,None,3,None,41,None,14,None,1,None,16,None,10,None,0,None,0,None,0,None,0,None,0,None,0,None,0,None,0,None,0,None,0,None,0,None,6,None,3,None,3,None,0,None,0,None,0,None,0,None,0,None,0,None,51,061
"Floyd County, Virginia",15476,None,14785,None,14219,None,244,None,20,None,51,None,0,None,251,None,691,None,618,None,83,None,236,None,33,None,8,None,241,None,0,None,1,None,4,None,5,None,0,None,0,None,0,None,2,None,5,None,0,None,50,None,26,None,4,None,0,None,0,None,0,None,4,None,0,None,0,None,7,None,0,None,1,None,0,None,0,None,1,None,7,None,0,None,0,None,0,None,0,None,0,None,14,None,2,None,1,None,0,None,1,None,0,None,0,None,0,None,5,None,4,None,0,None,1,None,0,None,0,None,0,None,0,None,9,None,0,None,8,None,1,None,0,None,0,None,0,None,0,None,0,None,51,063
"Fluvanna County, Virginia",27249,None,25497,None,21023,None,3730,None,79,None,222,None,7,None,436,None,1752,None,1622,None,487,None,327,None,148,None,5,None,562,None,33,None,9,None,0,None,29,None,1,None,0,None,0,None,18,None,3,None,0,None,123,None,56,None,6,None,1,None,15,None,1,None,1,None,17,None,11,None,11,None,2,None,1,None,0,None,1,None,0,None,0,None,0,None,0,None,0,None,0,None,0,None,5,None,2,None,0,None,0,None,0,None,0,None,0,None,0,None,0,None,0,None,0,None,0,None,0,None,0,None,3,None,0,None,2,None,1,None,1,None,0,None,0,None,0,None,0,None,0,None,0,None,51,065
"Franklin County, Virginia",54477,None,52046,None,46702,None,3921,None,147,None,307,None,27,None,942,None,2431,None,2293,None,608,None,779,None,126,None,1,None,652,None,47,None,4,None,0,None,46,None,0,None,0,None,16,None,1,None,10,None,3,None,129,None,59,None,11,None,3,None,16,None,0,None,4,None,13,None,10,None,7,None,0,None,3,None,2,None,0,None,1,None,0,None,0,None,0,None,0,None,0,None,0,None,8,None,3,None,1,None,2,None,1,None,0,None,0,None,0,None,0,None,0,None,0,None,1,None,0,None,0,None,0,None,0,None,1,None,1,None,0,None,0,None,0,None,0,None,0,None,0,None,0,None,51,067
"Franklin city, Virginia",8180,None,7846,None,3008,None,4639,None,34,None,81,None,5,None,79,None,334,None,297,None,112,None,53,None,24,None,7,None,45,None,27,None,11,None,0,None,14,None,0,None,0,None,0,None,4,None,0,None,0,None,33,None,10,None,1,None,0,None,13,None,2,None,0,None,4,None,0,None,0,None,0,None,0,None,1,None,0,None,0,None,0,None,0,None,0,None,0,None,0,None,2,None,4,None,1,None,0,None,0,None,0,None,0,None,0,None,0,None,3,None,0,None,0,None,0,None,0,None,0,None,0,None,0,None,0,None,0,None,0,None,0,None,0,None,0,None,0,None,0,None,0,None,51,620
"Frederick County, Virginia",91419,None,84094,None,73524,None,3718,None,315,None,1681,None,41,None,4815,None,7325,None,6891,None,1114,None,1405,None,563,None,38,None,3518,None,33,None,30,None,3,None,81,None,7,None,2,None,56,None,12,None,29,None,0,None,385,None,95,None,41,None,0,None,62,None,21,None,0,None,97,None,30,None,14,None,11,None,0,None,0,None,3,None,3,None,7,None,0,None,0,None,0,None,0,None,1,None,45,None,11,None,0,None,16,None,4,None,6,None,1,None,0,None,4,None,0,None,2,None,0,None,0,None,0,None,1,None,0,None,0,None,0,None,0,None,0,None,0,None,0,None,0,None,4,None,4,None,51,069
"Fredericksburg city, Virginia",27982,None,25305,None,15872,None,6135,None,180,None,1334,None,30,None,1754,None,2677,None,2432,None,577,None,304,None,405,None,21,None,864,None,70,None,45,None,7,None,107,None,3,None,0,None,14,None,10,None,2,None,3,None,211,None,77,None,21,None,3,None,45,None,9,None,0,None,29,None,8,None,1,None,2,None,6,None,0,None,8,None,2,None,0,None,0,None,0,None,0,None,0,None,0,None,19,None,12,None,0,None,7,None,0,None,0,None,0,None,0,None,0,None,0,None,0,None,0,None,0,None,0,None,0,None,0,None,12,None,2,None,10,None,0,None,0,None,0,None,0,None,3,None,3,None,51,630
"Galax city, Virginia",6720,None,6312,None,5233,None,367,None,33,None,52,None,1,None,626,None,408,None,372,None,89,None,90,None,18,None,2,None,137,None,4,None,2,None,3,None,12,None,2,None,0,None,7,None,0,None,0,None,6,None,33,None,0,None,1,None,0,None,18,None,1,None,0,None,5,None,0,None,0,None,0,None,4,None,0,None,4,None,0,None,0,None,0,None,0,None,0,None,0,None,0,None,2,None,0,None,0,None,1,None,0,None,0,None,1,None,0,None,0,None,0,None,0,None,0,None,0,None,0,None,0,None,0,None,1,None,0,None,0,None,0,None,1,None,0,None,0,None,0,None,0,None,51,640
"Giles County, Virginia",16787,None,16190,None,15777,None,244,None,34,None,71,None,0,None,64,None,597,None,555,None,93,None,274,None,12,None,0,None,161,None,7,None,1,None,0,None,3,None,0,None,0,None,3,None,1,None,0,None,0,None,41,None,4,None,0,None,2,None,7,None,2,None,0,None,9,None,4,None,4,None,0,None,0,None,0,None,0,None,4,None,5,None,0,None,0,None,0,None,0,None,0,None,1,None,0,None,0,None,0,None,0,None,0,None,0,None,1,None,0,None,0,None,0,None,0,None,0,None,0,None,0,None,0,None,0,None,0,None,0,None,0,None,0,None,0,None,0,None,0,None,0,None,51,071
"Gloucester County, Virginia",38711,None,36041,None,32396,None,2753,None,153,None,318,None,25,None,396,None,2670,None,2490,None,443,None,778,None,333,None,44,None,757,None,54,None,10,None,0,None,35,None,8,None,0,None,13,None,3,None,11,None,1,None,161,None,60,None,13,None,2,None,18,None,13,None,3,None,23,None,12,None,7,None,0,None,7,None,0,None,0,None,0,None,0,None,0,None,3,None,0,None,0,None,0,None,19,None,9,None,1,None,3,None,1,None,0,None,0,None,0,None,0,None,0,None,2,None,0,None,0,None,0,None,3,None,0,None,0,None,0,None,0,None,0,None,0,None,0,None,0,None,0,None,0,None,51,073
"Goochland County, Virginia",24727,None,23524,None,19302,None,3267,None,75,None,494,None,3,None,383,None,1203,None,1124,None,210,None,238,None,148,None,1,None,462,None,26,None,10,None,1,None,7,None,0,None,0,None,6,None,9,None,6,None,0,None,58,None,29,None,8,None,1,None,4,None,6,None,0,None,6,None,1,None,2,None,0,None,0,None,0,None,0,None,0,None,1,None,0,None,0,None,0,None,0,None,0,None,13,None,0,None,0,None,4,None,0,None,0,None,0,None,4,None,0,None,0,None,2,None,3,None,0,None,0,None,0,None,0,None,6,None,0,None,6,None,0,None,0,None,0,None,0,None,2,None,2,None,51,075
"Grayson County, Virginia",15333,None,14767,None,13558,None,904,None,32,None,24,None,2,None,247,None,566,None,523,None,89,None,189,None,20,None,2,None,204,None,1,None,0,None,0,None,12,None,0,None,0,None,2,None,2,None,2,None,0,None,30,None,11,None,8,None,0,None,0,None,2,None,0,None,2,None,1,None,1,None,0,None,1,None,0,None,3,None,0,None,0,None,1,None,0,None,0,None,0,None,0,None,13,None,1,None,0,None,8,None,0,None,4,None,0,None,0,None,0,None,0,None,0,None,0,None,0,None,0,None,0,None,0,None,0,None,0,None,0,None,0,None,0,None,0,None,0,None,0,None,0,None,51,077
"Greene County, Virginia",20552,None,19157,None,16520,None,1447,None,33,None,457,None,6,None,694,None,1395,None,1326,None,373,None,281,None,130,None,24,None,464,None,17,None,1,None,4,None,13,None,3,None,0,None,14,None,1,None,1,None,0,None,54,None,4,None,7,None,2,None,10,None,13,None,0,None,5,None,6,None,0,None,0,None,6,None,0,None,0,None,0,None,0,None,1,None,0,None,0,None,0,None,0,None,14,None,1,None,0,None,12,None,0,None,0,None,0,None,1,None,0,None,0,None,0,None,0,None,0,None,0,None,0,None,0,None,1,None,1,None,0,None,0,None,0,None,0,None,0,None,0,None,0,None,51,079
"Greensville County, Virginia",11391,None,11133,None,4364,None,6657,None,30,None,33,None,0,None,49,None,258,None,239,None,70,None,38,None,37,None,1,None,36,None,16,None,5,None,4,None,9,None,0,None,0,None,1,None,22,None,0,None,0,None,16,None,2,None,5,None,0,None,3,None,0,None,0,None,1,None,3,None,0,None,0,None,0,None,0,None,0,None,0,None,2,None,0,None,0,None,0,None,0,None,0,None,3,None,0,None,0,None,3,None,0,None,0,None,0,None,0,None,0,None,0,None,0,None,0,None,0,None,0,None,0,None,0,None,0,None,0,None,0,None,0,None,0,None,0,None,0,None,0,None,0,None,51,081
"Halifax County, Virginia",34022,None,32952,None,20420,None,11791,None,77,None,218,None,6,None,440,None,1070,None,988,None,400,None,240,None,13,None,13,None,215,None,51,None,1,None,0,None,45,None,1,None,0,None,2,None,0,None,7,None,0,None,66,None,45,None,6,None,0,None,3,None,4,None,2,None,6,None,0,None,0,None,0,None,0,None,0,None,0,None,0,None,0,None,0,None,0,None,0,None,0,None,0,None,9,None,2,None,0,None,3,None,0,None,0,None,0,None,0,None,4,None,0,None,0,None,0,None,0,None,0,None,0,None,0,None,7,None,6,None,1,None,0,None,0,None,0,None,0,None,0,None,0,None,51,083
"Hampton city, Virginia",137148,None,126793,None,51202,None,67915,None,647,None,3568,None,241,None,3220,None,10355,None,9112,None,2669,None,1263,None,1032,None,91,None,1915,None,804,None,347,None,63,None,754,None,10,None,2,None,47,None,57,None,30,None,28,None,1074,None,505,None,133,None,21,None,151,None,67,None,2,None,35,None,25,None,49,None,7,None,11,None,8,None,15,None,32,None,6,None,0,None,0,None,3,None,0,None,4,None,163,None,66,None,0,None,58,None,12,None,2,None,1,None,19,None,1,None,0,None,3,None,0,None,0,None,0,None,0,None,1,None,6,None,4,None,2,None,0,None,0,None,0,None,0,None,0,None,0,None,51,650
"Hanover County, Virginia",109979,None,103725,None,89742,None,9808,None,399,None,2035,None,33,None,1708,None,6254,None,5913,None,978,None,1556,None,837,None,23,None,2162,None,88,None,67,None,6,None,111,None,10,None,3,None,29,None,13,None,23,None,7,None,309,None,122,None,25,None,0,None,32,None,12,None,3,None,64,None,23,None,17,None,1,None,1,None,0,None,2,None,2,None,4,None,0,None,0,None,1,None,0,None,0,None,15,None,10,None,0,None,2,None,0,None,0,None,0,None,0,None,3,None,0,None,0,None,0,None,0,None,0,None,0,None,0,None,17,None,5,None,8,None,1,None,3,None,0,None,0,None,0,None,0,None,51,085
"Harrisonburg city, Virginia",51814,None,46478,None,33789,None,4218,None,297,None,2116,None,29,None,6029,None,5336,None,5074,None,690,None,392,None,631,None,11,None,2973,None,48,None,38,None,6,None,178,None,0,None,0,None,73,None,22,None,10,None,2,None,233,None,49,None,21,None,0,None,55,None,8,None,3,None,78,None,7,None,0,None,0,None,0,None,0,None,9,None,0,None,0,None,0,None,3,None,0,None,0,None,0,None,25,None,5,None,1,None,9,None,0,None,1,None,0,None,3,None,0,None,0,None,4,None,0,None,2,None,0,None,0,None,0,None,4,None,4,None,0,None,0,None,0,None,0,None,0,None,0,None,0,None,51,660
"Henrico County, Virginia",334389,None,313088,None,170651,None,97568,None,1338,None,32296,None,154,None,11081,None,21301,None,19952,None,3835,None,2449,None,3074,None,81,None,8105,None,811,None,354,None,46,None,871,None,53,None,1,None,82,None,72,None,118,None,0,None,1225,None,576,None,126,None,4,None,177,None,46,None,3,None,142,None,48,None,43,None,1,None,22,None,6,None,8,None,4,None,15,None,1,None,0,None,3,None,0,None,0,None,113,None,29,None,2,None,66,None,1,None,2,None,1,None,2,None,5,None,0,None,3,None,0,None,0,None,0,None,1,None,1,None,11,None,8,None,3,None,0,None,0,None,0,None,0,None,0,None,0,None,51,087
"Henry County, Virginia",50948,None,48299,None,35040,None,11160,None,165,None,292,None,14,None,1628,None,2649,None,2514,None,775,None,511,None,73,None,5,None,967,None,75,None,14,None,4,None,47,None,0,None,0,None,21,None,5,None,15,None,2,None,121,None,63,None,10,None,1,None,12,None,0,None,0,None,27,None,1,None,0,None,2,None,0,None,0,None,0,None,0,None,2,None,2,None,0,None,0,None,0,None,1,None,13,None,2,None,0,None,5,None,0,None,0,None,0,None,2,None,4,None,0,None,0,None,0,None,0,None,0,None,0,None,0,None,1,None,1,None,0,None,0,None,0,None,0,None,0,None,0,None,0,None,51,089
"Highland County, Virginia",2232,None,2159,None,2135,None,2,None,3,None,6,None,1,None,12,None,73,None,50,None,7,None,29,None,0,None,4,None,9,None,1,None,0,None,0,None,0,None,0,None,0,None,0,None,0,None,0,None,0,None,16,None,2,None,0,None,2,None,1,None,0,None,0,None,4,None,0,None,1,None,2,None,0,None,1,None,0,None,0,None,0,None,0,None,2,None,0,None,0,None,1,None,6,None,0,None,0,None,1,None,0,None,1,None,0,None,3,None,1,None,0,None,0,None,0,None,0,None,0,None,0,None,0,None,1,None,1,None,0,None,0,None,0,None,0,None,0,None,0,None,0,None,51,091
"Hopewell city, Virginia",23033,None,21346,None,10141,None,9852,None,111,None,254,None,20,None,968,None,1687,None,1586,None,526,None,243,None,97,None,4,None,453,None,81,None,39,None,5,None,107,None,0,None,0,None,10,None,17,None,2,None,2,None,76,None,26,None,7,None,0,None,15,None,5,None,3,None,17,None,1,None,0,None,0,None,0,None,0,None,0,None,1,None,0,None,0,None,0,None,0,None,0,None,1,None,25,None,4,None,0,None,14,None,0,None,0,None,0,None,0,None,0,None,0,None,4,None,0,None,0,None,0,None,3,None,0,None,0,None,0,None,0,None,0,None,0,None,0,None,0,None,0,None,0,None,51,670
"Isle of Wight County, Virginia",38606,None,36452,None,26721,None,8660,None,166,None,405,None,32,None,468,None,2154,None,1997,None,406,None,558,None,266,None,5,None,558,None,93,None,20,None,4,None,70,None,0,None,0,None,5,None,2,None,5,None,5,None,137,None,48,None,22,None,0,None,23,None,15,None,0,None,13,None,15,None,0,None,0,None,0,None,0,None,1,None,0,None,0,None,0,None,0,None,0,None,0,None,0,None,18,None,9,None,2,None,4,None,0,None,0,None,0,None,0,None,0,None,0,None,3,None,0,None,0,None,0,None,0,None,0,None,2,None,0,None,1,None,0,None,1,None,0,None,0,None,0,None,0,None,51,093
"James City County, Virginia",78254,None,72376,None,57710,None,10028,None,275,None,2269,None,52,None,2042,None,5878,None,5383,None,979,None,912,None,887,None,48,None,2131,None,106,None,47,None,4,None,170,None,7,None,0,None,47,None,22,None,15,None,8,None,440,None,145,None,50,None,3,None,70,None,30,None,0,None,38,None,42,None,27,None,0,None,4,None,0,None,14,None,6,None,3,None,0,None,0,None,0,None,7,None,1,None,55,None,11,None,9,None,20,None,5,None,4,None,0,None,4,None,1,None,0,None,0,None,0,None,0,None,0,None,1,None,0,None,0,None,0,None,0,None,0,None,0,None,0,None,0,None,0,None,0,None,51,095
"King George County, Virginia",26723,None,24238,None,19121,None,3983,None,190,None,417,None,15,None,512,None,2485,None,2235,None,543,None,563,None,293,None,14,None,680,None,41,None,24,None,4,None,43,None,1,None,0,None,6,None,6,None,17,None,0,None,226,None,59,None,29,None,1,None,21,None,17,None,5,None,45,None,14,None,16,None,4,None,5,None,0,None,10,None,0,None,0,None,0,None,0,None,0,None,0,None,0,None,16,None,0,None,0,None,8,None,4,None,4,None,0,None,0,None,0,None,0,None,0,None,0,None,0,None,0,None,0,None,0,None,4,None,1,None,3,None,0,None,0,None,0,None,0,None,4,None,4,None,51,099
"King William County, Virginia",17810,None,16899,None,13636,None,2601,None,288,None,129,None,11,None,234,None,911,None,810,None,224,None,274,None,73,None,3,None,181,None,21,None,13,None,7,None,7,None,3,None,0,None,1,None,1,None,2,None,0,None,64,None,27,None,11,None,0,None,6,None,4,None,0,None,0,None,4,None,2,None,2,None,0,None,4,None,0,None,0,None,4,None,0,None,0,None,0,None,0,None,0,None,30,None,11,None,3,None,9,None,1,None,1,None,0,None,2,None,0,None,3,None,0,None,0,None,0,None,0,None,0,None,0,None,7,None,3,None,2,None,0,None,0,None,2,None,0,None,0,None,0,None,51,101
"King and Queen County, Virginia",6608,None,6268,None,4490,None,1571,None,90,None,23,None,3,None,91,None,340,None,314,None,94,None,104,None,10,None,0,None,78,None,4,None,1,None,4,None,18,None,0,None,0,None,0,None,0,None,1,None,0,None,24,None,1,None,8,None,4,None,0,None,4,None,2,None,0,None,0,None,2,None,0,None,0,None,0,None,0,None,0,None,3,None,0,None,0,None,0,None,0,None,0,None,2,None,0,None,1,None,0,None,0,None,0,None,0,None,1,None,0,None,0,None,0,None,0,None,0,None,0,None,0,None,0,None,0,None,0,None,0,None,0,None,0,None,0,None,0,None,0,None,0,None,51,097
"Lancaster County, Virginia",10919,None,10580,None,7467,None,2951,None,24,None,77,None,1,None,60,None,339,None,302,None,75,None,84,None,20,None,2,None,103,None,11,None,0,None,0,None,0,None,0,None,0,None,1,None,6,None,0,None,0,None,29,None,3,None,0,None,0,None,2,None,6,None,2,None,5,None,6,None,0,None,0,None,3,None,0,None,1,None,1,None,0,None,0,None,0,None,0,None,0,None,0,None,6,None,0,None,3,None,0,None,1,None,2,None,0,None,0,None,0,None,0,None,0,None,0,None,0,None,0,None,0,None,0,None,2,None,0,None,2,None,0,None,0,None,0,None,0,None,0,None,0,None,51,103
"Lee County, Virginia",22173,None,21607,None,20531,None,885,None,71,None,39,None,0,None,81,None,566,None,513,None,58,None,307,None,23,None,1,None,118,None,1,None,0,None,0,None,0,None,0,None,0,None,0,None,2,None,3,None,0,None,42,None,1,None,5,None,0,None,3,None,4,None,1,None,17,None,0,None,0,None,0,None,1,None,4,None,4,None,0,None,0,None,1,None,1,None,0,None,0,None,0,None,11,None,0,None,0,None,2,None,0,None,0,None,0,None,0,None,0,None,0,None,8,None,0,None,0,None,0,None,0,None,1,None,0,None,0,None,0,None,0,None,0,None,0,None,0,None,0,None,0,None,51,105
"Lexington city, Virginia",7320,None,6995,None,6112,None,459,None,20,None,281,None,0,None,123,None,325,None,290,None,34,None,44,None,71,None,5,None,95,None,3,None,2,None,1,None,19,None,0,None,0,None,6,None,0,None,3,None,7,None,33,None,6,None,1,None,0,None,2,None,6,None,0,None,4,None,6,None,0,None,3,None,1,None,0,None,3,None,0,None,0,None,0,None,0,None,1,None,0,None,0,None,2,None,0,None,0,None,0,None,0,None,1,None,0,None,0,None,0,None,0,None,1,None,0,None,0,None,0,None,0,None,0,None,0,None,0,None,0,None,0,None,0,None,0,None,0,None,0,None,0,None,51,678
"Loudoun County, Virginia",420959,None,376302,None,225974,None,30568,None,1582,None,89779,None,263,None,28136,None,44657,None,41917,None,4246,None,2878,None,9864,None,201,None,21770,None,264,None,587,None,18,None,834,None,108,None,0,None,514,None,197,None,403,None,33,None,2342,None,464,None,289,None,15,None,374,None,154,None,11,None,483,None,209,None,266,None,10,None,25,None,0,None,24,None,8,None,6,None,0,None,1,None,3,None,0,None,0,None,370,None,76,None,0,None,207,None,13,None,21,None,0,None,18,None,28,None,0,None,7,None,0,None,0,None,0,None,0,None,0,None,26,None,0,None,23,None,0,None,1,None,2,None,0,None,2,None,2,None,51,107
"Louisa County, Virginia",37596,None,35252,None,28813,None,5408,None,158,None,257,None,18,None,598,None,2344,None,2182,None,641,None,621,None,133,None,13,None,608,None,50,None,14,None,3,None,62,None,1,None,0,None,23,None,6,None,4,None,3,None,140,None,57,None,10,None,0,None,4,None,12,None,0,None,30,None,11,None,3,None,0,None,0,None,0,None,1,None,0,None,10,None,0,None,2,None,0,None,0,None,0,None,20,None,1,None,0,None,10,None,5,None,1,None,0,None,3,None,0,None,0,None,0,None,0,None,0,None,0,None,0,None,0,None,2,None,0,None,2,None,0,None,0,None,0,None,0,None,0,None,0,None,51,109
"Lunenburg County, Virginia",11936,None,11314,None,7095,None,3805,None,35,None,26,None,6,None,347,None,622,None,589,None,179,None,150,None,36,None,9,None,161,None,18,None,3,None,1,None,23,None,0,None,0,None,4,None,5,None,0,None,0,None,23,None,9,None,1,None,7,None,0,None,0,None,0,None,2,None,1,None,3,None,0,None,0,None,0,None,0,None,0,None,0,None,0,None,0,None,0,None,0,None,0,None,8,None,3,None,0,None,1,None,0,None,0,None,0,None,1,None,0,None,0,None,3,None,0,None,0,None,0,None,0,None,0,None,2,None,2,None,0,None,0,None,0,None,0,None,0,None,0,None,0,None,51,111
"Lynchburg city, Virginia",79009,None,74405,None,48502,None,21453,None,243,None,1766,None,41,None,2400,None,4604,None,4189,None,1403,None,817,None,431,None,19,None,1057,None,207,None,50,None,11,None,137,None,6,None,0,None,10,None,27,None,13,None,1,None,381,None,219,None,35,None,3,None,45,None,16,None,0,None,24,None,15,None,11,None,0,None,0,None,0,None,0,None,1,None,10,None,0,None,0,None,0,None,0,None,2,None,28,None,3,None,5,None,8,None,7,None,0,None,0,None,2,None,0,None,0,None,0,None,0,None,0,None,3,None,0,None,0,None,6,None,0,None,4,None,0,None,1,None,0,None,1,None,0,None,0,None,51,680
"Madison County, Virginia",13837,None,13066,None,11684,None,1065,None,16,None,90,None,1,None,210,None,771,None,722,None,254,None,183,None,51,None,12,None,184,None,14,None,2,None,3,None,11,None,8,None,0,None,0,None,0,None,0,None,0,None,43,None,21,None,0,None,0,None,5,None,0,None,0,None,8,None,0,None,3,None,0,None,0,None,0,None,0,None,4,None,0,None,0,None,0,None,0,None,0,None,2,None,6,None,0,None,1,None,4,None,0,None,1,None,0,None,0,None,0,None,0,None,0,None,0,None,0,None,0,None,0,None,0,None,0,None,0,None,0,None,0,None,0,None,0,None,0,None,0,None,0,None,51,113
"Manassas Park city, Virginia",17219,None,14956,None,5535,None,2136,None,174,None,1835,None,13,None,5263,None,2263,None,2144,None,234,None,94,None,149,None,10,None,1452,None,17,None,17,None,13,None,59,None,0,None,0,None,75,None,2,None,22,None,0,None,115,None,20,None,6,None,2,None,38,None,11,None,0,None,18,None,2,None,11,None,1,None,0,None,0,None,2,None,0,None,3,None,1,None,0,None,0,None,0,None,0,None,4,None,1,None,0,None,0,None,0,None,1,None,0,None,0,None,1,None,0,None,0,None,1,None,0,None,0,None,0,None,0,None,0,None,0,None,0,None,0,None,0,None,0,None,0,None,0,None,0,None,51,685
"Manassas city, Virginia",42772,None,37117,None,16717,None,5124,None,536,None,2729,None,36,None,11975,None,5655,None,5297,None,482,None,306,None,424,None,3,None,3605,None,60,None,50,None,13,None,173,None,5,None,0,None,150,None,4,None,16,None,6,None,332,None,63,None,21,None,0,None,55,None,19,None,0,None,128,None,4,None,17,None,0,None,3,None,0,None,5,None,4,None,7,None,0,None,2,None,4,None,0,None,0,None,26,None,2,None,5,None,10,None,1,None,5,None,0,None,2,None,0,None,0,None,0,None,1,None,0,None,0,None,0,None,0,None,0,None,0,None,0,None,0,None,0,None,0,None,0,None,0,None,0,None,51,683
"Martinsville city, Virginia",13485,None,12723,None,5924,None,6094,None,50,None,116,None,4,None,535,None,762,None,680,None,269,None,86,None,13,None,2,None,214,None,18,None,11,None,0,None,42,None,0,None,5,None,1,None,14,None,5,None,0,None,52,None,12,None,2,None,0,None,14,None,1,None,0,None,12,None,2,None,0,None,0,None,0,None,0,None,2,None,1,None,2,None,4,None,0,None,0,None,0,None,0,None,24,None,8,None,2,None,5,None,3,None,0,None,0,None,1,None,1,None,0,None,0,None,1,None,0,None,0,None,3,None,0,None,6,None,0,None,5,None,1,None,0,None,0,None,0,None,0,None,0,None,51,690
"Mathews County, Virginia",8533,None,8104,None,7295,None,660,None,17,None,52,None,15,None,65,None,429,None,384,None,61,None,175,None,36,None,0,None,94,None,10,None,0,None,0,None,7,None,1,None,0,None,0,None,0,None,0,None,0,None,29,None,8,None,0,None,0,None,0,None,2,None,0,None,7,None,3,None,5,None,0,None,2,None,0,None,1,None,0,None,0,None,1,None,0,None,0,None,0,None,0,None,16,None,7,None,0,None,9,None,0,None,0,None,0,None,0,None,0,None,0,None,0,None,0,None,0,None,0,None,0,None,0,None,0,None,0,None,0,None,0,None,0,None,0,None,0,None,0,None,0,None,51,115
"Mecklenburg County, Virginia",30319,None,29242,None,18032,None,10435,None,75,None,205,None,0,None,495,None,1077,None,1026,None,390,None,218,None,60,None,0,None,222,None,58,None,5,None,2,None,60,None,0,None,0,None,4,None,1,None,6,None,0,None,46,None,22,None,1,None,5,None,6,None,5,None,0,None,1,None,0,None,0,None,3,None,0,None,2,None,0,None,0,None,1,None,0,None,0,None,0,None,0,None,0,None,4,None,0,None,0,None,0,None,0,None,2,None,0,None,1,None,0,None,0,None,0,None,0,None,0,None,0,None,0,None,1,None,1,None,0,None,0,None,0,None,0,None,0,None,1,None,0,None,0,None,51,117
"Middlesex County, Virginia",10625,None,10105,None,8411,None,1523,None,33,None,28,None,3,None,107,None,520,None,481,None,133,None,165,None,31,None,0,None,109,None,19,None,2,None,0,None,1,None,0,None,0,None,9,None,2,None,10,None,0,None,32,None,16,None,0,None,5,None,3,None,4,None,0,None,1,None,3,None,0,None,0,None,0,None,0,None,0,None,0,None,0,None,0,None,0,None,0,None,0,None,0,None,7,None,2,None,1,None,2,None,0,None,0,None,0,None,0,None,1,None,0,None,0,None,0,None,1,None,0,None,0,None,0,None,0,None,0,None,0,None,0,None,0,None,0,None,0,None,0,None,0,None,51,119
"Montgomery County, Virginia",99721,None,93839,None,79436,None,4165,None,207,None,8347,None,52,None,1632,None,5882,None,5633,None,1043,None,1184,None,1291,None,16,None,1870,None,43,None,55,None,7,None,72,None,0,None,0,None,23,None,19,None,8,None,2,None,211,None,80,None,27,None,0,None,9,None,27,None,0,None,29,None,9,None,10,None,6,None,2,None,0,None,1,None,0,None,10,None,1,None,0,None,0,None,0,None,0,None,27,None,4,None,0,None,19,None,2,None,2,None,0,None,0,None,0,None,0,None,0,None,0,None,0,None,0,None,0,None,0,None,11,None,4,None,7,None,0,None,0,None,0,None,0,None,0,None,0,None,51,121
"Nelson County, Virginia",14775,None,14050,None,12021,None,1538,None,56,None,67,None,3,None,365,None,725,None,667,None,131,None,220,None,43,None,9,None,226,None,14,None,7,None,0,None,12,None,0,None,3,None,2,None,0,None,0,None,0,None,52,None,15,None,4,None,4,None,3,None,0,None,0,None,6,None,0,None,9,None,8,None,0,None,0,None,0,None,3,None,0,None,0,None,0,None,0,None,0,None,0,None,6,None,1,None,0,None,5,None,0,None,0,None,0,None,0,None,0,None,0,None,0,None,0,None,0,None,0,None,0,None,0,None,0,None,0,None,0,None,0,None,0,None,0,None,0,None,0,None,0,None,51,125
"New Kent County, Virginia",22945,None,21522,None,18017,None,2739,None,247,None,223,None,8,None,288,None,1423,None,1325,None,196,None,454,None,163,None,30,None,384,None,30,None,13,None,9,None,32,None,2,None,0,None,7,None,0,None,4,None,1,None,92,None,33,None,7,None,0,None,12,None,9,None,4,None,10,None,3,None,5,None,1,None,3,None,0,None,5,None,0,None,0,None,0,None,0,None,0,None,0,None,0,None,6,None,1,None,4,None,0,None,0,None,0,None,0,None,0,None,0,None,1,None,0,None,0,None,0,None,0,None,0,None,0,None,0,None,0,None,0,None,0,None,0,None,0,None,0,None,0,None,0,None,51,127
"Newport News city, Virginia",186247,None,169992,None,74676,None,78687,None,940,None,6356,None,441,None,8892,None,16255,None,14646,None,3690,None,1581,None,1844,None,105,None,4366,None,950,None,498,None,108,None,1134,None,34,None,1,None,127,None,107,None,62,None,39,None,1416,None,542,None,235,None,20,None,207,None,71,None,10,None,83,None,69,None,75,None,7,None,31,None,5,None,29,None,6,None,10,None,0,None,0,None,1,None,0,None,15,None,173,None,61,None,13,None,63,None,10,None,6,None,0,None,6,None,6,None,0,None,3,None,1,None,0,None,0,None,4,None,0,None,17,None,4,None,12,None,1,None,0,None,0,None,0,None,3,None,3,None,51,700
"Norfolk city, Virginia",238005,None,218754,None,102841,None,95594,None,1328,None,9025,None,521,None,9445,None,19251,None,17394,None,4158,None,2411,None,2394,None,175,None,5284,None,879,None,484,None,77,None,1113,None,35,None,0,None,110,None,174,None,85,None,15,None,1654,None,629,None,207,None,16,None,214,None,110,None,13,None,172,None,133,None,46,None,1,None,17,None,0,None,31,None,50,None,4,None,0,None,0,None,0,None,0,None,11,None,192,None,60,None,5,None,61,None,30,None,15,None,1,None,10,None,9,None,0,None,0,None,0,None,0,None,1,None,0,None,0,None,11,None,7,None,4,None,0,None,0,None,0,None,0,None,0,None,0,None,51,710
"Northampton County, Virginia",12282,None,11580,None,7071,None,3785,None,85,None,82,None,8,None,549,None,702,None,658,None,133,None,56,None,48,None,3,None,378,None,23,None,5,None,0,None,3,None,0,None,0,None,9,None,0,None,0,None,0,None,29,None,21,None,0,None,0,None,4,None,0,None,0,None,3,None,0,None,0,None,0,None,0,None,0,None,0,None,0,None,0,None,1,None,0,None,0,None,0,None,0,None,11,None,1,None,5,None,0,None,0,None,1,None,0,None,0,None,1,None,0,None,3,None,0,None,0,None,0,None,0,None,0,None,4,None,0,None,4,None,0,None,0,None,0,None,0,None,0,None,0,None,51,131
"Northumberland County, Virginia",11839,None,11349,None,8366,None,2690,None,29,None,69,None,0,None,195,None,490,None,441,None,124,None,104,None,19,None,9,None,155,None,22,None,1,None,0,None,2,None,3,None,0,None,0,None,0,None,0,None,2,None,42,None,18,None,1,None,6,None,5,None,1,None,0,None,0,None,6,None,1,None,0,None,0,None,0,None,0,None,2,None,0,None,0,None,0,None,0,None,0,None,2,None,7,None,0,None,0,None,4,None,0,None,2,None,0,None,0,None,0,None,0,None,1,None,0,None,0,None,0,None,0,None,0,None,0,None,0,None,0,None,0,None,0,None,0,None,0,None,0,None,0,None,51,133
"Norton city, Virginia",3687,None,3496,None,3242,None,180,None,8,None,27,None,1,None,38,None,191,None,169,None,71,None,41,None,8,None,0,None,34,None,1,None,2,None,1,None,5,None,2,None,0,None,0,None,0,None,3,None,1,None,10,None,6,None,2,None,0,None,0,None,1,None,0,None,0,None,0,None,0,None,0,None,0,None,0,None,0,None,0,None,0,None,0,None,0,None,0,None,0,None,1,None,8,None,0,None,2,None,0,None,2,None,0,None,1,None,0,None,2,None,0,None,0,None,1,None,0,None,0,None,0,None,0,None,2,None,0,None,0,None,0,None,1,None,0,None,1,None,2,None,2,None,51,720
"Nottoway County, Virginia",15642,None,14933,None,8625,None,5813,None,85,None,64,None,3,None,343,None,709,None,658,None,167,None,159,None,36,None,0,None,205,None,32,None,9,None,0,None,20,None,6,None,3,None,12,None,5,None,0,None,4,None,38,None,21,None,1,None,5,None,0,None,2,None,3,None,0,None,0,None,0,None,0,None,4,None,0,None,0,None,0,None,0,None,0,None,0,None,0,None,2,None,0,None,8,None,0,None,1,None,6,None,0,None,0,None,0,None,1,None,0,None,0,None,0,None,0,None,0,None,0,None,0,None,0,None,5,None,2,None,3,None,0,None,0,None,0,None,0,None,0,None,0,None,51,135
"Orange County, Virginia",36254,None,33625,None,27877,None,4364,None,192,None,324,None,19,None,849,None,2629,None,2466,None,660,None,576,None,214,None,12,None,854,None,41,None,19,None,6,None,47,None,1,None,0,None,4,None,18,None,14,None,0,None,149,None,49,None,12,None,10,None,27,None,11,None,7,None,21,None,10,None,0,None,0,None,0,None,0,None,0,None,1,None,0,None,1,None,0,None,0,None,0,None,0,None,14,None,10,None,0,None,2,None,0,None,1,None,0,None,0,None,1,None,0,None,0,None,0,None,0,None,0,None,0,None,0,None,0,None,0,None,0,None,0,None,0,None,0,None,0,None,0,None,0,None,51,137
"Page County, Virginia",23709,None,22815,None,22037,None,439,None,51,None,120,None,8,None,160,None,894,None,818,None,134,None,319,None,70,None,5,None,258,None,5,None,4,None,1,None,2,None,3,None,0,None,3,None,6,None,6,None,2,None,68,None,13,None,17,None,2,None,10,None,7,None,0,None,8,None,8,None,0,None,0,None,1,None,0,None,2,None,0,None,0,None,0,None,0,None,0,None,0,None,0,None,8,None,1,None,1,None,3,None,0,None,1,None,0,None,0,None,0,None,0,None,0,None,2,None,0,None,0,None,0,None,0,None,0,None,0,None,0,None,0,None,0,None,0,None,0,None,0,None,0,None,51,139
"Patrick County, Virginia",17608,None,16968,None,15719,None,840,None,36,None,43,None,3,None,327,None,640,None,601,None,135,None,220,None,23,None,7,None,195,None,3,None,2,None,1,None,2,None,0,None,0,None,0,None,2,None,9,None,2,None,38,None,20,None,2,None,0,None,4,None,3,None,0,None,0,None,2,None,5,None,0,None,0,None,0,None,1,None,0,None,0,None,1,None,0,None,0,None,0,None,0,None,1,None,0,None,1,None,0,None,0,None,0,None,0,None,0,None,0,None,0,None,0,None,0,None,0,None,0,None,0,None,0,None,0,None,0,None,0,None,0,None,0,None,0,None,0,None,0,None,0,None,51,141
"Petersburg city, Virginia",33458,None,31883,None,5418,None,24811,None,141,None,339,None,32,None,1142,None,1575,None,1378,None,460,None,109,None,60,None,6,None,340,None,192,None,45,None,5,None,128,None,6,None,0,None,5,None,15,None,7,None,0,None,173,None,121,None,9,None,1,None,26,None,0,None,0,None,0,None,0,None,10,None,1,None,4,None,0,None,0,None,0,None,0,None,0,None,0,None,1,None,0,None,0,None,21,None,8,None,0,None,5,None,0,None,8,None,0,None,0,None,0,None,0,None,0,None,0,None,0,None,0,None,0,None,0,None,3,None,0,None,1,None,0,None,2,None,0,None,0,None,0,None,0,None,51,730
"Pittsylvania County, Virginia",60501,None,58372,None,44672,None,12417,None,169,None,292,None,22,None,800,None,2129,None,2016,None,595,None,608,None,91,None,5,None,574,None,63,None,5,None,3,None,59,None,0,None,0,None,2,None,7,None,2,None,2,None,110,None,68,None,1,None,2,None,8,None,13,None,2,None,7,None,1,None,3,None,0,None,3,None,0,None,0,None,1,None,0,None,0,None,0,None,0,None,0,None,1,None,3,None,0,None,0,None,1,None,0,None,2,None,0,None,0,None,0,None,0,None,0,None,0,None,0,None,0,None,0,None,0,None,0,None,0,None,0,None,0,None,0,None,0,None,0,None,0,None,0,None,51,143
"Poquoson city, Virginia",12460,None,11624,None,11059,None,120,None,41,None,264,None,7,None,133,None,836,None,776,None,56,None,210,None,166,None,18,None,311,None,0,None,10,None,0,None,4,None,0,None,0,None,0,None,0,None,1,None,0,None,41,None,10,None,2,None,3,None,7,None,3,None,0,None,4,None,4,None,2,None,0,None,0,None,0,None,0,None,4,None,0,None,0,None,0,None,0,None,0,None,2,None,8,None,0,None,4,None,4,None,0,None,0,None,0,None,0,None,0,None,0,None,0,None,0,None,0,None,0,None,0,None,0,None,11,None,3,None,6,None,0,None,0,None,2,None,0,None,0,None,0,None,51,735
"Portsmouth city, Virginia",97915,None,91697,None,35892,None,52214,None,427,None,1285,None,141,None,1738,None,6218,None,5583,None,1823,None,925,None,526,None,46,None,1140,None,510,None,151,None,31,None,343,None,1,None,0,None,10,None,64,None,11,None,2,None,550,None,244,None,51,None,5,None,68,None,44,None,1,None,28,None,28,None,29,None,0,None,8,None,1,None,28,None,12,None,0,None,0,None,1,None,0,None,2,None,0,None,74,None,20,None,3,None,32,None,0,None,7,None,0,None,4,None,0,None,0,None,0,None,6,None,0,None,0,None,2,None,0,None,11,None,9,None,0,None,2,None,0,None,0,None,0,None,0,None,0,None,51,740
"Powhatan County, Virginia",30333,None,28762,None,25732,None,2505,None,64,None,169,None,24,None,268,None,1571,None,1485,None,256,None,486,None,170,None,17,None,516,None,10,None,6,None,0,None,9,None,3,None,0,None,3,None,7,None,2,None,0,None,71,None,41,None,0,None,0,None,4,None,6,None,0,None,7,None,6,None,1,None,0,None,0,None,2,None,1,None,2,None,0,None,0,None,1,None,0,None,0,None,0,None,10,None,1,None,0,None,0,None,9,None,0,None,0,None,0,None,0,None,0,None,0,None,0,None,0,None,0,None,0,None,0,None,5,None,0,None,5,None,0,None,0,None,0,None,0,None,0,None,0,None,51,145
"Prince Edward County, Virginia",21849,None,20906,None,10662,None,9269,None,36,None,197,None,1,None,741,None,943,None,883,None,290,None,171,None,40,None,9,None,205,None,105,None,9,None,1,None,42,None,0,None,0,None,0,None,7,None,4,None,0,None,48,None,24,None,9,None,4,None,0,None,2,None,0,None,2,None,3,None,0,None,0,None,0,None,0,None,0,None,3,None,0,None,0,None,0,None,0,None,0,None,1,None,8,None,0,None,0,None,6,None,0,None,0,None,0,None,1,None,1,None,0,None,0,None,0,None,0,None,0,None,0,None,0,None,4,None,0,None,4,None,0,None,0,None,0,None,0,None,0,None,0,None,51,147
"Prince George County, Virginia",43010,None,39968,None,23827,None,12968,None,276,None,862,None,144,None,1891,None,3042,None,2770,None,643,None,460,None,279,None,17,None,955,None,91,None,66,None,24,None,172,None,0,None,0,None,10,None,37,None,16,None,0,None,226,None,74,None,28,None,2,None,30,None,13,None,9,None,27,None,6,None,7,None,2,None,8,None,3,None,5,None,1,None,7,None,3,None,0,None,0,None,0,None,1,None,33,None,9,None,5,None,12,None,1,None,0,None,0,None,2,None,1,None,1,None,0,None,2,None,0,None,0,None,0,None,0,None,12,None,8,None,4,None,0,None,0,None,0,None,0,None,1,None,1,None,51,149
"Prince William County, Virginia",482204,None,419112,None,200831,None,97457,None,3565,None,50314,None,600,None,66345,None,63092,None,58562,None,7161,None,3702,None,9011,None,299,None,32009,None,875,None,1132,None,101,None,2241,None,63,None,4,None,1143,None,248,None,501,None,72,None,3914,None,913,None,504,None,42,None,729,None,144,None,15,None,908,None,158,None,290,None,18,None,38,None,8,None,76,None,9,None,34,None,5,None,5,None,1,None,0,None,17,None,556,None,131,None,1,None,326,None,20,None,34,None,3,None,12,None,15,None,0,None,5,None,0,None,5,None,0,None,4,None,0,None,60,None,29,None,31,None,0,None,0,None,0,None,0,None,0,None,0,None,51,153
"Pulaski County, Virginia",33800,None,32172,None,29922,None,1658,None,69,None,184,None,3,None,336,None,1628,None,1537,None,502,None,544,None,89,None,12,None,335,None,18,None,2,None,3,None,16,None,4,None,0,None,4,None,3,None,4,None,1,None,79,None,39,None,3,None,4,None,15,None,0,None,6,None,4,None,4,None,3,None,0,None,0,None,0,None,0,None,0,None,1,None,0,None,0,None,0,None,0,None,0,None,12,None,0,None,0,None,4,None,0,None,8,None,0,None,0,None,0,None,0,None,0,None,0,None,0,None,0,None,0,None,0,None,0,None,0,None,0,None,0,None,0,None,0,None,0,None,0,None,0,None,51,155
"Radford city, Virginia",16070,None,15213,None,12280,None,2182,None,40,None,217,None,6,None,488,None,857,None,795,None,257,None,205,None,81,None,3,None,212,None,15,None,10,None,0,None,4,None,0,None,0,None,0,None,0,None,2,None,6,None,54,None,28,None,6,None,0,None,4,None,0,None,1,None,6,None,0,None,3,None,2,None,0,None,1,None,3,None,0,None,0,None,0,None,0,None,0,None,0,None,0,None,8,None,0,None,0,None,2,None,0,None,0,None,0,None,1,None,0,None,0,None,5,None,0,None,0,None,0,None,0,None,0,None,0,None,0,None,0,None,0,None,0,None,0,None,0,None,0,None,0,None,51,750
"Rappahannock County, Virginia",7348,None,6906,None,6521,None,200,None,18,None,63,None,3,None,101,None,442,None,416,None,46,None,126,None,40,None,8,None,181,None,3,None,3,None,5,None,0,None,0,None,0,None,0,None,1,None,0,None,3,None,15,None,12,None,0,None,0,None,0,None,0,None,0,None,0,None,0,None,0,None,1,None,0,None,0,None,0,None,0,None,0,None,0,None,0,None,0,None,0,None,2,None,11,None,2,None,0,None,8,None,0,None,0,None,0,None,0,None,0,None,0,None,1,None,0,None,0,None,0,None,0,None,0,None,0,None,0,None,0,None,0,None,0,None,0,None,0,None,0,None,0,None,51,157
"Richmond County, Virginia",8923,None,8510,None,5739,None,2439,None,16,None,42,None,0,None,274,None,413,None,381,None,116,None,52,None,30,None,2,None,138,None,6,None,11,None,0,None,8,None,1,None,1,None,0,None,15,None,0,None,1,None,28,None,12,None,1,None,3,None,5,None,0,None,0,None,0,None,0,None,0,None,0,None,0,None,0,None,7,None,0,None,0,None,0,None,0,None,0,None,0,None,0,None,4,None,0,None,1,None,3,None,0,None,0,None,0,None,0,None,0,None,0,None,0,None,0,None,0,None,0,None,0,None,0,None,0,None,0,None,0,None,0,None,0,None,0,None,0,None,0,None,0,None,51,159
"Richmond city, Virginia",226610,None,212506,None,98140,None,91653,None,898,None,6259,None,115,None,15441,None,14104,None,12975,None,2831,None,1281,None,2037,None,53,None,4531,None,819,None,320,None,27,None,717,None,15,None,6,None,197,None,41,None,75,None,25,None,998,None,413,None,101,None,17,None,155,None,25,None,3,None,128,None,52,None,28,None,1,None,20,None,3,None,20,None,11,None,11,None,0,None,0,None,2,None,7,None,1,None,126,None,32,None,0,None,63,None,3,None,13,None,5,None,5,None,4,None,0,None,0,None,1,None,0,None,0,None,0,None,0,None,5,None,3,None,2,None,0,None,0,None,0,None,0,None,0,None,0,None,51,760
"Roanoke County, Virginia",96929,None,91763,None,80780,None,5764,None,243,None,3462,None,24,None,1490,None,5166,None,4881,None,1101,None,1339,None,587,None,40,None,1573,None,53,None,33,None,2,None,97,None,11,None,0,None,13,None,8,None,20,None,4,None,266,None,85,None,23,None,6,None,55,None,4,None,5,None,27,None,18,None,11,None,0,None,5,None,0,None,5,None,5,None,12,None,0,None,3,None,0,None,2,None,0,None,15,None,4,None,0,None,9,None,0,None,0,None,0,None,0,None,0,None,0,None,0,None,0,None,0,None,0,None,2,None,0,None,3,None,3,None,0,None,0,None,0,None,0,None,0,None,1,None,1,None,51,161
"Roanoke city, Virginia",100011,None,92526,None,57309,None,27470,None,419,None,2479,None,54,None,4795,None,7485,None,7015,None,2296,None,1260,None,508,None,20,None,2243,None,248,None,80,None,13,None,281,None,8,None,0,None,30,None,4,None,19,None,5,None,432,None,257,None,36,None,0,None,49,None,24,None,1,None,38,None,8,None,5,None,8,None,2,None,0,None,2,None,1,None,0,None,0,None,0,None,0,None,1,None,0,None,28,None,12,None,0,None,7,None,0,None,0,None,0,None,1,None,8,None,0,None,0,None,0,None,0,None,0,None,0,None,0,None,10,None,5,None,4,None,1,None,0,None,0,None,0,None,0,None,0,None,51,770
"Rockbridge County, Virginia",22650,None,21609,None,20483,None,575,None,94,None,187,None,9,None,261,None,1041,None,988,None,175,None,475,None,61,None,11,None,240,None,5,None,8,None,0,None,7,None,0,None,2,None,1,None,1,None,2,None,0,None,40,None,20,None,0,None,2,None,4,None,2,None,0,None,0,None,1,None,3,None,0,None,0,None,0,None,4,None,0,None,0,None,0,None,0,None,1,None,0,None,3,None,13,None,0,None,0,None,6,None,0,None,0,None,0,None,0,None,7,None,0,None,0,None,0,None,0,None,0,None,0,None,0,None,0,None,0,None,0,None,0,None,0,None,0,None,0,None,0,None,0,None,51,163
"Rockingham County, Virginia",83757,None,79127,None,72656,None,1886,None,291,None,928,None,20,None,3346,None,4630,None,4410,None,707,None,854,None,325,None,14,None,2266,None,20,None,11,None,0,None,116,None,1,None,0,None,74,None,11,None,6,None,5,None,207,None,51,None,24,None,4,None,27,None,0,None,0,None,70,None,22,None,1,None,1,None,0,None,0,None,0,None,0,None,7,None,0,None,0,None,0,None,0,None,0,None,12,None,2,None,0,None,8,None,2,None,0,None,0,None,0,None,0,None,0,None,0,None,0,None,0,None,0,None,0,None,0,None,1,None,0,None,0,None,0,None,1,None,0,None,0,None,0,None,0,None,51,165
"Russell County, Virginia",25781,None,25194,None,24835,None,229,None,19,None,42,None,1,None,68,None,587,None,575,None,71,None,356,None,22,None,0,None,98,None,5,None,0,None,3,None,2,None,2,None,0,None,0,None,11,None,5,None,0,None,9,None,4,None,1,None,0,None,1,None,0,None,0,None,0,None,0,None,2,None,0,None,0,None,0,None,0,None,0,None,1,None,0,None,0,None,0,None,0,None,0,None,2,None,0,None,0,None,0,None,2,None,0,None,0,None,0,None,0,None,0,None,0,None,0,None,0,None,0,None,0,None,0,None,1,None,0,None,1,None,0,None,0,None,0,None,0,None,0,None,0,None,51,167
"Salem city, Virginia",25346,None,23973,None,20923,None,1949,None,48,None,541,None,9,None,503,None,1373,None,1275,None,347,None,299,None,117,None,7,None,415,None,36,None,6,None,5,None,19,None,0,None,0,None,5,None,5,None,11,None,3,None,92,None,37,None,1,None,0,None,11,None,0,None,3,None,9,None,10,None,6,None,0,None,0,None,0,None,2,None,3,None,2,None,7,None,1,None,0,None,0,None,0,None,3,None,0,None,0,None,2,None,0,None,0,None,0,None,0,None,0,None,0,None,1,None,0,None,0,None,0,None,0,None,0,None,3,None,3,None,0,None,0,None,0,None,0,None,0,None,0,None,0,None,51,775
"Scott County, Virginia",21576,None,20877,None,20617,None,134,None,31,None,28,None,4,None,63,None,699,None,668,None,84,None,314,None,18,None,5,None,218,None,2,None,5,None,0,None,5,None,1,None,7,None,7,None,2,None,0,None,0,None,23,None,11,None,3,None,0,None,2,None,2,None,0,None,0,None,2,None,3,None,0,None,0,None,0,None,0,None,0,None,0,None,0,None,0,None,0,None,0,None,0,None,8,None,3,None,2,None,1,None,0,None,0,None,1,None,1,None,0,None,0,None,0,None,0,None,0,None,0,None,0,None,0,None,0,None,0,None,0,None,0,None,0,None,0,None,0,None,0,None,0,None,51,169
"Shenandoah County, Virginia",44186,None,41522,None,38166,None,1087,None,198,None,348,None,8,None,1715,None,2664,None,2552,None,381,None,722,None,174,None,6,None,1155,None,13,None,5,None,6,None,38,None,1,None,0,None,24,None,9,None,18,None,0,None,97,None,33,None,8,None,0,None,15,None,8,None,0,None,11,None,9,None,8,None,1,None,0,None,0,None,2,None,1,None,0,None,0,None,0,None,0,None,0,None,1,None,10,None,1,None,1,None,2,None,0,None,0,None,0,None,1,None,4,None,0,None,1,None,0,None,0,None,0,None,0,None,0,None,5,None,0,None,5,None,0,None,0,None,0,None,0,None,0,None,0,None,51,171
"Smyth County, Virginia",29800,None,28753,None,27939,None,430,None,40,None,104,None,1,None,239,None,1047,None,988,None,163,None,486,None,52,None,5,None,253,None,1,None,3,None,2,None,3,None,2,None,0,None,4,None,2,None,11,None,1,None,51,None,3,None,5,None,3,None,0,None,2,None,0,None,13,None,13,None,3,None,0,None,1,None,6,None,0,None,0,None,0,None,2,None,0,None,0,None,0,None,0,None,6,None,4,None,2,None,0,None,0,None,0,None,0,None,0,None,0,None,0,None,0,None,0,None,0,None,0,None,0,None,0,None,2,None,0,None,2,None,0,None,0,None,0,None,0,None,0,None,0,None,51,173
"Southampton County, Virginia",17996,None,17277,None,11080,None,5924,None,67,None,70,None,20,None,116,None,719,None,629,None,192,None,224,None,10,None,11,None,120,None,36,None,3,None,4,None,8,None,0,None,0,None,5,None,15,None,0,None,1,None,87,None,56,None,0,None,3,None,17,None,2,None,1,None,1,None,2,None,0,None,0,None,2,None,0,None,3,None,0,None,0,None,0,None,0,None,0,None,0,None,0,None,3,None,0,None,0,None,2,None,0,None,0,None,0,None,0,None,0,None,0,None,1,None,0,None,0,None,0,None,0,None,0,None,0,None,0,None,0,None,0,None,0,None,0,None,0,None,0,None,0,None,51,175
"Spotsylvania County, Virginia",140032,None,126134,None,90227,None,22933,None,675,None,3978,None,127,None,8194,None,13898,None,12838,None,2797,None,2070,None,1533,None,102,None,5167,None,294,None,172,None,39,None,496,None,1,None,13,None,76,None,23,None,38,None,17,None,923,None,344,None,116,None,6,None,146,None,56,None,8,None,144,None,41,None,41,None,3,None,11,None,0,None,1,None,0,None,5,None,0,None,0,None,0,None,0,None,1,None,134,None,27,None,0,None,88,None,1,None,0,None,1,None,5,None,10,None,0,None,1,None,1,None,0,None,0,None,0,None,0,None,3,None,0,None,3,None,0,None,0,None,0,None,0,None,0,None,0,None,51,177
"Stafford County, Virginia",156927,None,137754,None,90269,None,30400,None,1161,None,6251,None,266,None,9407,None,19173,None,17467,None,3124,None,2123,None,2506,None,147,None,7844,None,347,None,350,None,55,None,635,None,20,None,1,None,165,None,68,None,68,None,14,None,1456,None,414,None,182,None,13,None,249,None,74,None,1,None,257,None,113,None,104,None,0,None,8,None,0,None,16,None,8,None,16,None,1,None,0,None,0,None,0,None,0,None,235,None,65,None,7,None,132,None,14,None,11,None,5,None,0,None,0,None,0,None,0,None,1,None,0,None,0,None,0,None,0,None,12,None,7,None,5,None,0,None,0,None,0,None,0,None,3,None,3,None,51,179
"Staunton city, Virginia",25750,None,24027,None,20207,None,2935,None,84,None,323,None,12,None,466,None,1723,None,1556,None,501,None,374,None,98,None,8,None,504,None,15,None,11,None,0,None,34,None,6,None,2,None,1,None,0,None,2,None,0,None,143,None,85,None,18,None,7,None,11,None,1,None,1,None,7,None,0,None,6,None,3,None,0,None,0,None,0,None,3,None,0,None,0,None,0,None,0,None,1,None,0,None,23,None,3,None,0,None,5,None,0,None,5,None,0,None,1,None,8,None,0,None,1,None,0,None,0,None,0,None,0,None,0,None,1,None,1,None,0,None,0,None,0,None,0,None,0,None,0,None,0,None,51,790
"Suffolk city, Virginia",94324,None,88194,None,44723,None,39701,None,343,None,1708,None,74,None,1645,None,6130,None,5596,None,1446,None,1012,None,705,None,70,None,1478,None,345,None,145,None,18,None,315,None,7,None,0,None,24,None,16,None,11,None,4,None,460,None,196,None,65,None,0,None,79,None,11,None,4,None,35,None,25,None,37,None,0,None,0,None,2,None,0,None,5,None,1,None,0,None,0,None,0,None,0,None,0,None,62,None,25,None,0,None,28,None,3,None,0,None,0,None,1,None,4,None,0,None,0,None,1,None,0,None,0,None,0,None,0,None,12,None,7,None,1,None,0,None,0,None,0,None,4,None,0,None,0,None,51,800
"Surry County, Virginia",6561,None,6274,None,3483,None,2694,None,19,None,14,None,10,None,54,None,287,None,247,None,67,None,67,None,9,None,1,None,65,None,16,None,0,None,2,None,20,None,0,None,0,None,0,None,0,None,0,None,0,None,33,None,10,None,4,None,0,None,5,None,0,None,0,None,11,None,0,None,2,None,0,None,0,None,0,None,1,None,0,None,0,None,0,None,0,None,0,None,0,None,0,None,6,None,0,None,3,None,0,None,0,None,0,None,0,None,0,None,0,None,0,None,3,None,0,None,0,None,0,None,0,None,0,None,1,None,1,None,0,None,0,None,0,None,0,None,0,None,0,None,0,None,51,181
"Sussex County, Virginia",10829,None,10416,None,4501,None,5781,None,18,None,12,None,11,None,93,None,413,None,370,None,123,None,104,None,13,None,1,None,87,None,24,None,2,None,0,None,2,None,0,None,0,None,9,None,4,None,0,None,1,None,37,None,19,None,1,None,0,None,6,None,1,None,0,None,4,None,0,None,0,None,0,None,3,None,0,None,0,None,0,None,0,None,3,None,0,None,0,None,0,None,0,None,6,None,0,None,0,None,0,None,3,None,0,None,0,None,3,None,0,None,0,None,0,None,0,None,0,None,0,None,0,None,0,None,0,None,0,None,0,None,0,None,0,None,0,None,0,None,0,None,0,None,51,183
"Tazewell County, Virginia",40429,None,38977,None,37528,None,967,None,59,None,215,None,15,None,193,None,1452,None,1377,None,319,None,621,None,63,None,6,None,348,None,4,None,2,None,0,None,5,None,0,None,0,None,6,None,2,None,1,None,0,None,62,None,11,None,17,None,0,None,11,None,4,None,0,None,8,None,1,None,0,None,0,None,0,None,0,None,0,None,0,None,1,None,5,None,0,None,2,None,2,None,0,None,13,None,3,None,4,None,0,None,0,None,4,None,0,None,0,None,0,None,1,None,1,None,0,None,0,None,0,None,0,None,0,None,0,None,0,None,0,None,0,None,0,None,0,None,0,None,0,None,0,None,51,185
"Virginia Beach city, Virginia",459470,None,415348,None,278956,None,85478,None,1894,None,34305,None,756,None,13959,None,44122,None,39963,None,7812,None,5530,None,7830,None,505,None,13392,None,1061,None,1044,None,142,None,1637,None,74,None,9,None,161,None,383,None,314,None,69,None,3681,None,1066,None,572,None,48,None,516,None,287,None,21,None,345,None,327,None,293,None,1,None,29,None,8,None,53,None,74,None,18,None,15,None,1,None,0,None,0,None,7,None,448,None,150,None,4,None,164,None,38,None,23,None,0,None,24,None,19,None,0,None,18,None,0,None,3,None,0,None,5,None,0,None,30,None,15,None,14,None,0,None,0,None,0,None,1,None,0,None,0,None,51,810
"Warren County, Virginia",40727,None,37834,None,34386,None,1754,None,185,None,472,None,15,None,1022,None,2893,None,2735,None,528,None,746,None,281,None,15,None,1056,None,25,None,8,None,0,None,50,None,7,None,2,None,14,None,2,None,0,None,1,None,137,None,33,None,9,None,4,None,9,None,14,None,1,None,37,None,25,None,0,None,0,None,1,None,0,None,3,None,1,None,0,None,0,None,0,None,0,None,0,None,0,None,20,None,0,None,0,None,8,None,2,None,5,None,0,None,0,None,5,None,0,None,0,None,0,None,0,None,0,None,0,None,0,None,1,None,1,None,0,None,0,None,0,None,0,None,0,None,0,None,0,None,51,187
"Washington County, Virginia",53935,None,52093,None,50639,None,662,None,106,None,337,None,1,None,348,None,1842,None,1779,None,273,None,841,None,104,None,20,None,442,None,29,None,11,None,0,None,23,None,0,None,3,None,18,None,10,None,3,None,2,None,46,None,17,None,11,None,0,None,5,None,1,None,0,None,9,None,1,None,0,None,0,None,0,None,0,None,1,None,1,None,0,None,0,None,0,None,0,None,0,None,0,None,9,None,1,None,4,None,3,None,0,None,0,None,0,None,1,None,0,None,0,None,0,None,0,None,0,None,0,None,0,None,0,None,6,None,0,None,4,None,2,None,0,None,0,None,0,None,2,None,2,None,51,191
"Waynesboro city, Virginia",22196,None,20503,None,16562,None,2672,None,43,None,260,None,26,None,940,None,1693,None,1570,None,548,None,292,None,95,None,9,None,548,None,11,None,10,None,2,None,26,None,4,None,0,None,15,None,3,None,2,None,5,None,109,None,41,None,11,None,0,None,9,None,6,None,0,None,23,None,14,None,5,None,0,None,0,None,0,None,0,None,0,None,0,None,0,None,0,None,0,None,0,None,0,None,9,None,3,None,0,None,2,None,0,None,0,None,0,None,1,None,3,None,0,None,0,None,0,None,0,None,0,None,0,None,0,None,5,None,0,None,2,None,3,None,0,None,0,None,0,None,0,None,0,None,51,820
"Westmoreland County, Virginia",18477,None,17265,None,11941,None,4491,None,78,None,148,None,11,None,596,None,1212,None,1110,None,327,None,272,None,57,None,8,None,344,None,51,None,16,None,1,None,33,None,0,None,0,None,0,None,1,None,0,None,0,None,88,None,43,None,19,None,1,None,5,None,0,None,0,None,13,None,1,None,1,None,0,None,3,None,0,None,0,None,1,None,0,None,0,None,0,None,0,None,0,None,1,None,9,None,0,None,0,None,7,None,0,None,0,None,0,None,0,None,0,None,0,None,0,None,0,None,0,None,2,None,0,None,0,None,5,None,5,None,0,None,0,None,0,None,0,None,0,None,0,None,0,None,51,193
"Williamsburg city, Virginia",15425,None,14433,None,7572,None,5699,None,41,None,500,None,25,None,596,None,992,None,907,None,179,None,102,None,128,None,13,None,353,None,67,None,11,None,1,None,26,None,1,None,0,None,20,None,0,None,2,None,4,None,51,None,13,None,0,None,0,None,9,None,11,None,0,None,11,None,0,None,5,None,0,None,0,None,0,None,0,None,0,None,0,None,2,None,0,None,0,None,0,None,0,None,25,None,3,None,1,None,11,None,1,None,3,None,0,None,0,None,0,None,0,None,0,None,0,None,0,None,0,None,6,None,0,None,9,None,3,None,6,None,0,None,0,None,0,None,0,None,0,None,0,None,51,830
"Winchester city, Virginia",28120,None,25719,None,18336,None,2865,None,255,None,711,None,16,None,3536,None,2401,None,2281,None,558,None,354,None,149,None,8,None,1052,None,16,None,12,None,0,None,62,None,1,None,0,None,59,None,0,None,8,None,2,None,108,None,24,None,6,None,6,None,25,None,2,None,0,None,27,None,0,None,0,None,4,None,1,None,0,None,5,None,8,None,0,None,0,None,0,None,0,None,0,None,0,None,11,None,3,None,2,None,5,None,0,None,0,None,0,None,0,None,1,None,0,None,0,None,0,None,0,None,0,None,0,None,0,None,0,None,0,None,0,None,0,None,0,None,0,None,0,None,1,None,1,None,51,840
"Wise County, Virginia",36130,None,34991,None,32789,None,1802,None,55,None,153,None,11,None,181,None,1139,None,1100,None,199,None,571,None,52,None,8,None,234,None,11,None,1,None,2,None,13,None,2,None,0,None,0,None,7,None,0,None,0,None,36,None,16,None,4,None,0,None,7,None,5,None,0,None,0,None,1,None,3,None,0,None,0,None,0,None,0,None,0,None,0,None,0,None,0,None,0,None,0,None,0,None,1,None,0,None,0,None,0,None,0,None,0,None,0,None,0,None,0,None,0,None,0,None,0,None,0,None,0,None,0,None,1,None,2,None,0,None,2,None,0,None,0,None,0,None,0,None,0,None,0,None,51,195
"Wythe County, Virginia",28290,None,27212,None,26165,None,707,None,61,None,118,None,2,None,159,None,1078,None,1016,None,262,None,457,None,44,None,0,None,219,None,10,None,1,None,1,None,6,None,0,None,2,None,0,None,6,None,8,None,0,None,55,None,9,None,2,None,6,None,10,None,2,None,0,None,7,None,5,None,2,None,1,None,5,None,0,None,0,None,2,None,0,None,0,None,0,None,0,None,4,None,0,None,6,None,2,None,0,None,0,None,0,None,0,None,0,None,2,None,0,None,0,None,1,None,0,None,1,None,0,None,0,None,0,None,1,None,1,None,0,None,0,None,0,None,0,None,0,None,0,None,0,None,51,197
"York County, Virginia",70045,None,63358,None,48251,None,8930,None,258,None,4297,None,140,None,1482,None,6687,None,6040,None,1136,None,912,None,1332,None,67,None,2082,None,117,None,110,None,4,None,171,None,5,None,0,None,30,None,52,None,22,None,0,None,574,None,168,None,83,None,8,None,89,None,30,None,4,None,74,None,44,None,53,None,0,None,4,None,0,None,4,None,2,None,11,None,0,None,0,None,0,None,0,None,0,None,54,None,20,None,1,None,17,None,2,None,7,None,0,None,2,None,0,None,1,None,4,None,0,None,0,None,0,None,0,None,0,None,19,None,3,None,11,None,0,None,0,None,5,None,0,None,0,None,0,None,51,199
