NAME,P3_001N,P3_002N,P3_003N,P3_004N,P3_005N,P3_006N,P3_007N,P3_008N,P3_009N,P3_010N,P3_011N,P3_012N,P3_013N,P3_014N,P3_015N,P3_016N,P3_017N,P3_018N,P3_019N,P3_020N,P3_021N,P3_022N,P3_023N,P3_024N,P3_025N,P3_026N,P3_027N,P3_028N,P3_029N,P3_030N,P3_031N,P3_032N,P3_033N,P3_034N,P3_035N,P3_036N,P3_037N,P3_038N,P3_039N,P3_040N,P3_041N,P3_042N,P3_043N,P3_044N,P3_045N,P3_046N,P3_047N,P3_048N,P3_049N,P3_050N,P3_051N,P3_052N,P3_053N,P3_054N,P3_055N,P3_056N,P3_057N,P3_058N,P3_059N,P3_060N,P3_061N,P3_062N,P3_063N,P3_064N,P3_065N,P3_066N,P3_067N,P3_068N,P3_069N,P3_070N,P3_071N,state,county
"Accomack County, Virginia",26872,25743,17339,6707,198,195,1,1303,1129,1072,125,324,45,7,460,33,13,0,40,0,1,18,2,1,3,48,11,7,0,8,0,4,10,2,0,0,0,3,0,0,3,0,0,0,0,0,8,1,0,7,0,0,0,0,0,0,0,0,0,0,0,0,1,0,0,1,0,0,0,0,0,51,001
"Albemarle County, Virginia",89545,84681,66741,7864,221,7000,31,2824,4864,4586,603,695,697,21,2238,89,24,7,80,10,4,42,24,52,0,253,87,21,1,44,12,3,48,9,12,0,6,0,0,3,3,1,0,0,0,3,21,0,0,18,2,1,0,0,0,0,0,0,0,0,0,0,4,3,0,1,0,0,0,0,0,51,003
"Alexandria city, Virginia",130034,117601,70544,25652,745,9445,76,11139,12433,11592,1136,788,1830,57,6530,198,161,12,515,10,2,199,89,50,15,703,160,49,6,132,19,0,212,46,43,0,10,0,20,4,0,0,0,0,0,2,135,16,2,107,0,5,0,0,0,3,1,0,0,0,0,1,3,0,3,0,0,0,0,0,0,51,510
"Alleghany County, Virginia",12380,12037,11381,550,17,43,2,44,343,325,43,171,4,2,82,8,0,1,9,0,0,0,0,0,5,18,0,0,0,6,0,2,4,0,4,0,0,0,1,1,0,0,0,0,0,0,0,0,0,0,0,0,0,0,0,0,0,0,0,0,0,0,0,0,0,0,0,0,0,0,0,51,005
"Amelia County, Virginia",10588,10213,7810,2171,32,59,0,141,375,343,50,148,10,0,111,14,4,0,6,0,0,0,0,0,0,28,10,7,0,0,2,0,0,0,0,0,0,0,0,3,5,0,0,0,1,0,4,3,0,0,0,0,0,0,1,0,0,0,0,0,0,0,0,0,0,0,0,0,0,0,0,51,007
"Amherst County, Virginia",24919,23882,18815,4420,192,136,16,303,1037,979,218,402,32,6,219,78,5,0,9,2,1,4,0,2,1,53,40,1,0,10,1,0,1,0,0,0,0,0,0,0,0,0,0,0,0,0,5,0,0,4,0,1,0,0,0,0,0,0,0,0,0,0,0,0,0,0,0,0,0,0,0,51,009
"Appomattox County, Virginia",12545,12165,9764,2224,35,34,0,108,380,346,73,131,19,0,106,12,1,0,4,0,0,0,0,0,0,27,23,0,0,4,0,0,0,0,0,0,0,0,0,0,0,0,0,0,0,0,1,0,1,0,0,0,0,0,0,0,0,0,0,0,0,0,6,0,5,1,0,0,0,0,0,51,011
"Arlington County, Virginia",196563,178538,123471,17159,1171,23715,127,12895,18025,16927,1364,1018,2967,91,10176,184,194,15,423,34,0,257,87,102,15,955,179,42,0,194,45,5,322,58,82,2,5,3,15,1,2,0,0,0,0,0,142,19,0,98,0,4,0,2,14,0,5,0,0,0,0,0,1,0,1,0,0,0,0,0,0,51,013
"Augusta County, Virginia",62017,59916,55951,2681,152,361,23,748,2101,2002,235,846,96,11,735,23,9,0,13,0,0,25,3,4,2,95,34,0,2,5,6,0,19,11,7,1,0,0,0,8,2,0,0,0,0,0,4,2,0,1,0,0,0,0,0,1,0,0,0,0,0,0,0,0,0,0,0,0,0,0,0,51,015
"Bath County, Virginia",3512,3386,3249,103,4,16,1,13,126,121,23,49,6,0,28,5,0,0,6,1,0,3,0,0,0,5,1,0,0,2,0,0,0,1,0,0,0,0,0,1,0,0,0,0,0,0,0,0,0,0,0,0,0,0,0,0,0,0,0,0,0,0,0,0,0,0,0,0,0,0,0,51,017
"Bedford County, Virginia",63582,61295,55890,3938,158,726,22,561,2287,2164,259,878,155,4,768,42,12,1,19,7,0,17,1,1,0,115,45,2,0,13,13,0,24,8,4,0,3,0,2,0,0,0,0,0,1,0,8,1,0,3,0,0,0,3,0,0,1,0,0,0,0,0,0,0,0,0,0,0,0,0,0,51,019
"Bland County, Virginia",5328,5178,4998,168,0,6,0,6,150,133,14,80,5,0,27,0,0,0,1,0,0,0,0,6,0,12,0,0,4,7,0,0,0,0,0,0,0,0,1,0,0,0,0,0,0,0,5,2,0,0,0,0,1,1,1,0,0,0,0,0,0,0,0,0,0,0,0,0,0,0,0,51,021
"Botetourt County, Virginia",26924,26087,24883,768,55,172,3,206,837,795,70,354,67,0,291,4,2,0,3,0,4,0,0,0,0,38,12,6,4,2,0,0,10,0,0,0,0,0,0,0,2,0,0,2,0,0,3,0,0,1,0,0,0,0,0,0,1,0,0,0,0,1,1,0,1,0,0,0,0,0,0,51,023
"Bristol city, Virginia",13724,13080,12065,771,47,121,4,72,644,625,96,252,16,5,225,12,2,1,3,0,0,6,0,2,5,16,11,0,0,1,1,0,0,0,1,0,1,0,0,0,0,0,0,1,0,0,3,1,1,0,1,0,0,0,0,0,0,0,0,0,0,0,0,0,0,0,0,0,0,0,0,51,520
"Brunswick County, Virginia",13337,13112,5658,7252,17,34,5,146,225,205,73,54,1,4,29,23,11,0,2,0,0,0,5,2,1,19,0,2,0,6,1,0,0,4,2,0,4,0,0,0,0,0,0,0,0,0,1,0,1,0,0,0,0,0,0,0,0,0,0,0,0,0,0,0,0,0,0,0,0,0,0,51,025
"Buchanan County, Virginia",16787,16536,15971,491,15,45,4,10,251,241,20,131,0,2,62,3,0,0,8,0,0,0,13,2,0,10,0,0,0,0,3,0,0,0,0,0,4,1,2,0,0,0,0,0,0,0,0,0,0,0,0,0,0,0,0,0,0,0,0,0,0,0,0,0,0,0,0,0,0,0,0,51,027
"Buckingham County, Virginia",13623,13253,8514,4555,39,50,1,94,370,324,93,122,8,0,78,5,0,0,8,1,0,0,4,0,5,45,17,5,1,3,4,0,0,0,4,2,2,0,0,6,1,0,0,0,0,0,1,0,0,0,0,0,0,1,0,0,0,0,0,0,0,0,0,0,0,0,0,0,0,0,0,51,029
"Buena Vista city, Virginia",5354,5077,4695,244,30,29,24,55,277,254,31,140,14,0,58,2,2,0,4,0,0,2,1,0,0,16,1,0,2,8,1,0,0,0,1,0,0,2,0,0,0,0,0,1,0,0,7,0,0,7,0,0,0,0,0,0,0,0,0,0,0,0,0,0,0,0,0,0,0,0,0,51,530
"Campbell County, Virginia",44155,42494,34994,6264,151,476,12,597,1661,1587,298,606,113,4,462,61,5,0,31,0,0,3,0,3,1,62,30,10,2,3,2,3,6,0,3,3,0,0,0,0,0,0,0,0,0,0,12,3,0,2,0,0,0,0,2,0,5,0,0,0,0,0,0,0,0,0,0,0,0,0,0,51,031
"Caroline County, Virginia",23869,22511,15140,6210,139,243,10,769,1358,1247,257,345,80,15,399,75,16,6,41,1,0,0,7,2,3,104,49,4,3,11,6,0,5,12,6,0,5,1,0,0,2,0,0,0,0,0,0,0,0,0,0,0,0,0,0,0,0,0,0,0,0,0,3,3,0,0,0,0,0,4,4,51,033
"Carroll County, Virginia",23710,23006,22440,122,42,67,3,332,704,685,55,331,12,10,260,0,2,1,10,0,0,0,0,1,3,12,5,2,0,0,0,0,0,4,0,0,0,0,0,0,0,0,0,0,0,1,7,0,0,7,0,0,0,0,0,0,0,0,0,0,0,0,0,0,0,0,0,0,0,0,0,51,035
"Charles City County, Virginia",5779,5549,2598,2461,393,35,6,56,230,198,40,67,7,2,35,38,0,3,1,0,0,5,0,0,0,22,20,0,0,0,0,0,0,0,0,0,0,0,0,0,0,0,0,0,0,2,10,2,0,0,0,1,0,6,0,0,1,0,0,0,0,0,0,0,0,0,0,0,0,0,0,51,036
"Charlotte County, Virginia",9129,8867,6148,2543,22,20,6,128,262,237,33,86,15,5,65,11,4,0,13,3,0,2,0,0,0,24,19,1,0,0,0,0,4,0,0,0,0,0,0,0,0,0,0,0,0,0,1,1,0,0,0,0,0,0,0,0,0,0,0,0,0,0,0,0,0,0,0,0,0,0,0,51,037
"Charlottesville city, Virginia",38880,36402,26334,5498,116,3535,22,897,2478,2345,345,247,596,13,970,48,32,2,60,0,0,22,4,6,0,98,33,7,1,16,7,2,22,0,2,0,0,1,5,0,2,0,0,0,0,0,31,1,2,15,0,8,0,0,5,0,0,0,0,0,0,0,4,3,1,0,0,0,0,0,0,51,540
"Chesapeake city, Virginia",189288,177558,109709,54933,898,7135,255,4628,11730,10825,1481,2384,1605,119,3700,520,224,14,547,20,1,68,105,30,7,776,289,65,13,92,43,1,96,52,55,1,5,0,27,30,5,0,0,2,0,0,111,20,3,62,12,0,0,7,0,0,0,0,0,0,7,0,18,5,9,4,0,0,0,0,0,51,550
"Chesterfield County, Virginia",276953,260683,170818,63041,1209,10457,162,14996,16270,15241,1981,2594,1401,85,7232,618,237,20,789,16,0,137,52,59,20,934,416,56,1,129,43,5,137,53,45,0,15,5,19,4,2,3,0,0,0,1,79,15,1,56,1,3,0,2,1,0,0,0,0,0,0,0,16,4,12,0,0,0,0,0,0,51,041
"Clarke County, Virginia",11893,11252,10255,478,36,177,8,298,641,599,60,194,48,0,292,2,0,3,0,0,0,0,0,0,0,36,6,3,0,2,0,0,9,0,9,4,0,0,1,0,0,0,0,2,0,0,4,0,0,3,0,0,1,0,0,0,0,0,0,0,0,0,0,0,0,0,0,0,0,2,2,51,043
"Colonial Heights city, Virginia",14237,13354,10438,2033,35,482,13,353,883,817,105,237,88,7,309,31,16,0,16,0,0,0,0,8,0,53,18,0,0,9,6,2,4,5,0,0,0,0,4,5,0,0,0,0,0,0,7,0,0,1,0,3,0,0,0,0,3,0,0,0,0,0,6,1,5,0,0,0,0,0,0,51,570
"Covington city, Virginia",4560,4398,3730,583,13,26,5,41,162,148,40,51,3,7,34,0,0,2,6,0,0,0,0,5,0,13,3,0,0,2,0,0,4,2,0,1,0,0,0,1,0,0,0,0,0,0,1,1,0,0,0,0,0,0,0,0,0,0,0,0,0,0,0,0,0,0,0,0,0,0,0,51,580
"Craig County, Virginia",3973,3861,3824,5,5,8,3,16,112,109,7,80,1,0,18,1,0,0,0,0,0,0,0,0,2,2,0,0,0,0,1,0,0,0,0,0,0,0,0,0,0,0,0,1,0,0,1,0,0,1,0,0,0,0,0,0,0,0,0,0,0,0,0,0,0,0,0,0,0,0,0,51,045
"Culpeper County, Virginia",39903,37251,28645,5121,256,620,20,2589,2652,2504,332,507,173,10,1284,41,10,7,62,1,2,58,12,4,1,138,58,0,0,13,5,6,28,15,8,2,3,0,0,0,0,0,0,0,0,0,8,0,0,3,0,0,0,0,0,0,2,0,0,3,0,0,2,2,0,0,0,0,0,0,0,51,047
"Cumberland County, Virginia",7701,7437,4965,2314,39,36,6,77,264,242,58,91,14,0,60,14,0,0,5,0,0,0,0,0,0,20,9,4,0,1,6,0,0,0,0,0,0,0,0,0,0,0,0,0,0,0,2,0,0,0,0,0,0,0,0,0,2,0,0,0,0,0,0,0,0,0,0,0,0,0,0,51,049
"Danville city, Virginia",33776,32841,15050,16524,151,391,0,725,935,857,229,216,21,6,256,70,4,0,41,1,1,12,0,0,0,60,40,1,0,3,1,0,5,0,0,1,0,0,0,8,0,1,0,0,0,0,13,5,0,3,1,0,0,2,2,0,0,0,0,0,0,0,5,0,5,0,0,0,0,0,0,51,590
"Dickenson County, Virginia",11373,11167,11084,35,20,13,2,13,206,194,15,114,2,11,46,0,0,0,1,0,0,0,0,5,0,5,0,0,0,2,0,0,0,3,0,0,0,0,0,0,0,0,0,0,0,0,5,0,0,4,0,1,0,0,0,0,0,0,0,0,0,0,2,0,2,0,0,0,0,0,0,51,051
"Dinwiddie County, Virginia",21990,21194,13980,6583,107,110,3,411,796,731,143,267,39,0,211,37,8,1,9,4,0,7,0,5,0,53,18,12,0,11,0,0,1,1,7,0,0,0,0,3,0,0,0,0,0,0,10,1,5,3,0,0,0,1,0,0,0,0,0,0,0,0,2,0,2,0,0,0,0,0,0,51,053
"Emporia city, Virginia",4398,4270,1319,2706,16,46,6,177,128,98,50,8,5,0,2,12,0,10,4,0,0,7,0,0,0,26,6,3,5,0,0,0,5,1,2,0,4,0,0,0,0,0,0,0,0,0,2,0,0,0,0,0,0,0,1,0,1,0,0,0,0,0,2,2,0,0,0,0,0,0,0,51,595
"Essex County, Virginia",8598,8280,5083,2956,63,54,0,124,318,281,81,84,18,1,65,20,0,2,6,0,0,4,0,0,0,32,23,2,0,1,3,0,0,0,2,0,0,0,0,0,1,0,0,0,0,0,5,5,0,0,0,0,0,0,0,0,0,0,0,0,0,0,0,0,0,0,0,0,0,0,0,51,057
"Fairfax County, Virginia",882106,798896,455804,83857,4711,184717,684,69123,83210,78868,5137,4682,13487,323,49059,691,768,53,1882,163,6,1390,485,663,79,3753,738,273,18,551,166,5,1227,232,347,11,47,8,47,22,34,0,3,17,0,7,523,77,7,331,16,34,0,14,35,0,8,0,0,0,0,1,65,31,27,5,0,0,2,1,1,51,059
"Fairfax city, Virginia",19443,17559,11248,877,111,3790,10,1523,1884,1791,78,112,261,1,1239,8,8,0,40,0,0,17,6,18,3,72,14,3,0,15,3,0,29,4,2,0,0,0,0,1,0,0,0,0,1,0,16,0,3,10,0,0,0,0,1,0,2,0,0,0,0,0,3,3,0,0,0,0,0,2,2,51,600
"Falls Church city, Virginia",11049,10092,7963,440,31,1236,7,415,957,888,59,91,181,0,513,9,7,0,11,5,0,0,12,0,0,58,13,4,5,13,0,0,14,0,7,0,0,0,2,0,0,0,0,0,0,0,7,1,0,6,0,0,0,0,0,0,0,0,0,0,0,0,4,0,3,1,0,0,0,0,0,51,610
"Fauquier County, Virginia",56104,52256,44779,4080,235,993,38,2131,3848,3603,376,749,312,33,1913,42,25,6,51,1,0,69,10,14,2,212,74,10,0,16,15,4,58,2,19,0,6,0,1,4,0,0,0,0,0,3,27,7,0,14,6,0,0,0,0,0,0,0,0,0,0,0,6,3,3,0,0,0,0,0,0,51,061
"Floyd County, Virginia",12408,11940,11505,205,11,34,0,185,468,425,35,191,16,8,169,0,0,4,0,0,0,0,2,0,0,24,18,4,0,0,0,2,0,0,0,0,0,0,0,0,0,0,0,0,0,0,13,2,1,0,1,0,0,0,4,4,0,1,0,0,0,0,6,0,5,1,0,0,0,0,0,51,063
"Fluvanna County, Virginia",21838,20812,17223,3050,67,177,7,288,1026,940,174,242,69,5,375,28,5,0,21,1,0,0,18,2,0,79,28,5,1,8,0,1,13,11,9,2,1,0,0,0,0,0,0,0,0,0,5,2,0,0,0,0,0,0,0,0,0,0,0,0,3,0,2,1,1,0,0,0,0,0,0,51,065
"Franklin County, Virginia",44197,42740,38517,3208,113,259,23,620,1457,1378,231,582,52,0,433,37,1,0,23,0,0,8,1,7,3,73,37,0,3,5,0,4,9,5,6,0,1,2,0,1,0,0,0,0,0,0,6,3,0,2,1,0,0,0,0,0,0,0,0,0,0,0,0,0,0,0,0,0,0,0,0,51,067
"Franklin city, Virginia",6293,6100,2539,3409,34,63,3,52,193,172,43,50,8,0,28,21,5,0,13,0,0,0,4,0,0,17,7,0,0,3,0,0,4,0,0,0,0,1,0,0,0,0,0,0,0,2,4,1,0,0,0,0,0,0,3,0,0,0,0,0,0,0,0,0,0,0,0,0,0,0,0,51,620
"Frederick County, Virginia",70428,66105,58535,2871,223,1307,36,3133,4323,4103,382,1000,284,24,2247,32,20,0,47,3,1,41,6,16,0,196,51,18,0,20,9,0,71,10,7,3,0,0,0,3,3,0,0,0,0,1,20,3,0,8,1,2,1,0,4,0,0,0,0,0,1,0,0,0,0,0,0,0,0,4,4,51,069
"Fredericksburg city, Virginia",22249,20607,13709,4584,130,900,26,1258,1642,1505,249,236,218,15,620,41,31,5,68,3,0,10,5,1,3,109,40,14,3,20,1,0,20,5,0,2,0,0,4,0,0,0,0,0,0,0,13,6,0,7,0,0,0,0,0,0,0,0,0,0,0,0,12,2,10,0,0,0,0,3,3,51,630
"Galax city, Virginia",5318,5069,4330,289,24,43,1,382,249,234,28,70,14,2,88,4,2,3,12,2,0,6,0,0,3,13,0,1,0,3,1,0,0,0,0,0,4,0,4,0,0,0,0,0,0,0,1,0,0,1,0,0,0,0,0,0,0,0,0,0,0,0,1,0,0,0,1,0,0,0,0,51,640
"Giles County, Virginia",13425,13004,12684,182,28,55,0,55,421,401,40,220,11,0,120,6,0,0,3,0,0,0,1,0,0,19,4,0,2,7,0,0,4,2,0,0,0,0,0,0,0,0,0,0,0,0,1,0,0,0,0,0,0,1,0,0,0,0,0,0,0,0,0,0,0,0,0,0,0,0,0,51,071
"Gloucester County, Virginia",31072,29413,26380,2348,126,269,20,270,1659,1558,141,578,182,25,539,45,7,0,34,0,0,4,0,2,1,87,32,0,0,11,11,0,18,5,0,0,7,0,0,0,0,0,3,0,0,0,14,4,1,3,1,0,0,0,0,0,2,0,0,0,3,0,0,0,0,0,0,0,0,0,0,51,073
"Goochland County, Virginia",20405,19666,16073,2823,64,427,3,276,739,688,81,179,77,1,312,16,8,0,2,0,0,2,4,6,0,44,25,1,1,2,6,0,6,1,2,0,0,0,0,0,0,0,0,0,0,0,3,0,0,0,0,0,0,0,0,0,2,1,0,0,0,0,2,0,2,0,0,0,0,2,2,51,075
"Grayson County, Virginia",12874,12480,11419,847,28,20,2,164,394,371,40,147,15,0,157,0,0,0,10,0,0,0,2,0,0,11,6,1,0,0,1,0,2,1,0,0,0,0,0,0,0,0,0,0,0,0,12,0,0,8,0,4,0,0,0,0,0,0,0,0,0,0,0,0,0,0,0,0,0,0,0,51,077
"Greene County, Virginia",15892,15127,13138,1126,28,368,5,462,765,730,135,210,60,14,277,12,0,4,3,2,0,13,0,0,0,31,3,7,0,8,7,0,5,0,0,0,0,0,0,0,0,1,0,0,0,0,4,0,0,4,0,0,0,0,0,0,0,0,0,0,0,0,0,0,0,0,0,0,0,0,0,51,079
"Greensville County, Virginia",9691,9517,3831,5600,19,28,0,39,174,163,40,31,17,1,28,11,2,4,6,0,0,1,22,0,0,11,2,5,0,0,0,0,1,3,0,0,0,0,0,0,0,0,0,0,0,0,0,0,0,0,0,0,0,0,0,0,0,0,0,0,0,0,0,0,0,0,0,0,0,0,0,51,081
"Halifax County, Virginia",27225,26608,16592,9485,65,160,3,303,617,580,176,179,4,13,137,44,1,0,22,0,0,0,0,4,0,28,20,6,0,0,0,2,0,0,0,0,0,0,0,0,0,0,0,0,0,0,2,2,0,0,0,0,0,0,0,0,0,0,0,0,0,0,7,6,1,0,0,0,0,0,0,51,083
"Hampton city, Virginia",109170,102510,43259,53136,503,3012,190,2410,6660,5940,1255,982,660,53,1477,601,211,33,540,10,2,33,49,19,15,613,327,33,6,77,30,0,31,18,25,0,10,6,15,25,3,0,0,3,0,4,105,45,0,35,12,0,0,9,1,0,2,0,0,0,0,1,2,0,2,0,0,0,0,0,0,51,650
"Hanover County, Virginia",85823,82123,71335,7762,307,1578,27,1114,3700,3513,357,1127,368,20,1418,75,30,0,64,2,2,22,12,12,4,166,69,15,0,9,4,3,32,11,12,1,1,0,2,2,4,0,0,1,0,0,12,10,0,2,0,0,0,0,0,0,0,0,0,0,0,0,9,5,0,1,3,0,0,0,0,51,085
"Harrisonburg city, Virginia",42444,38832,29521,3205,218,1827,22,4039,3612,3469,354,318,481,11,2032,27,28,6,142,0,0,38,22,10,0,128,32,9,0,20,4,3,47,6,0,0,0,0,4,0,0,0,3,0,0,0,15,0,1,7,0,1,0,0,0,0,4,0,2,0,0,0,0,0,0,0,0,0,0,0,0,51,660
"Henrico County, Virginia",258936,245748,139302,74450,992,23375,113,7516,13188,12393,1843,1842,1420,55,5636,598,204,29,587,13,0,54,51,61,0,731,363,52,1,105,25,3,102,37,5,1,13,6,8,0,9,0,0,1,0,0,58,18,2,30,0,2,0,0,2,0,3,0,0,0,1,0,6,6,0,0,0,0,0,0,0,51,087
"Henry County, Virginia",41087,39545,29146,9027,122,229,12,1009,1542,1469,265,407,37,3,617,67,8,0,32,0,0,18,4,9,2,68,38,0,1,8,0,0,18,1,0,0,0,0,0,0,2,0,0,0,0,0,5,0,0,3,0,0,0,2,0,0,0,0,0,0,0,0,0,0,0,0,0,0,0,0,0,51,089
"Highland County, Virginia",1903,1850,1829,2,1,6,0,12,53,40,1,26,0,4,8,1,0,0,0,0,0,0,0,0,0,9,1,0,1,0,0,0,2,0,1,0,0,1,0,0,0,0,2,0,0,1,3,0,0,0,0,1,0,1,1,0,0,0,0,0,0,0,1,1,0,0,0,0,0,0,0,51,091
"Hopewell city, Virginia",17545,16576,8559,7036,92,219,16,654,969,919,184,185,64,0,311,56,33,1,61,0,0,8,14,2,0,33,19,1,0,3,0,0,7,1,0,0,0,0,0,1,0,0,0,0,0,1,17,0,0,14,0,0,0,0,0,0,0,0,0,0,3,0,0,0,0,0,0,0,0,0,0,51,670
"Isle of Wight County, Virginia",30382,29072,21378,6891,143,311,16,333,1310,1219,153,412,132,0,383,73,11,1,39,0,0,5,2,3,5,76,31,6,0,6,10,0,13,9,0,0,0,0,1,0,0,0,0,0,0,0,14,9,0,4,0,0,0,0,0,0,1,0,0,0,0,0,1,0,1,0,0,0,0,0,0,51,093
"James City County, Virginia",62868,59406,48193,7784,204,1853,36,1336,3462,3223,374,666,432,35,1438,83,29,4,101,4,0,27,16,11,3,210,78,14,0,18,19,0,29,23,9,0,4,0,5,2,3,0,0,0,5,1,29,6,8,15,0,0,0,0,0,0,0,0,0,0,0,0,0,0,0,0,0,0,0,0,0,51,095
"King George County, Virginia",19948,18533,14562,3110,140,355,13,353,1415,1281,193,396,137,9,467,35,8,3,21,0,0,4,5,3,0,113,25,12,1,10,8,0,18,13,14,2,3,0,7,0,0,0,0,0,0,0,13,0,0,8,4,1,0,0,0,0,0,0,0,0,0,0,4,1,3,0,0,0,0,4,4,51,099
"King William County, Virginia",13744,13224,10585,2159,212,104,7,157,520,485,85,191,44,3,127,21,4,0,3,3,0,1,1,2,0,19,15,0,0,4,0,0,0,0,0,0,0,0,0,0,0,0,0,0,0,0,10,4,1,2,1,0,0,2,0,0,0,0,0,0,0,0,6,3,2,0,0,1,0,0,0,51,101
"King and Queen County, Virginia",5456,5244,3781,1300,77,18,0,68,212,197,32,74,10,0,63,4,0,4,10,0,0,0,0,0,0,15,1,8,0,0,1,0,0,0,2,0,0,0,0,0,3,0,0,0,0,0,0,0,0,0,0,0,0,0,0,0,0,0,0,0,0,0,0,0,0,0,0,0,0,0,0,51,097
"Lancaster County, Virginia",9388,9176,6753,2287,20,68,1,47,212,190,25,73,13,2,61,9,0,0,0,0,0,1,6,0,0,19,3,0,0,2,4,0,0,6,0,0,3,0,0,1,0,0,0,0,0,0,1,0,0,0,0,1,0,0,0,0,0,0,0,0,0,0,2,0,2,0,0,0,0,0,0,51,103
"Lee County, Virginia",17900,17510,16482,861,66,37,0,64,390,360,17,255,8,1,74,0,0,0,0,0,0,0,2,3,0,19,1,2,0,0,4,0,8,0,0,0,0,4,0,0,0,0,0,0,0,0,11,0,0,2,0,0,0,0,0,0,8,0,0,0,0,1,0,0,0,0,0,0,0,0,0,51,105
"Lexington city, Virginia",6489,6260,5482,397,9,275,0,97,229,205,25,31,53,1,65,2,1,1,13,0,0,5,0,3,5,24,6,1,0,0,6,0,1,6,0,0,1,0,3,0,0,0,0,0,0,0,0,0,0,0,0,0,0,0,0,0,0,0,0,0,0,0,0,0,0,0,0,0,0,0,0,51,678
"Loudoun County, Virginia",302792,276330,170084,22410,1102,63181,208,19345,26462,25086,1884,2011,4484,110,14826,200,231,13,525,45,0,398,130,196,33,1163,278,87,9,196,50,6,307,95,91,5,13,0,18,8,0,0,0,0,0,0,201,43,0,115,6,13,0,9,13,0,2,0,0,0,0,0,12,0,11,0,0,1,0,0,0,51,107
"Louisa County, Virginia",29861,28463,23291,4446,136,204,18,368,1398,1316,238,468,69,5,418,40,12,0,39,0,0,14,6,4,3,69,34,0,0,0,8,0,13,4,3,0,0,0,1,0,4,0,2,0,0,0,11,1,0,10,0,0,0,0,0,0,0,0,0,0,0,0,2,0,2,0,0,0,0,0,0,51,109
"Lunenburg County, Virginia",9579,9232,5849,3145,23,25,6,184,347,329,55,114,20,0,103,16,3,0,9,0,0,4,5,0,0,18,6,0,7,0,0,0,1,1,3,0,0,0,0,0,0,0,0,0,0,0,0,0,0,0,0,0,0,0,0,0,0,0,0,0,0,0,0,0,0,0,0,0,0,0,0,51,111
"Lynchburg city, Virginia",64409,61617,41890,16128,210,1456,39,1894,2792,2547,576,619,245,14,757,151,29,11,99,5,0,5,25,10,1,228,126,16,0,25,14,0,16,15,10,0,0,0,0,1,4,0,0,0,0,1,12,0,1,8,0,0,0,0,0,0,0,0,0,3,0,0,5,0,3,0,1,0,1,0,0,51,680
"Madison County, Virginia",10922,10477,9342,900,16,83,0,136,445,416,80,135,24,9,138,11,2,3,6,8,0,0,0,0,0,28,13,0,0,1,0,0,6,0,3,0,0,0,0,4,0,0,0,0,0,1,1,0,0,0,0,1,0,0,0,0,0,0,0,0,0,0,0,0,0,0,0,0,0,0,0,51,113
"Manassas Park city, Virginia",12701,11175,4403,1661,122,1491,10,3488,1526,1451,102,82,85,4,1024,17,10,13,47,0,0,59,2,6,0,72,19,0,2,24,5,0,17,1,0,1,0,0,2,0,0,1,0,0,0,0,3,0,0,0,0,1,0,0,1,0,0,1,0,0,0,0,0,0,0,0,0,0,0,0,0,51,685
"Manassas city, Virginia",31660,27953,13555,3911,371,2174,30,7912,3707,3479,221,227,251,3,2473,49,22,0,116,5,0,97,4,5,6,213,34,11,0,32,13,0,89,2,12,0,3,0,5,3,3,0,2,4,0,0,15,2,0,6,1,5,0,0,0,0,0,1,0,0,0,0,0,0,0,0,0,0,0,0,0,51,683
"Martinsville city, Virginia",10659,10197,5040,4699,30,85,4,339,462,411,123,72,11,0,142,16,6,0,27,0,0,0,14,0,0,32,9,2,0,0,1,0,12,2,0,0,0,0,1,1,0,4,0,0,0,0,18,6,2,4,3,0,0,0,0,0,0,0,0,0,3,0,1,0,0,1,0,0,0,0,0,51,690
"Mathews County, Virginia",7212,6929,6237,578,5,38,12,59,283,261,27,142,15,0,61,10,0,0,5,1,0,0,0,0,0,19,5,0,0,0,0,0,6,0,5,0,2,0,1,0,0,0,0,0,0,0,3,0,0,3,0,0,0,0,0,0,0,0,0,0,0,0,0,0,0,0,0,0,0,0,0,51,115
"Mecklenburg County, Virginia",24728,24091,15243,8296,57,161,0,334,637,602,150,174,26,0,157,54,5,0,31,0,0,4,1,0,0,33,22,1,0,3,2,0,0,0,0,3,0,2,0,0,0,0,0,0,0,0,1,0,0,0,0,0,0,1,0,0,0,0,0,0,0,0,1,0,0,0,0,0,1,0,0,51,117
"Middlesex County, Virginia",9035,8706,7260,1311,33,27,0,75,329,318,46,141,16,0,77,18,0,0,1,0,0,9,0,10,0,7,3,0,0,0,4,0,0,0,0,0,0,0,0,0,0,0,0,0,0,0,4,2,1,0,0,0,0,0,1,0,0,0,0,0,0,0,0,0,0,0,0,0,0,0,0,51,119
"Montgomery County, Virginia",83609,79400,66943,3462,175,7552,40,1228,4209,4043,521,944,978,13,1425,34,33,0,49,0,0,18,19,7,2,138,51,16,0,3,18,0,22,9,0,6,2,0,0,0,10,1,0,0,0,0,20,3,0,15,0,2,0,0,0,0,0,0,0,0,0,0,8,4,4,0,0,0,0,0,0,51,121
"Nelson County, Virginia",12287,11810,10185,1284,38,56,0,247,477,436,52,181,25,9,145,11,0,0,8,0,3,2,0,0,0,35,13,4,4,0,0,0,3,0,8,0,0,0,0,3,0,0,0,0,0,0,6,1,0,5,0,0,0,0,0,0,0,0,0,0,0,0,0,0,0,0,0,0,0,0,0,51,125
"New Kent County, Virginia",18177,17300,14387,2315,195,188,8,207,877,819,73,315,77,21,264,26,13,9,14,2,0,0,0,4,1,55,22,0,0,8,4,3,10,3,3,1,0,0,1,0,0,0,0,0,0,0,3,0,3,0,0,0,0,0,0,0,0,0,0,0,0,0,0,0,0,0,0,0,0,0,0,51,127
"Newport News city, Virginia",144719,134510,62924,59030,720,5281,317,6238,10209,9326,1726,1264,1093,57,3184,675,265,47,756,24,1,94,75,45,20,785,345,62,6,97,49,10,53,48,43,1,19,5,20,2,10,0,0,1,0,14,79,25,5,32,5,3,0,2,2,0,0,1,0,0,4,0,16,4,12,0,0,0,0,3,3,51,700
"Norfolk city, Virginia",192486,179525,88457,74424,1131,7911,424,7178,12961,11785,2245,1890,1559,127,3856,654,312,40,769,26,0,89,149,57,12,1032,425,82,11,123,66,7,124,85,20,0,6,0,25,50,1,0,0,0,0,7,137,33,3,50,30,10,1,4,5,0,0,0,0,1,0,0,7,5,2,0,0,0,0,0,0,51,710
"Northampton County, Virginia",10057,9635,6093,3047,56,62,8,369,422,398,51,51,22,0,242,19,1,0,3,0,0,9,0,0,0,18,15,0,0,0,0,0,2,0,0,0,0,0,0,0,0,1,0,0,0,0,3,0,0,0,0,0,0,0,0,0,3,0,0,0,0,0,3,0,3,0,0,0,0,0,0,51,131
"Northumberland County, Virginia",10114,9787,7483,2090,23,58,0,133,327,298,51,85,18,0,122,17,0,0,0,3,0,0,0,0,2,22,9,0,0,5,0,0,0,6,0,0,0,0,0,0,0,0,0,0,0,2,7,0,0,4,0,2,0,0,0,0,1,0,0,0,0,0,0,0,0,0,0,0,0,0,0,51,133
"Norton city, Virginia",2895,2792,2601,140,5,23,0,23,103,97,24,34,5,0,30,1,2,1,0,0,0,0,0,0,0,1,1,0,0,0,0,0,0,0,0,0,0,0,0,0,0,0,0,0,0,0,2,0,0,0,0,0,0,0,2,0,0,0,0,0,0,0,1,0,0,0,0,0,1,2,2,51,720
"Nottoway County, Virginia",12721,12291,7179,4794,55,48,0,215,430,393,74,108,10,0,137,25,6,0,20,2,0,6,5,0,0,31,20,0,0,0,2,3,0,0,0,0,4,0,0,0,0,0,0,0,2,0,1,0,0,1,0,0,0,0,0,0,0,0,0,0,0,0,5,2,3,0,0,0,0,0,0,51,135
"Orange County, Virginia",28591,27069,22637,3443,127,262,19,581,1522,1436,240,412,104,2,578,41,8,2,27,0,0,4,14,4,0,80,32,12,4,11,3,0,12,5,0,0,0,0,0,1,0,0,0,0,0,0,6,5,0,0,0,1,0,0,0,0,0,0,0,0,0,0,0,0,0,0,0,0,0,0,0,51,137
"Page County, Virginia",18981,18419,17783,367,43,104,5,117,562,519,46,229,46,2,179,1,0,1,2,3,0,3,0,5,2,40,4,12,2,6,0,0,8,5,0,0,1,0,2,0,0,0,0,0,0,0,3,0,0,2,0,1,0,0,0,0,0,0,0,0,0,0,0,0,0,0,0,0,0,0,0,51,139
"Patrick County, Virginia",14532,14120,13124,694,27,43,3,229,412,398,59,175,14,5,127,3,0,0,2,0,0,0,2,9,2,13,11,0,0,2,0,0,0,0,0,0,0,0,0,0,0,0,0,0,0,0,1,0,1,0,0,0,0,0,0,0,0,0,0,0,0,0,0,0,0,0,0,0,0,0,0,51,141
"Petersburg city, Virginia",27056,25923,4861,19825,120,291,30,796,1133,1001,304,96,49,6,249,157,27,3,86,4,0,5,15,0,0,115,87,6,0,21,0,0,0,0,0,1,0,0,0,0,0,0,0,0,0,0,16,8,0,0,0,8,0,0,0,0,0,0,0,0,0,0,1,0,1,0,0,0,0,0,0,51,730
"Pittsylvania County, Virginia",48776,47515,36396,10222,125,220,11,541,1261,1200,208,475,55,1,371,47,5,0,29,0,0,0,7,2,0,58,42,0,0,5,4,0,6,0,0,0,0,0,0,0,0,0,0,0,0,1,3,0,0,1,0,2,0,0,0,0,0,0,0,0,0,0,0,0,0,0,0,0,0,0,0,51,143
"Poquoson city, Virginia",9593,9137,8686,100,31,217,6,97,456,423,15,132,81,18,174,0,0,0,2,0,0,0,0,1,0,16,5,2,0,0,0,0,2,3,2,0,0,0,0,0,0,0,0,0,0,2,8,0,4,4,0,0,0,0,0,0,0,0,0,0,0,0,9,3,4,0,0,2,0,0,0,51,735
"Portsmouth city, Virginia",76164,72273,30306,39094,342,1088,99,1344,3891,3505,896,702,325,31,810,355,79,13,227,1,0,10,51,3,2,336,170,22,2,32,27,0,23,16,19,0,1,0,17,4,0,0,1,0,2,0,41,11,0,21,0,1,0,2,0,0,0,6,0,0,0,0,9,7,0,2,0,0,0,0,0,51,740
"Powhatan County, Virginia",23936,22970,20346,2231,61,144,18,170,966,914,106,371,74,3,329,9,6,0,9,0,0,2,5,0,0,39,26,0,0,0,0,0,6,2,0,0,0,2,1,2,0,0,0,0,0,0,8,0,0,0,8,0,0,0,0,0,0,0,0,0,0,0,5,0,5,0,0,0,0,0,0,51,145
"Prince Edward County, Virginia",18384,17732,8946,7924,29,153,1,679,652,609,141,144,25,8,158,88,3,1,33,0,0,0,4,4,0,34,22,0,4,0,2,0,2,0,0,0,0,0,0,3,0,0,0,0,0,1,5,0,0,4,0,0,0,0,1,0,0,0,0,0,0,0,4,0,4,0,0,0,0,0,0,51,147
"Prince George County, Virginia",34541,32757,19623,10529,224,753,102,1526,1784,1649,260,346,161,9,614,58,27,12,107,0,0,10,29,16,0,100,42,7,0,7,3,9,11,1,1,2,8,3,4,0,1,0,0,0,0,1,28,7,4,12,1,0,0,2,0,0,0,2,0,0,0,0,6,6,0,0,0,0,0,1,1,51,149
"Prince William County, Virginia",353402,313786,155486,71774,2596,38149,423,45358,39616,37197,3175,2678,4712,167,22413,648,556,58,1434,49,4,837,180,239,47,2089,554,166,16,339,56,0,626,95,110,13,19,5,51,8,18,0,0,1,0,12,294,49,1,194,4,16,2,11,10,0,0,0,5,0,2,0,36,19,17,0,0,0,0,0,0,51,153
"Pulaski County, Virginia",27769,26779,24974,1384,58,133,3,227,990,935,160,446,47,5,239,14,0,3,13,4,0,0,3,1,0,49,23,3,0,8,0,6,4,4,0,0,0,0,0,0,1,0,0,0,0,0,6,0,0,4,0,2,0,0,0,0,0,0,0,0,0,0,0,0,0,0,0,0,0,0,0,51,155
"Radford city, Virginia",13832,13258,10645,1939,35,205,6,428,574,531,132,168,64,3,143,11,3,0,3,0,0,0,0,0,4,41,24,2,0,0,0,1,6,0,3,2,0,0,3,0,0,0,0,0,0,0,2,0,0,2,0,0,0,0,0,0,0,0,0,0,0,0,0,0,0,0,0,0,0,0,0,51,750
"Rappahannock County, Virginia",6139,5833,5506,178,10,59,3,77,306,286,15,82,24,5,150,3,3,0,0,0,0,0,1,0,3,9,6,0,0,0,0,0,0,0,0,1,0,0,0,0,0,0,0,0,0,2,11,2,0,8,0,0,0,0,0,0,1,0,0,0,0,0,0,0,0,0,0,0,0,0,0,51,157
"Richmond County, Virginia",7348,7108,4820,2060,16,33,0,179,240,225,38,47,19,0,92,1,5,0,6,0,1,0,15,0,1,14,9,0,0,0,0,0,0,0,0,0,0,0,5,0,0,0,0,0,0,0,1,0,1,0,0,0,0,0,0,0,0,0,0,0,0,0,0,0,0,0,0,0,0,0,0,51,159
"Richmond city, Virginia",187946,177256,87846,72164,712,5885,66,10583,10690,9856,1899,1117,1588,41,3482,646,245,25,529,9,5,136,41,68,25,740,296,75,12,96,24,0,92,52,28,0,19,0,20,11,6,0,0,1,7,1,89,15,0,50,0,13,5,1,4,0,0,1,0,0,0,0,5,3,2,0,0,0,0,0,0,51,760
"Roanoke County, Virginia",77144,74060,65853,4437,199,2604,23,944,3084,2925,409,1028,278,17,1047,40,13,0,61,7,0,5,8,10,2,142,50,9,0,26,1,5,20,9,7,0,0,0,5,5,0,0,3,0,2,0,13,4,0,7,0,0,0,0,0,0,0,0,0,0,2,0,3,3,0,0,0,0,0,1,1,51,161
"Roanoke city, Virginia",78948,74456,48797,20296,323,1906,34,3100,4492,4239,898,1022,286,10,1575,161,40,12,178,7,0,23,4,18,5,238,159,14,0,21,12,0,26,0,5,0,0,0,1,0,0,0,0,0,0,0,15,11,0,4,0,0,0,0,0,0,0,0,0,0,0,0,0,0,0,0,0,0,0,0,0,51,770
"Rockbridge County, Virginia",18521,17847,16999,445,74,154,6,169,674,650,63,365,30,7,171,4,3,0,1,0,2,1,1,2,0,22,9,0,1,4,2,0,0,0,0,0,0,0,3,0,0,0,0,0,0,3,2,0,0,2,0,0,0,0,0,0,0,0,0,0,0,0,0,0,0,0,0,0,0,0,0,51,163
"Rockingham County, Virginia",65371,62493,57836,1532,208,702,16,2199,2878,2733,281,637,176,10,1461,20,1,0,77,1,0,53,11,0,5,136,39,9,0,15,0,0,46,18,1,1,0,0,0,0,7,0,0,0,0,0,9,1,0,6,2,0,0,0,0,0,0,0,0,0,0,0,0,0,0,0,0,0,0,0,0,51,165
"Russell County, Virginia",20830,20426,20140,194,19,34,1,38,404,399,33,264,13,0,76,5,0,3,0,2,0,0,3,0,0,4,4,0,0,0,0,0,0,0,0,0,0,0,0,0,0,0,0,0,0,0,0,0,0,0,0,0,0,0,0,0,0,0,0,0,0,0,1,0,1,0,0,0,0,0,0,51,167
"Salem city, Virginia",20582,19727,17458,1456,42,446,5,320,855,788,155,240,62,7,265,26,6,1,14,0,0,3,0,6,3,63,18,0,0,9,0,3,6,10,4,0,0,0,2,3,0,7,1,0,0,0,1,0,0,0,0,0,0,0,0,0,1,0,0,0,0,0,3,3,0,0,0,0,0,0,0,51,775
"Scott County, Virginia",17656,17168,16947,109,31,24,4,53,488,477,26,243,13,5,167,1,5,0,3,1,7,4,2,0,0,5,2,0,0,2,0,0,0,1,0,0,0,0,0,0,0,0,0,0,0,0,6,1,2,1,0,0,1,1,0,0,0,0,0,0,0,0,0,0,0,0,0,0,0,0,0,51,169
"Shenandoah County, Virginia",34862,33244,30848,821,154,288,8,1125,1618,1562,129,535,92,3,743,13,3,0,18,1,0,19,4,2,0,47,16,0,0,6,5,0,10,0,8,1,0,0,0,0,0,0,0,0,0,1,4,1,1,0,0,0,0,1,0,0,1,0,0,0,0,0,5,0,5,0,0,0,0,0,0,51,171
"Smyth County, Virginia",23953,23251,22616,348,40,82,1,164,702,668,70,369,32,0,179,0,2,2,3,2,0,4,2,3,0,26,3,5,3,0,0,0,13,2,0,0,0,0,0,0,0,0,0,0,0,0,6,4,2,0,0,0,0,0,0,0,0,0,0,0,0,0,2,0,2,0,0,0,0,0,0,51,173
"Southampton County, Virginia",14513,14090,9023,4886,56,47,14,64,423,374,78,166,7,0,74,27,3,0,1,0,0,5,12,0,1,49,33,0,0,7,2,1,1,2,0,0,0,0,3,0,0,0,0,0,0,0,0,0,0,0,0,0,0,0,0,0,0,0,0,0,0,0,0,0,0,0,0,0,0,0,0,51,175
"Spotsylvania County, Virginia",105356,97223,70834,17286,506,3079,102,5416,8133,7581,1080,1548,752,49,3418,210,88,24,292,0,4,60,23,23,10,463,200,30,4,71,18,2,91,14,20,0,11,0,1,0,1,0,0,0,0,0,89,23,0,62,0,0,0,0,4,0,0,0,0,0,0,0,0,0,0,0,0,0,0,0,0,51,177
"Stafford County, Virginia",115060,103845,69742,22079,864,4692,196,6272,11215,10349,1231,1513,1258,78,5224,238,173,20,393,7,0,122,47,37,8,725,230,65,7,97,34,1,161,57,39,0,6,0,13,4,10,1,0,0,0,0,127,38,2,76,7,4,0,0,0,0,0,0,0,0,0,0,12,7,5,0,0,0,0,2,2,51,179
"Staunton city, Virginia",21005,19993,16901,2397,79,253,4,359,1012,929,159,295,49,0,375,15,7,0,21,6,2,0,0,0,0,70,41,8,0,6,0,0,3,0,6,3,0,0,0,3,0,0,0,0,0,0,13,3,0,4,0,5,0,1,0,0,0,0,0,0,0,0,0,0,0,0,0,0,0,0,0,51,790
"Suffolk city, Virginia",72009,68442,35853,29787,275,1352,55,1120,3567,3286,618,728,339,33,1001,244,72,5,208,7,0,15,9,6,1,236,113,20,0,31,5,0,27,18,21,0,0,0,0,0,1,0,0,0,0,0,40,17,0,18,3,0,0,1,1,0,0,0,0,0,0,0,5,1,0,0,0,0,4,0,0,51,800
"Surry County, Virginia",5429,5266,2944,2260,13,11,6,32,163,148,20,55,7,1,43,16,0,0,6,0,0,0,0,0,0,9,8,0,0,0,0,0,0,0,0,0,0,0,1,0,0,0,0,0,0,0,6,0,3,0,0,0,0,0,0,0,3,0,0,0,0,0,0,0,0,0,0,0,0,0,0,51,181
"Sussex County, Virginia",9211,8966,3910,4958,14,11,5,68,245,227,51,70,13,1,60,14,2,0,2,0,0,9,4,0,1,18,10,1,0,0,0,0,4,0,0,0,3,0,0,0,0,0,0,0,0,0,0,0,0,0,0,0,0,0,0,0,0,0,0,0,0,0,0,0,0,0,0,0,0,0,0,51,183
"Tazewell County, Virginia",32852,31862,30648,827,47,177,15,148,990,937,118,501,33,0,270,4,2,0,0,0,0,6,2,1,0,46,6,8,0,10,4,0,8,0,0,0,0,0,0,0,1,5,0,2,2,0,7,3,4,0,0,0,0,0,0,0,0,0,0,0,0,0,0,0,0,0,0,0,0,0,0,51,185
"Virginia Beach city, Virginia",358086,331710,226556,64907,1505,27927,576,10239,26376,24305,3375,4119,3993,299,9359,776,545,87,1074,45,5,122,302,159,45,1818,606,162,18,241,123,11,215,190,112,0,21,6,42,51,13,3,1,0,0,3,240,55,4,118,9,5,0,19,10,0,13,0,3,0,4,0,13,7,5,0,0,0,1,0,0,51,810
"Warren County, Virginia",31741,29994,27400,1374,140,399,10,671,1747,1670,172,557,135,4,723,21,6,0,29,7,0,13,2,0,1,69,18,0,0,0,8,1,20,21,0,0,0,0,1,0,0,0,0,0,0,0,8,0,0,8,0,0,0,0,0,0,0,0,0,0,0,0,0,0,0,0,0,0,0,0,0,51,187
"Washington County, Virginia",43964,42698,41571,565,86,242,1,233,1266,1220,111,669,54,13,313,24,4,0,4,0,3,13,7,3,2,34,17,0,0,5,1,0,9,1,0,0,0,0,0,1,0,0,0,0,0,0,6,1,4,0,0,0,0,1,0,0,0,0,0,0,0,0,6,0,4,2,0,0,0,0,0,51,191
"Waynesboro city, Virginia",17424,16487,13602,2012,25,218,19,611,937,877,170,238,59,3,355,9,9,0,14,0,0,10,3,2,5,48,24,1,0,2,5,0,9,5,2,0,0,0,0,0,0,0,0,0,0,0,8,2,0,2,0,0,0,1,3,0,0,0,0,0,0,0,4,0,1,3,0,0,0,0,0,51,820
"Westmoreland County, Virginia",15055,14314,10113,3591,71,118,4,417,741,682,117,230,33,4,244,41,1,0,12,0,0,0,0,0,0,45,28,2,0,4,0,0,8,1,0,0,0,0,0,1,0,0,0,0,0,1,9,0,0,7,0,0,0,0,0,0,0,0,0,2,0,0,5,5,0,0,0,0,0,0,0,51,193
"Williamsburg city, Virginia",13910,13220,6908,5323,30,467,20,472,690,636,72,93,91,11,268,58,11,0,19,0,0,12,0,1,0,33,11,0,0,7,6,0,7,0,0,0,0,0,0,0,0,2,0,0,0,0,15,3,1,11,0,0,0,0,0,0,0,0,0,0,0,0,6,0,6,0,0,0,0,0,0,51,830
"Winchester city, Virginia",22235,20744,15441,2262,177,580,16,2268,1491,1409,222,281,94,1,709,12,9,0,41,1,0,37,0,2,0,74,15,6,5,9,0,0,27,0,0,4,1,0,5,2,0,0,0,0,0,0,7,0,1,5,0,0,0,0,1,0,0,0,0,0,0,0,0,0,0,0,0,0,0,1,1,51,840
"Wise County, Virginia",29151,28392,26377,1686,47,128,11,143,759,733,79,445,33,6,151,11,0,2,4,2,0,0,0,0,0,23,13,4,0,0,5,0,0,1,0,0,0,0,0,0,0,0,0,0,0,0,1,0,0,0,0,0,0,0,0,0,0,0,0,0,0,1,2,0,2,0,0,0,0,0,0,51,195
"Wythe County, Virginia",22692,22012,21129,600,58,109,2,114,680,659,96,350,21,0,170,9,1,1,2,0,0,0,3,6,0,18,2,0,0,5,2,0,1,0,2,1,5,0,0,0,0,0,0,0,0,0,2,0,0,0,0,0,0,1,0,0,1,0,0,0,0,0,1,1,0,0,0,0,0,0,0,51,197
"York County, Virginia",52982,49305,37882,6792,213,3300,98,1020,3677,3356,416,629,608,40,1338,84,51,2,109,2,0,21,48,8,0,285,104,20,8,52,14,0,37,26,10,0,0,0,4,2,8,0,0,0,0,0,26,9,1,10,0,0,0,2,0,0,4,0,0,0,0,0,10,3,2,0,0,5,0,0,0,51,199
