variable,label
P1_001N,"Total:"
P1_001NA,""
P1_002N,"Total: / Population of one race:"
P1_002NA,""
P1_003N,"Total: / Population of one race: / White alone"
P1_003NA,""
P1_004N,"Total: / Population of one race: / Black or African American alone"
P1_004NA,""
P1_005N,"Total: / Population of one race: / American Indian and Alaska Native alone"
P1_005NA,""
P1_006N,"Total: / Population of one race: / Asian alone"
P1_006NA,""
P1_007N,"Total: / Population of one race: / Native Hawaiian and Other Pacific Islander alone"
P1_007NA,""
P1_008N,"Total: / Population of one race: / Some Other Race alone"
P1_008NA,""
P1_009N,"Total: / Population of two or more races:"
P1_009NA,""
P1_010N,"Total: / Population of two or more races: / Population of two races:"
P1_010NA,""
P1_011N,"Total: / Population of two or more races: / Population of two races: / White; Black or African American"
P1_011NA,""
P1_012N,"Total: / Population of two or more races: / Population of two races: / White; American Indian and Alaska Native"
P1_012NA,""
P1_013N,"Total: / Population of two or more races: / Population of two races: / White; Asian"
P1_013NA,""
P1_014N,"Total: / Population of two or more races: / Population of two races: / White; Native Hawaiian and Other Pacific Islander"
P1_014NA,""
P1_015N,"Total: / Population of two or more races: / Population of two races: / White; Some Other Race"
P1_015NA,""
P1_016N,"Total: / Population of two or more races: / Population of two races: / Black or African American; American Indian and Alaska Native"
P1_016NA,""
P1_017N,"Total: / Population of two or more races: / Population of two races: / Black or African American; Asian"
P1_017NA,""
P1_018N,"Total: / Population of two or more races: / Population of two races: / Black or African American; Native Hawaiian and Other Pacific Islander"
P1_018NA,""
P1_019N,"Total: / Population of two or more races: / Population of two races: / Black or African American; Some Other Race"
P1_019NA,""
P1_020N,"Total: / Population of two or more races: / Population of two races: / American Indian and Alaska Native; Asian"
P1_020NA,""
P1_021N,"Total: / Population of two or more races: / Population of two races: / American Indian and Alaska Native; Native Hawaiian and Other Pacific Islander"
P1_021NA,""
P1_022N,"Total: / Population of two or more races: / Population of two races: / American Indian and Alaska Native; Some Other Race"
P1_022NA,""
P1_023N,"Total: / Population of two or more races: / Population of two races: / Asian; Native Hawaiian and Other Pacific Islander"
P1_023NA,""
P1_024N,"Total: / Population of two or more races: / Population of two races: / Asian; Some Other Race"
P1_024NA,""
P1_025N,"Total: / Population of two or more races: / Population of two races: / Native Hawaiian and Other Pacific Islander; Some Other Race"
P1_025NA,""
P1_026N,"Total: / Population of two or more races: / Population of three races:"
P1_026NA,""
P1_027N,"Total: / Population of two or more races: / Population of three races: / White; Black or African American; American Indian and Alaska Native"
P1_027NA,""
P1_028N,"Total: / Population of two or more races: / Population of three races: / White; Black or African American; Asian"
P1_028NA,""
P1_029N,"Total: / Population of two or more races: / Population of three races: / White; Black or African American; Native Hawaiian and Other Pacific Islander"
P1_029NA,""
P1_030N,"Total: / Population of two or more races: / Population of three races: / White; Black or African American; Some Other Race"
P1_030NA,""
P1_031N,"Total: / Population of two or more races: / Population of three races: / White; American Indian and Alaska Native; Asian"
P1_031NA,""
P1_032N,"Total: / Population of two or more races: / Population of three races: / White; American Indian and Alaska Native; Native Hawaiian and Other Pacific Islander"
P1_032NA,""
P1_033N,"Total: / Population of two or more races: / Population of three races: / White; American Indian and Alaska Native; Some Other Race"
P1_033NA,""
P1_034N,"Total: / Population of two or more races: / Population of three races: / White; Asian; Native Hawaiian and Other Pacific Islander"
P1_034NA,""
P1_035N,"Total: / Population of two or more races: / Population of three races: / White; Asian; Some Other Race"
P1_035NA,""
P1_036N,"Total: / Population of two or more races: / Population of three races: / White; Native Hawaiian and Other Pacific Islander; Some Other Race"
P1_036NA,""
P1_037N,"Total: / Population of two or more races: / Population of three races: / Black or African American; American Indian and Alaska Native; Asian"
P1_037NA,""
P1_038N,"Total: / Population of two or more races: / Population of three races: / Black or African American; American Indian and Alaska Native; Native Hawaiian and Other Pacific Islander"
P1_038NA,""
P1_039N,"Total: / Population of two or more races: / Population of three races: / Black or African American; American Indian and Alaska Native; Some Other Race"
P1_039NA,""
P1_040N,"Total: / Population of two or more races: / Population of three races: / Black or African American; Asian; Native Hawaiian and Other Pacific Islander"
P1_040NA,""
P1_041N,"Total: / Population of two or more races: / Population of three races: / Black or African American; Asian; Some Other Race"
P1_041NA,""
P1_042N,"Total: / Population of two or more races: / Population of three races: / Black or African American; Native Hawaiian and Other Pacific Islander; Some Other Race"
P1_042NA,""
P1_043N,"Total: / Population of two or more races: / Population of three races: / American Indian and Alaska Native; Asian; Native Hawaiian and Other Pacific Islander"
P1_043NA,""
P1_044N,"Total: / Population of two or more races: / Population of three races: / American Indian and Alaska Native; Asian; Some Other Race"
P1_044NA,""
P1_045N,"Total: / Population of two or more races: / Population of three races: / American Indian and Alaska Native; Native Hawaiian and Other Pacific Islander; Some Other Race"
P1_045NA,""
P1_046N,"Total: / Population of two or more races: / Population of three races: / Asian; Native Hawaiian and Other Pacific Islander; Some Other Race"
P1_046NA,""
P1_047N,"Total: / Population of two or more races: / Population of four races:"
P1_047NA,""
P1_048N,"Total: / Population of two or more races: / Population of four races: / White; Black or African American; American Indian and Alaska Native; Asian"
P1_048NA,""
P1_049N,"Total: / Population of two or more races: / Population of four races: / White; Black or African American; American Indian and Alaska Native; Native Hawaiian and Other Pacific Islander"
P1_049NA,""
P1_050N,"Total: / Population of two or more races: / Population of four races: / White; Black or African American; American Indian and Alaska Native; Some Other Race"
P1_050NA,""
P1_051N,"Total: / Population of two or more races: / Population of four races: / White; Black or African American; Asian; Native Hawaiian and Other Pacific Islander"
P1_051NA,""
P1_052N,"Total: / Population of two or more races: / Population of four races: / White; Black or African American; Asian; Some Other Race"
P1_052NA,""
P1_053N,"Total: / Population of two or more races: / Population of four races: / White; Black or African American; Native Hawaiian and Other Pacific Islander; Some Other Race"
P1_053NA,""
P1_054N,"Total: / Population of two or more races: / Population of four races: / White; American Indian and Alaska Native; Asian; Native Hawaiian and Other Pacific Islander"
P1_054NA,""
P1_055N,"Total: / Population of two or more races: / Population of four races: / White; American Indian and Alaska Native; Asian; Some Other Race"
P1_055NA,""
P1_056N,"Total: / Population of two or more races: / Population of four races: / White; American Indian and Alaska Native; Native Hawaiian and Other Pacific Islander; Some Other Race"
P1_056NA,""
P1_057N,"Total: / Population of two or more races: / Population of four races: / White; Asian; Native Hawaiian and Other Pacific Islander; Some Other Race"
P1_057NA,""
P1_058N,"Total: / Population of two or more races: / Population of four races: / Black or African American; American Indian and Alaska Native; Asian; Native Hawaiian and Other Pacific Islander"
P1_058NA,""
P1_059N,"Total: / Population of two or more races: / Population of four races: / Black or African American; American Indian and Alaska Native; Asian; Some Other Race"
P1_059NA,""
P1_060N,"Total: / Population of two or more races: / Population of four races: / Black or African American; American Indian and Alaska Native; Native Hawaiian and Other Pacific Islander; Some Other Race"
P1_060NA,""
P1_061N,"Total: / Population of two or more races: / Population of four races: / Black or African American; Asian; Native Hawaiian and Other Pacific Islander; Some Other Race"
P1_061NA,""
P1_062N,"Total: / Population of two or more races: / Population of four races: / American Indian and Alaska Native; Asian; Native Hawaiian and Other Pacific Islander; Some Other Race"
P1_062NA,""
P1_063N,"Total: / Population of two or more races: / Population of five races:"
P1_063NA,""
P1_064N,"Total: / Population of two or more races: / Population of five races: / White; Black or African American; American Indian and Alaska Native; Asian; Native Hawaiian and Other Pacific Islander"
P1_064NA,""
P1_065N,"Total: / Population of two or more races: / Population of five races: / White; Black or African American; American Indian and Alaska Native; Asian; Some Other Race"
P1_065NA,""
P1_066N,"Total: / Population of two or more races: / Population of five races: / White; Black or African American; American Indian and Alaska Native; Native Hawaiian and Other Pacific Islander; Some Other Race"
P1_066NA,""
P1_067N,"Total: / Population of two or more races: / Population of five races: / White; Black or African American; Asian; Native Hawaiian and Other Pacific Islander; Some Other Race"
P1_067NA,""
P1_068N,"Total: / Population of two or more races: / Population of five races: / White; American Indian and Alaska Native; Asian; Native Hawaiian and Other Pacific Islander; Some Other Race"
P1_068NA,""
P1_069N,"Total: / Population of two or more races: / Population of five races: / Black or African American; American Indian and Alaska Native; Asian; Native Hawaiian and Other Pacific Islander; Some Other Race"
P1_069NA,""
P1_070N,"Total: / Population of two or more races: / Population of six races:"
P1_070NA,""
P1_071N,"Total: / Population of two or more races: / Population of six races: / White; Black or African American; American Indian and Alaska Native; Asian; Native Hawaiian and Other Pacific Islander; Some Other Race"
P1_071NA,""
P2_001N,"Total:"
P2_001NA,""
P2_002N,"Total: / Hispanic or Latino"
P2_002NA,""
P2_003N,"Total: / Not Hispanic or Latino:"
P2_003NA,""
P2_004N,"Total: / Not Hispanic or Latino: / Population of one race:"
P2_004NA,""
P2_005N,"Total: / Not Hispanic or Latino: / Population of one race: / White alone"
P2_005NA,""
P2_006N,"Total: / Not Hispanic or Latino: / Population of one race: / Black or African American alone"
P2_006NA,""
P2_007N,"Total: / Not Hispanic or Latino: / Population of one race: / American Indian and Alaska Native alone"
P2_007NA,""
P2_008N,"Total: / Not Hispanic or Latino: / Population of one race: / Asian alone"
P2_008NA,""
P2_009N,"Total: / Not Hispanic or Latino: / Population of one race: / Native Hawaiian and Other Pacific Islander alone"
P2_009NA,""
P2_010N,"Total: / Not Hispanic or Latino: / Population of one race: / Some Other Race alone"
P2_010NA,""
P2_011N,"Total: / Not Hispanic or Latino: / Population of two or more races:"
P2_011NA,""
P2_012N,"Total: / Not Hispanic or Latino: / Population of two or more races: / Population of two races:"
P2_012NA,""
P2_013N,"Total: / Not Hispanic or Latino: / Population of two or more races: / Population of two races: / White; Black or African American"
P2_013NA,""
P2_014N,"Total: / Not Hispanic or Latino: / Population of two or more races: / Population of two races: / White; American Indian and Alaska Native"
P2_014NA,""
P2_015N,"Total: / Not Hispanic or Latino: / Population of two or more races: / Population of two races: / White; Asian"
P2_015NA,""
P2_016N,"Total: / Not Hispanic or Latino: / Population of two or more races: / Population of two races: / White; Native Hawaiian and Other Pacific Islander"
P2_016NA,""
P2_017N,"Total: / Not Hispanic or Latino: / Population of two or more races: / Population of two races: / White; Some Other Race"
P2_017NA,""
P2_018N,"Total: / Not Hispanic or Latino: / Population of two or more races: / Population of two races: / Black or African American; American Indian and Alaska Native"
P2_018NA,""
P2_019N,"Total: / Not Hispanic or Latino: / Population of two or more races: / Population of two races: / Black or African American; Asian"
P2_019NA,""
P2_020N,"Total: / Not Hispanic or Latino: / Population of two or more races: / Population of two races: / Black or African American; Native Hawaiian and Other Pacific Islander"
P2_020NA,""
P2_021N,"Total: / Not Hispanic or Latino: / Population of two or more races: / Population of two races: / Black or African American; Some Other Race"
P2_021NA,""
P2_022N,"Total: / Not Hispanic or Latino: / Population of two or more races: / Population of two races: / American Indian and Alaska Native; Asian"
P2_022NA,""
P2_023N,"Total: / Not Hispanic or Latino: / Population of two or more races: / Population of two races: / American Indian and Alaska Native; Native Hawaiian and Other Pacific Islander"
P2_023NA,""
P2_024N,"Total: / Not Hispanic or Latino: / Population of two or more races: / Population of two races: / American Indian and Alaska Native; Some Other Race"
P2_024NA,""
P2_025N,"Total: / Not Hispanic or Latino: / Population of two or more races: / Population of two races: / Asian; Native Hawaiian and Other Pacific Islander"
P2_025NA,""
P2_026N,"Total: / Not Hispanic or Latino: / Population of two or more races: / Population of two races: / Asian; Some Other Race"
P2_026NA,""
P2_027N,"Total: / Not Hispanic or Latino: / Population of two or more races: / Population of two races: / Native Hawaiian and Other Pacific Islander; Some Other Race"
P2_027NA,""
P2_028N,"Total: / Not Hispanic or Latino: / Population of two or more races: / Population of three races:"
P2_028NA,""
P2_029N,"Total: / Not Hispanic or Latino: / Population of two or more races: / Population of three races: / White; Black or African American; American Indian and Alaska Native"
P2_029NA,""
P2_030N,"Total: / Not Hispanic or Latino: / Population of two or more races: / Population of three races: / White; Black or African American; Asian"
P2_030NA,""
P2_031N,"Total: / Not Hispanic or Latino: / Population of two or more races: / Population of three races: / White; Black or African American; Native Hawaiian and Other Pacific Islander"
P2_031NA,""
P2_032N,"Total: / Not Hispanic or Latino: / Population of two or more races: / Population of three races: / White; Black or African American; Some Other Race"
P2_032NA,""
P2_033N,"Total: / Not Hispanic or Latino: / Population of two or more races: / Population of three races: / White; American Indian and Alaska Native; Asian"
P2_033NA,""
P2_034N,"Total: / Not Hispanic or Latino: / Population of two or more races: / Population of three races: / White; American Indian and Alaska Native; Native Hawaiian and Other Pacific Islander"
P2_034NA,""
P2_035N,"Total: / Not Hispanic or Latino: / Population of two or more races: / Population of three races: / White; American Indian and Alaska Native; Some Other Race"
P2_035NA,""
P2_036N,"Total: / Not Hispanic or Latino: / Population of two or more races: / Population of three races: / White; Asian; Native Hawaiian and Other Pacific Islander"
P2_036NA,""
P2_037N,"Total: / Not Hispanic or Latino: / Population of two or more races: / Population of three races: / White; Asian; Some Other Race"
P2_037NA,""
P2_038N,"Total: / Not Hispanic or Latino: / Population of two or more races: / Population of three races: / White; Native Hawaiian and Other Pacific Islander; Some Other Race"
P2_038NA,""
P2_039N,"Total: / Not Hispanic or Latino: / Population of two or more races: / Population of three races: / Black or African American; American Indian and Alaska Native; Asian"
P2_039NA,""
P2_040N,"Total: / Not Hispanic or Latino: / Population of two or more races: / Population of three races: / Black or African American; American Indian and Alaska Native; Native Hawaiian and Other Pacific Islander"
P2_040NA,""
P2_041N,"Total: / Not Hispanic or Latino: / Population of two or more races: / Population of three races: / Black or African American; American Indian and Alaska Native; Some Other Race"
P2_041NA,""
P2_042N,"Total: / Not Hispanic or Latino: / Population of two or more races: / Population of three races: / Black or African American; Asian; Native Hawaiian and Other Pacific Islander"
P2_042NA,""
P2_043N,"Total: / Not Hispanic or Latino: / Population of two or more races: / Population of three races: / Black or African American; Asian; Some Other Race"
P2_043NA,""
P2_044N,"Total: / Not Hispanic or Latino: / Population of two or more races: / Population of three races: / Black or African American; Native Hawaiian and Other Pacific Islander; Some Other Race"
P2_044NA,""
P2_045N,"Total: / Not Hispanic or Latino: / Population of two or more races: / Population of three races: / American Indian and Alaska Native; Asian; Native Hawaiian and Other Pacific Islander"
P2_045NA,""
P2_046N,"Total: / Not Hispanic or Latino: / Population of two or more races: / Population of three races: / American Indian and Alaska Native; Asian; Some Other Race"
P2_046NA,""
P2_047N,"Total: / Not Hispanic or Latino: / Population of two or more races: / Population of three races: / American Indian and Alaska Native; Native Hawaiian and Other Pacific Islander; Some Other Race"
P2_047NA,""
P2_048N,"Total: / Not Hispanic or Latino: / Population of two or more races: / Population of three races: / Asian; Native Hawaiian and Other Pacific Islander; Some Other Race"
P2_048NA,""
P2_049N,"Total: / Not Hispanic or Latino: / Population of two or more races: / Population of four races:"
P2_049NA,""
P2_050N,"Total: / Not Hispanic or Latino: / Population of two or more races: / Population of four races: / White; Black or African American; American Indian and Alaska Native; Asian"
P2_050NA,""
P2_051N,"Total: / Not Hispanic or Latino: / Population of two or more races: / Population of four races: / White; Black or African American; American Indian and Alaska Native; Native Hawaiian and Other Pacific Islander"
P2_051NA,""
P2_052N,"Total: / Not Hispanic or Latino: / Population of two or more races: / Population of four races: / White; Black or African American; American Indian and Alaska Native; Some Other Race"
P2_052NA,""
P2_053N,"Total: / Not Hispanic or Latino: / Population of two or more races: / Population of four races: / White; Black or African American; Asian; Native Hawaiian and Other Pacific Islander"
P2_053NA,""
P2_054N,"Total: / Not Hispanic or Latino: / Population of two or more races: / Population of four races: / White; Black or African American; Asian; Some Other Race"
P2_054NA,""
P2_055N,"Total: / Not Hispanic or Latino: / Population of two or more races: / Population of four races: / White; Black or African American; Native Hawaiian and Other Pacific Islander; Some Other Race"
P2_055NA,""
P2_056N,"Total: / Not Hispanic or Latino: / Population of two or more races: / Population of four races: / White; American Indian and Alaska Native; Asian; Native Hawaiian and Other Pacific Islander"
P2_056NA,""
P2_057N,"Total: / Not Hispanic or Latino: / Population of two or more races: / Population of four races: / White; American Indian and Alaska Native; Asian; Some Other Race"
P2_057NA,""
P2_058N,"Total: / Not Hispanic or Latino: / Population of two or more races: / Population of four races: / White; American Indian and Alaska Native; Native Hawaiian and Other Pacific Islander; Some Other Race"
P2_058NA,""
P2_059N,"Total: / Not Hispanic or Latino: / Population of two or more races: / Population of four races: / White; Asian; Native Hawaiian and Other Pacific Islander; Some Other Race"
P2_059NA,""
P2_060N,"Total: / Not Hispanic or Latino: / Population of two or more races: / Population of four races: / Black or African American; American Indian and Alaska Native; Asian; Native Hawaiian and Other Pacific Islander"
P2_060NA,""
P2_061N,"Total: / Not Hispanic or Latino: / Population of two or more races: / Population of four races: / Black or African American; American Indian and Alaska Native; Asian; Some Other Race"
P2_061NA,""
P2_062N,"Total: / Not Hispanic or Latino: / Population of two or more races: / Population of four races: / Black or African American; American Indian and Alaska Native; Native Hawaiian and Other Pacific Islander; Some Other Race"
P2_062NA,""
P2_063N,"Total: / Not Hispanic or Latino: / Population of two or more races: / Population of four races: / Black or African American; Asian; Native Hawaiian and Other Pacific Islander; Some Other Race"
P2_063NA,""
P2_064N,"Total: / Not Hispanic or Latino: / Population of two or more races: / Population of four races: / American Indian and Alaska Native; Asian; Native Hawaiian and Other Pacific Islander; Some Other Race"
P2_064NA,""
P2_065N,"Total: / Not Hispanic or Latino: / Population of two or more races: / Population of five races:"
P2_065NA,""
P2_066N,"Total: / Not Hispanic or Latino: / Population of two or more races: / Population of five races: / White; Black or African American; American Indian and Alaska Native; Asian; Native Hawaiian and Other Pacific Islander"
P2_066NA,""
P2_067N,"Total: / Not Hispanic or Latino: / Population of two or more races: / Population of five races: / White; Black or African American; American Indian and Alaska Native; Asian; Some Other Race"
P2_067NA,""
P2_068N,"Total: / Not Hispanic or Latino: / Population of two or more races: / Population of five races: / White; Black or African American; American Indian and Alaska Native; Native Hawaiian and Other Pacific Islander; Some Other Race"
P2_068NA,""
P2_069N,"Total: / Not Hispanic or Latino: / Population of two or more races: / Population of five races: / White; Black or African American; Asian; Native Hawaiian and Other Pacific Islander; Some Other Race"
P2_069NA,""
P2_070N,"Total: / Not Hispanic or Latino: / Population of two or more races: / Population of five races: / White; American Indian and Alaska Native; Asian; Native Hawaiian and Other Pacific Islander; Some Other Race"
P2_070NA,""
P2_071N,"Total: / Not Hispanic or Latino: / Population of two or more races: / Population of five races: / Black or African American; American Indian and Alaska Native; Asian; Native Hawaiian and Other Pacific Islander; Some Other Race"
P2_071NA,""
P2_072N,"Total: / Not Hispanic or Latino: / Population of two or more races: / Population of six races:"
P2_072NA,""
P2_073N,"Total: / Not Hispanic or Latino: / Population of two or more races: / Population of six races: / White; Black or African American; American Indian and Alaska Native; Asian; Native Hawaiian and Other Pacific Islander; Some Other Race"
P2_073NA,""
P3_001N,"Total:"
P3_001NA,""
P3_002N,"Total: / Population of one race:"
P3_002NA,""
P3_003N,"Total: / Population of one race: / White alone"
P3_003NA,""
P3_004N,"Total: / Population of one race: / Black or African American alone"
P3_004NA,""
P3_005N,"Total: / Population of one race: / American Indian and Alaska Native alone"
P3_005NA,""
P3_006N,"Total: / Population of one race: / Asian alone"
P3_006NA,""
P3_007N,"Total: / Population of one race: / Native Hawaiian and Other Pacific Islander alone"
P3_007NA,""
P3_008N,"Total: / Population of one race: / Some Other Race alone"
P3_008NA,""
P3_009N,"Total: / Population of two or more races:"
P3_009NA,""
P3_010N,"Total: / Population of two or more races: / Population of two races:"
P3_010NA,""
P3_011N,"Total: / Population of two or more races: / Population of two races: / White; Black or African American"
P3_011NA,""
P3_012N,"Total: / Population of two or more races: / Population of two races: / White; American Indian and Alaska Native"
P3_012NA,""
P3_013N,"Total: / Population of two or more races: / Population of two races: / White; Asian"
P3_013NA,""
P3_014N,"Total: / Population of two or more races: / Population of two races: / White; Native Hawaiian and Other Pacific Islander"
P3_014NA,""
P3_015N,"Total: / Population of two or more races: / Population of two races: / White; Some Other Race"
P3_015NA,""
P3_016N,"Total: / Population of two or more races: / Population of two races: / Black or African American; American Indian and Alaska Native"
P3_016NA,""
P3_017N,"Total: / Population of two or more races: / Population of two races: / Black or African American; Asian"
P3_017NA,""
P3_018N,"Total: / Population of two or more races: / Population of two races: / Black or African American; Native Hawaiian and Other Pacific Islander"
P3_018NA,""
P3_019N,"Total: / Population of two or more races: / Population of two races: / Black or African American; Some Other Race"
P3_019NA,""
P3_020N,"Total: / Population of two or more races: / Population of two races: / American Indian and Alaska Native; Asian"
P3_020NA,""
P3_021N,"Total: / Population of two or more races: / Population of two races: / American Indian and Alaska Native; Native Hawaiian and Other Pacific Islander"
P3_021NA,""
P3_022N,"Total: / Population of two or more races: / Population of two races: / American Indian and Alaska Native; Some Other Race"
P3_022NA,""
P3_023N,"Total: / Population of two or more races: / Population of two races: / Asian; Native Hawaiian and Other Pacific Islander"
P3_023NA,""
P3_024N,"Total: / Population of two or more races: / Population of two races: / Asian; Some Other Race"
P3_024NA,""
P3_025N,"Total: / Population of two or more races: / Population of two races: / Native Hawaiian and Other Pacific Islander; Some Other Race"
P3_025NA,""
P3_026N,"Total: / Population of two or more races: / Population of three races:"
P3_026NA,""
P3_027N,"Total: / Population of two or more races: / Population of three races: / White; Black or African American; American Indian and Alaska Native"
P3_027NA,""
P3_028N,"Total: / Population of two or more races: / Population of three races: / White; Black or African American; Asian"
P3_028NA,""
P3_029N,"Total: / Population of two or more races: / Population of three races: / White; Black or African American; Native Hawaiian and Other Pacific Islander"
P3_029NA,""
P3_030N,"Total: / Population of two or more races: / Population of three races: / White; Black or African American; Some Other Race"
P3_030NA,""
P3_031N,"Total: / Population of two or more races: / Population of three races: / White; American Indian and Alaska Native; Asian"
P3_031NA,""
P3_032N,"Total: / Population of two or more races: / Population of three races: / White; American Indian and Alaska Native; Native Hawaiian and Other Pacific Islander"
P3_032NA,""
P3_033N,"Total: / Population of two or more races: / Population of three races: / White; American Indian and Alaska Native; Some Other Race"
P3_033NA,""
P3_034N,"Total: / Population of two or more races: / Population of three races: / White; Asian; Native Hawaiian and Other Pacific Islander"
P3_034NA,""
P3_035N,"Total: / Population of two or more races: / Population of three races: / White; Asian; Some Other Race"
P3_035NA,""
P3_036N,"Total: / Population of two or more races: / Population of three races: / White; Native Hawaiian and Other Pacific Islander; Some Other Race"
P3_036NA,""
P3_037N,"Total: / Population of two or more races: / Population of three races: / Black or African American; American Indian and Alaska Native; Asian"
P3_037NA,""
P3_038N,"Total: / Population of two or more races: / Population of three races: / Black or African American; American Indian and Alaska Native; Native Hawaiian and Other Pacific Islander"
P3_038NA,""
P3_039N,"Total: / Population of two or more races: / Population of three races: / Black or African American; American Indian and Alaska Native; Some Other Race"
P3_039NA,""
P3_040N,"Total: / Population of two or more races: / Population of three races: / Black or African American; Asian; Native Hawaiian and Other Pacific Islander"
P3_040NA,""
P3_041N,"Total: / Population of two or more races: / Population of three races: / Black or African American; Asian; Some Other Race"
P3_041NA,""
P3_042N,"Total: / Population of two or more races: / Population of three races: / Black or African American; Native Hawaiian and Other Pacific Islander; Some Other Race"
P3_042NA,""
P3_043N,"Total: / Population of two or more races: / Population of three races: / American Indian and Alaska Native; Asian; Native Hawaiian and Other Pacific Islander"
P3_043NA,""
P3_044N,"Total: / Population of two or more races: / Population of three races: / American Indian and Alaska Native; Asian; Some Other Race"
P3_044NA,""
P3_045N,"Total: / Population of two or more races: / Population of three races: / American Indian and Alaska Native; Native Hawaiian and Other Pacific Islander; Some Other Race"
P3_045NA,""
P3_046N,"Total: / Population of two or more races: / Population of three races: / Asian; Native Hawaiian and Other Pacific Islander; Some Other Race"
P3_046NA,""
P3_047N,"Total: / Population of two or more races: / Population of four races:"
P3_047NA,""
P3_048N,"Total: / Population of two or more races: / Population of four races: / White; Black or African American; American Indian and Alaska Native; Asian"
P3_048NA,""
P3_049N,"Total: / Population of two or more races: / Population of four races: / White; Black or African American; American Indian and Alaska Native; Native Hawaiian and Other Pacific Islander"
P3_049NA,""
P3_050N,"Total: / Population of two or more races: / Population of four races: / White; Black or African American; American Indian and Alaska Native; Some Other Race"
P3_050NA,""
P3_051N,"Total: / Population of two or more races: / Population of four races: / White; Black or African American; Asian; Native Hawaiian and Other Pacific Islander"
P3_051NA,""
P3_052N,"Total: / Population of two or more races: / Population of four races: / White; Black or African American; Asian; Some Other Race"
P3_052NA,""
P3_053N,"Total: / Population of two or more races: / Population of four races: / White; Black or African American; Native Hawaiian and Other Pacific Islander; Some Other Race"
P3_053NA,""
P3_054N,"Total: / Population of two or more races: / Population of four races: / White; American Indian and Alaska Native; Asian; Native Hawaiian and Other Pacific Islander"
P3_054NA,""
P3_055N,"Total: / Population of two or more races: / Population of four races: / White; American Indian and Alaska Native; Asian; Some Other Race"
P3_055NA,""
P3_056N,"Total: / Population of two or more races: / Population of four races: / White; American Indian and Alaska Native; Native Hawaiian and Other Pacific Islander; Some Other Race"
P3_056NA,""
P3_057N,"Total: / Population of two or more races: / Population of four races: / White; Asian; Native Hawaiian and Other Pacific Islander; Some Other Race"
P3_057NA,""
P3_058N,"Total: / Population of two or more races: / Population of four races: / Black or African American; American Indian and Alaska Native; Asian; Native Hawaiian and Other Pacific Islander"
P3_058NA,""
P3_059N,"Total: / Population of two or more races: / Population of four races: / Black or African American; American Indian and Alaska Native; Asian; Some Other Race"
P3_059NA,""
P3_060N,"Total: / Population of two or more races: / Population of four races: / Black or African American; American Indian and Alaska Native; Native Hawaiian and Other Pacific Islander; Some Other Race"
P3_060NA,""
P3_061N,"Total: / Population of two or more races: / Population of four races: / Black or African American; Asian; Native Hawaiian and Other Pacific Islander; Some Other Race"
P3_061NA,""
P3_062N,"Total: / Population of two or more races: / Population of four races: / American Indian and Alaska Native; Asian; Native Hawaiian and Other Pacific Islander; Some Other Race"
P3_062NA,""
P3_063N,"Total: / Population of two or more races: / Population of five races:"
P3_063NA,""
P3_064N,"Total: / Population of two or more races: / Population of five races: / White; Black or African American; American Indian and Alaska Native; Asian; Native Hawaiian and Other Pacific Islander"
P3_064NA,""
P3_065N,"Total: / Population of two or more races: / Population of five races: / White; Black or African American; American Indian and Alaska Native; Asian; Some Other Race"
P3_065NA,""
P3_066N,"Total: / Population of two or more races: / Population of five races: / White; Black or African American; American Indian and Alaska Native; Native Hawaiian and Other Pacific Islander; Some Other Race"
P3_066NA,""
P3_067N,"Total: / Population of two or more races: / Population of five races: / White; Black or African American; Asian; Native Hawaiian and Other Pacific Islander; Some Other Race"
P3_067NA,""
P3_068N,"Total: / Population of two or more races: / Population of five races: / White; American Indian and Alaska Native; Asian; Native Hawaiian and Other Pacific Islander; Some Other Race"
P3_068NA,""
P3_069N,"Total: / Population of two or more races: / Population of five races: / Black or African American; American Indian and Alaska Native; Asian; Native Hawaiian and Other Pacific Islander; Some Other Race"
P3_069NA,""
P3_070N,"Total: / Population of two or more races: / Population of six races:"
P3_070NA,""
P3_071N,"Total: / Population of two or more races: / Population of six races: / White; Black or African American; American Indian and Alaska Native; Asian; Native Hawaiian and Other Pacific Islander; Some Other Race"
P3_071NA,""
