year,total,white,black,hisp,aapi,board_seats,at_large,residents_per_seat,cube_root_p,cube_root_resident_ratio
1870.0,3185.0,1075.0,2010.0,,,3.0,0.0,1061.6666666666667,14.713064726841388,216.47427365622406
1880.0,3887.0,1693.0,2194.0,,,3.0,0.0,1295.6666666666667,15.723100131656336,247.21587775009147
1890.0,4596.0,2195.0,2123.0,,,3.0,0.0,1532.0,16.626213000608118,276.4309587415906
1900.0,6430.0,3963.0,2437.0,,,3.0,0.0,2143.3333333333335,18.595320054319338,345.7859279225707
1910.0,10231.0,7586.0,2645.0,,,3.0,0.0,3410.3333333333335,21.70897715171708,471.2796889737744
1920.0,16040.0,13530.0,2507.0,,,3.0,0.0,5346.666666666667,25.219402207422497,636.0182476997475
1930.0,26615.0,23269.0,3337.0,,,3.0,0.0,8871.666666666666,29.85672423186708,891.4239818577593
1940.0,57040.0,51998.0,5032.0,,,5.0,1.0,11408.0,38.49401154960525,1481.7889251811414
1950.0,135449.0,128780.0,6517.0,,57.0,5.0,1.0,27089.8,51.356087998605275,2637.4477745204913
1960.0,163401.0,154172.0,8590.0,,437.0,5.0,1.0,32680.2,54.67031421890801,2988.84325679414
1970.0,174284.0,161329.0,10076.0,1387.0,6315.0,5.0,1.0,34856.8,55.85805889852361,3120.122743910933
1980.0,152599.0,120250.0,14028.0,8863.0,6631.0,5.0,1.0,30519.8,53.43804514793312,2855.624669232539
1990.0,170936.0,118728.0,17940.0,23089.0,11560.0,5.0,1.0,34187.2,55.4980655657775,3080.0352815433357
2000.0,189453.0,114489.0,17705.0,35268.0,16346.0,5.0,1.0,37890.6,57.4337485211051,3298.6354691855427
2010.0,207627.0,132961.0,17088.0,31382.0,19895.0,5.0,1.0,41525.4,59.21448315597465,3506.355015429207
2020.0,238643.0,139653.0,20330.0,37362.0,27353.0,5.0,1.0,47728.6,62.02730327111375,3847.3863510867245
