id,subject,kind,owner,affects,question,settles
default-1931-1986,board,source,archive via County staff,board_race; board_gender,"1889–1986 is coded all-White on the ""first Black member since Reconstruction"" framing, and the five Reconstruction-era members rest on Hjerpe's reading of the 1880 manuscript census. What supports the default?","A reply to the two lists (ten members other than White, twelve women) from County staff or the Historical Society; the census linking checked by an RA following Hjerpe's method"
gender-from-names,board,source,RA,board_members.csv,"Gender is read from names and honorifics for every member no source describes.","A published statement per row of board_demographics.csv, an obituary or a profile"
roster-1912-1931,board,decision,Sally,board_members.csv; board_seats.csv,"No source names anyone for 1912–1931; the 1923 and 1927 names printed in the county's history are not entered because board_seats would read the surrounding years as unfilled.","Decide whether to decouple the roster from the counts and enter the five names; the Gazette and the Star for the rest"
schedule-1902,board,source,Sally or RA,board_members.csv,"Whether the November 1903 winners were seated that November or on 1 January 1904; the build says January on sec. 112.","The Schedule of the 1902 constitution (vaconstitution1902), at the Library of Virginia; the copy held stops at sec. 136"
surnames-from-1907,board,decision,Sally,board_members.csv,"From 1907 O'Leary gives surnames only, so Corbett and Duncan each appear as two people.","A joining rule (surname plus district plus continuity) or a note per case"
party-unlabelled,board,source,RA,board_party,"23 terms from 1932–1960 carry no party label; (Convention) 1955, (IM) 1954, Ricks and Brunner are unresolved.","One election's newspaper coverage per term on Virginia Chronicle; Felt's 1961 dissertation on ABC; a row per finding in board_party.csv"
party-before-1932,board,source,RA,board_party,"No party is attempted before 1932; the figure starts there with a gap.","A ticket per winner from the Alexandria Gazette's coverage of each May election, using O'Leary's dates"
bestebreurtje-p215,board,source,Sally + Alex,prose,"Which Bestebreurtje document p.215 is in (2017 dissertation or 2024 book), and whether it carries the 1930 candidacies of Harris, Morton and Mosley.","Reading the page; the dissertation is Bestebreurtje_gmu_0883E_11369.pdf, handle 1920/11125, at George Mason"
reporting-unfiled,board,source,RA,paper/sources.bib,"Ten pieces of reporting cited for party are web pages annotated ""not yet filed"".","File each in the Drive documents folder and update its entry"
twps0076-citation,residents,source,Sally,residents_by_race,"POP-TWPS0076 (censusbureau1990twps76) has no front matter; its title and number are read off the table header and the file path, and the entry is provisional.","The paper's own title page, or a footnote in the report saying what is held; code/tests.py requires this row while the entry is provisional"
seats-that-exist,residents,decision,Sally,residents_per_seat,"The figure divides by the seats that exist, not the seats filled; in 1873 and 1990 each serving member represented more people than it shows.","Decide whether the growth figure may depend on the roster"
retrocession-date,residents,decision,Sally,prose,"Retrocession is dated 1846 (the act of Congress) or 1847 (Virginia's acceptance).","Pick one and name the event"
peer-localities,residents,scope,Sally,new figure,"Whether the report compares Arlington's residents per member to peer localities, and which peer class (Virginia cities of its size, or counties).","Decide the class; the 2023 Richmond Charter Review Commission report lists the cities; counties would be keyed by hand; a new source under data/"
referendum-1938-margin,voters,source,Sally,prose,"The county's history gives the 1938 referendum as 1,539–1,487 and the Sun as 1,540–1,479 (unofficial).","The Electoral Board's canvass; meanwhile the county's figure, with the source named"
voters-2023-labels,voters,source,RA,voters_board,"The non-Democratic County Board candidates since 2023 carry no party in the state file and show as not recorded.","Ballots or press; a few rows"
president-figure-form,voters,decision,Sally,voters_president,"Whether to show the two-party share alone instead of three stacked bands, and whether the pre-1924 nominees should be a source rather than a table in the build.","Render the two-line version and compare"
adults-before-1980,voters,source,RA,turnout,"The share panel starts in 1980 because no earlier count of adults is held.","The 1930–1970 state census volumes' population 21 and over (18 from 1970), transcribed"
adults-after-2020,voters,decision,Sally,turnout,"The 2020 count of adults is carried forward, overstating the 2021–25 shares a little.","Decide whether to add the Bureau's annual estimates as a second source for one column"
registration-before-2010,voters,source,archive,turnout,"Registration is a fifteen-year series because nothing before 2010 is online.","The State Board of Elections' printed annual reports"
ballots-cast,voters,source,Sally,turnout,"Votes per seat stands in for ballots cast, understating two-seat years by up to half.","The state's precinct turnout files for 2009–2022, if their repeated rows are understood; the Electoral Board's canvass before that"
revive-figures,board,scope,Sally + Alex,new figure,"Whether any set-aside figure comes back: a three-panel version with census, Board race and Board gender, or a broken-axis residents chart. All in git history.","Decide once the outline settles which sections have room"
