P003001,P003002,P003003,P003004,P003005,P003006,P003007,P003008,NAME,state,county
33164,21662,9303,135,183,40,1302,539,"Accomack County, Virginia",51,001
98970,79738,9600,252,4625,52,2325,2378,"Albemarle County, Virginia",51,003
139966,85186,30491,589,8432,141,9902,5225,"Alexandria city, Virginia",51,510
16250,15145,761,29,37,11,47,220,"Alleghany County, Virginia",51,005
12690,9332,2932,56,27,4,160,179,"Amelia County, Virginia",51,007
32353,24829,6148,298,154,7,229,688,"Amherst County, Virginia",51,009
14973,11597,3007,32,35,4,49,249,"Appomattox County, Virginia",51,011
207627,148970,17632,971,19931,171,12175,7777,"Arlington County, Virginia",51,013
73750,68848,2930,160,368,15,518,911,"Augusta County, Virginia",51,015
4731,4432,222,5,7,0,27,38,"Bath County, Virginia",51,017
68676,62775,3942,181,707,14,266,791,"Bedford County, Virginia",51,019
6222,4755,1256,13,41,1,37,119,"Bedford city, Virginia",51,515
6824,6517,228,1,18,1,10,49,"Bland County, Virginia",51,021
33148,31469,1005,87,175,3,63,346,"Botetourt County, Virginia",51,023
17835,16214,1009,52,122,4,92,342,"Bristol city, Virginia",51,520
17434,7048,9992,39,49,7,135,164,"Brunswick County, Virginia",51,025
24098,23271,616,19,53,2,24,113,"Buchanan County, Virginia",51,027
17146,10644,6014,44,63,2,103,276,"Buckingham County, Virginia",51,029
6650,6050,347,73,29,12,28,111,"Buena Vista city, Virginia",51,530
54842,45024,7767,143,546,16,419,927,"Campbell County, Virginia",51,031
28545,18649,8375,213,178,22,273,835,"Caroline County, Virginia",51,033
30042,29168,178,66,53,5,386,186,"Carroll County, Virginia",51,035
7256,2970,3513,512,25,5,40,191,"Charles City County, Virginia",51,036
12586,8467,3751,35,26,0,135,172,"Charlotte County, Virginia",51,037
43475,30031,8437,116,2771,17,794,1309,"Charlottesville city, Virginia",51,540
222209,139012,66237,871,6383,169,2760,6777,"Chesapeake city, Virginia",51,550
316236,215954,69412,1210,10294,201,10802,8363,"Chesterfield County, Virginia",51,041
14034,12662,746,41,126,7,180,272,"Clarke County, Virginia",51,043
17411,14326,1783,68,578,8,258,390,"Colonial Heights city, Virginia",51,570
5961,5014,746,18,34,0,33,116,"Covington city, Virginia",51,580
5190,5122,5,12,8,0,6,37,"Craig County, Virginia",51,045
46689,35058,7368,193,607,38,2131,1294,"Culpeper County, Virginia",51,047
10052,6427,3278,40,35,0,78,194,"Cumberland County, Virginia",51,049
43055,20531,20795,75,403,11,664,576,"Danville city, Virginia",51,590
15903,15712,51,24,18,0,26,72,"Dickenson County, Virginia",51,051
28001,17899,9204,92,122,8,268,408,"Dinwiddie County, Virginia",51,053
5927,1937,3706,19,43,4,127,91,"Emporia city, Virginia",51,595
11151,6370,4247,60,86,3,150,235,"Essex County, Virginia",51,057
1081726,677990,99218,3884,189661,864,66194,43915,"Fairfax County, Virginia",51,059
22565,15706,1071,111,3432,14,1323,908,"Fairfax city, Virginia",51,600
12332,9853,532,33,1162,4,259,489,"Falls Church city, Virginia",51,610
65203,55607,5321,244,836,40,1592,1563,"Fauquier County, Virginia",51,061
15279,14660,280,20,35,1,117,166,"Floyd County, Virginia",51,063
25691,20743,3938,49,147,10,258,546,"Fluvanna County, Virginia",51,065
56159,49699,4575,150,252,15,781,687,"Franklin County, Virginia",51,067
8582,3380,4884,28,64,2,59,165,"Franklin city, Virginia",51,620
78305,69934,3175,234,969,34,2379,1580,"Frederick County, Virginia",51,069
24286,15596,5498,100,689,17,1437,949,"Fredericksburg city, Virginia",51,630
7042,6044,439,7,37,8,363,144,"Galax city, Virginia",51,640
17286,16723,261,21,55,0,62,164,"Giles County, Virginia",51,071
36858,32149,3197,139,286,15,208,864,"Gloucester County, Virginia",51,073
21717,16820,4180,54,225,4,170,264,"Goochland County, Virginia",51,075
15533,14802,320,31,16,3,224,137,"Grayson County, Virginia",51,077
18403,16123,1167,43,258,3,400,409,"Greene County, Virginia",51,079
12243,4718,7321,24,35,1,41,103,"Greensville County, Virginia",51,081
36241,22011,13293,103,133,6,300,395,"Halifax County, Virginia",51,083
137436,58642,68104,594,2992,154,1826,5124,"Hampton city, Virginia",51,650
99863,86550,9304,368,1351,39,751,1500,"Hanover County, Virginia",51,085
48914,38371,3112,127,1718,62,4030,1494,"Harrisonburg city, Virginia",51,660
306935,181719,90669,1012,20052,127,6157,7199,"Henrico County, Virginia",51,087
54151,39487,11841,97,237,4,1643,842,"Henry County, Virginia",51,089
2321,2289,6,5,4,0,12,5,"Highland County, Virginia",51,091
22591,12515,8367,87,181,24,697,720,"Hopewell city, Virginia",51,670
35270,25318,8712,126,281,15,191,627,"Isle of Wight County, Virginia",51,093
67009,53792,8805,197,1506,55,924,1730,"James City County, Virginia",51,095
23584,18089,4214,122,274,12,184,689,"King George County, Virginia",51,099
15935,12297,2819,231,118,3,99,368,"King William County, Virginia",51,101
6945,4663,1975,111,17,0,55,124,"King and Queen County, Virginia",51,097
11391,7989,3184,21,65,0,26,106,"Lancaster County, Virginia",51,103
25587,24092,947,103,56,8,147,234,"Lee County, Virginia",51,105
7042,6003,680,8,155,4,64,128,"Lexington city, Virginia",51,678
312311,214471,22710,914,46033,184,15424,12575,"Loudoun County, Virginia",51,107
33153,25996,5870,123,160,16,225,763,"Louisa County, Virginia",51,109
12914,7856,4487,37,25,7,287,215,"Lunenburg County, Virginia",51,111
75568,48674,22140,237,1868,37,950,1662,"Lynchburg city, Virginia",51,680
13308,11543,1302,23,74,4,64,298,"Madison County, Virginia",51,113
14273,7985,1852,56,1281,20,2304,775,"Manassas Park city, Virginia",51,685
37821,23336,5188,229,1884,52,5503,1629,"Manassas city, Virginia",51,683
13821,6903,6213,27,129,1,281,267,"Martinsville city, Virginia",51,690
8978,7898,823,21,31,2,30,173,"Mathews County, Virginia",51,115
32727,19619,12050,75,218,11,275,479,"Mecklenburg County, Virginia",51,117
10959,8680,1978,36,37,3,58,167,"Middlesex County, Virginia",51,119
94392,82643,3716,204,5112,30,716,1971,"Montgomery County, Virginia",51,121
15020,12509,1967,48,68,4,172,252,"Nelson County, Virginia",51,125
18429,15057,2484,194,162,3,98,431,"New Kent County, Virginia",51,127
180719,88518,73514,851,4956,315,4850,7715,"Newport News city, Virginia",51,700
242803,114304,104672,1200,7999,396,5407,8825,"Norfolk city, Virginia",51,710
12389,7168,4528,27,83,13,393,177,"Northampton County, Virginia",51,131
12330,8801,3123,21,37,2,196,150,"Northumberland County, Virginia",51,133
3958,3510,250,5,56,0,42,95,"Norton city, Virginia",51,720
15853,8968,6227,59,50,5,339,205,"Nottoway County, Virginia",51,135
33481,27584,4256,94,246,20,462,819,"Orange County, Virginia",51,137
24042,23063,466,42,71,7,120,273,"Page County, Virginia",51,139
18490,16847,1085,52,42,0,254,210,"Patrick County, Virginia",51,141
32420,5217,25646,97,267,19,597,577,"Petersburg city, Virginia",51,730
63506,47918,14018,151,181,18,525,695,"Pittsylvania County, Virginia",51,143
12150,11557,78,38,260,3,39,175,"Poquoson city, Virginia",51,735
95535,39701,50878,421,1019,112,916,2488,"Portsmouth city, Virginia",51,740
28046,23515,3822,77,132,10,154,336,"Powhatan County, Virginia",51,145
23368,14796,7756,69,205,16,161,365,"Prince Edward County, Virginia",51,147
35725,21845,11429,207,543,106,577,1018,"Prince George County, Virginia",51,149
402002,232401,81196,2392,30317,525,34671,20500,"Prince William County, Virginia",51,153
34872,32250,1757,64,179,7,116,499,"Pulaski County, Virginia",51,155
16408,14273,1279,33,256,5,156,406,"Radford city, Virginia",51,750
7373,6834,321,18,39,3,37,121,"Rappahannock County, Virginia",51,157
9254,6001,2804,34,40,2,234,139,"Richmond County, Virginia",51,159
204214,83288,103342,705,4750,158,7331,4640,"Richmond city, Virginia",51,760
92376,83140,4643,137,2466,27,535,1428,"Roanoke County, Virginia",51,161
97032,62343,27612,279,1704,53,2299,2742,"Roanoke city, Virginia",51,770
22307,21097,594,106,104,3,86,317,"Rockbridge County, Virginia",51,163
76314,71182,1273,209,460,10,2099,1081,"Rockingham County, Virginia",51,165
28897,28270,233,55,53,1,117,168,"Russell County, Virginia",51,167
24802,21872,1763,62,402,6,323,374,"Salem city, Virginia",51,775
23177,22700,135,52,36,12,91,151,"Scott County, Virginia",51,169
41993,39070,734,101,217,7,1185,679,"Shenandoah County, Virginia",51,171
32208,30847,640,42,82,3,287,307,"Smyth County, Virginia",51,173
18570,11215,6916,62,46,6,64,261,"Southampton County, Virginia",51,175
122397,92452,18671,397,2825,143,3851,4058,"Spotsylvania County, Virginia",51,177
128961,93483,21881,576,3620,164,4120,5117,"Stafford County, Virginia",51,179
23746,19874,2885,48,185,7,189,558,"Staunton city, Virginia",51,790
84585,44197,36120,268,1350,54,648,1948,"Suffolk city, Virginia",51,800
7058,3618,3254,21,24,2,21,118,"Surry County, Virginia",51,181
12087,4747,7023,23,48,0,154,92,"Sussex County, Virginia",51,183
45078,42868,1333,57,289,6,98,427,"Tazewell County, Virginia",51,185
437994,296670,85935,1685,26769,657,8622,17656,"Virginia Beach city, Virginia",51,810
37575,34144,1736,130,360,10,376,819,"Warren County, Virginia",51,187
54876,53249,690,99,203,16,235,384,"Washington County, Virginia",51,191
21006,17274,2229,58,154,5,605,681,"Waynesboro city, Virginia",51,820
17454,11501,4891,73,99,5,495,390,"Westmoreland County, Virginia",51,193
14068,10407,1968,38,808,5,353,489,"Williamsburg city, Virginia",51,830
26203,19532,2864,93,611,4,2299,800,"Winchester city, Virginia",51,840
41452,38561,2137,53,141,2,173,385,"Wise County, Virginia",51,195
29235,27790,818,41,128,4,110,344,"Wythe County, Virginia",51,197
65464,50031,8751,251,3205,99,884,2243,"York County, Virginia",51,199
